Timestamp,Zone,Temperature(C),Humidity(%),Pressure(hPa),Altitude(m),Light(lx),Sound(dB)
Time Sync Error,ZONE_A,0.00,0.00,0.00,0.00,4380.00,48.0
Time Sync Error,ZONE_A,0.00,0.00,0.00,0.00,4325.00,54.0
Time Sync Error,ZONE_A,0.00,0.00,0.00,0.00,4272.50,45.0
Time Sync Error,ZONE_A,0.00,0.00,0.00,0.00,4225.00,60.0
Time Sync Error,ZONE_A,0.00,0.00,0.00,0.00,4177.50,51.0
Time Sync Error,ZONE_A,0.00,0.00,0.00,0.00,4133.33,52.0
Time Sync Error,ZONE_A,0.00,0.00,0.00,0.00,4092.50,57.0
Time Sync Error,ZONE_A,0.00,0.00,0.00,0.00,4050.83,53.0
Time Sync Error,ZONE_A,0.00,0.00,0.00,0.00,4009.17,52.0
Time Sync Error,ZONE_A,0.00,0.00,0.00,0.00,3970.00,53.0
Time Sync Error,ZONE_A,0.00,0.00,0.00,0.00,3930.83,69.0
Time Sync Error,ZONE_A,0.00,0.00,0.00,0.00,3893.33,56.0
Time Sync Error,ZONE_A,0.00,0.00,0.00,0.00,3855.00,53.0
Time Sync Error,ZONE_A,0.00,0.00,0.00,0.00,3819.17,57.0
Time Sync Error,ZONE_A,0.00,0.00,0.00,0.00,3784.17,61.0
Time Sync Error,ZONE_A,0.00,0.00,0.00,0.00,3750.00,47.0
Time Sync Error,ZONE_A,0.00,0.00,0.00,0.00,3716.67,46.0
Time Sync Error,ZONE_A,0.00,0.00,0.00,0.00,3683.33,67.0
Time Sync Error,ZONE_A,0.00,0.00,0.00,0.00,3655.83,61.0
Time Sync Error,ZONE_A,0.00,0.00,0.00,0.00,3626.67,69.0
Time Sync Error,ZONE_A,0.00,0.00,0.00,0.00,3603.33,56.0
Time Sync Error,ZONE_A,0.00,0.00,0.00,0.00,3578.33,61.0
Time Sync Error,ZONE_A,0.00,0.00,0.00,0.00,3549.17,62.0
Time Sync Error,ZONE_A,0.00,0.00,0.00,0.00,3530.00,54.0
Time Sync Error,ZONE_A,0.00,0.00,0.00,0.00,3502.50,68.0
Time Sync Error,ZONE_A,0.00,0.00,0.00,0.00,3480.83,63.0
Time Sync Error,ZONE_A,0.00,0.00,0.00,0.00,3462.50,49.0
Time Sync Error,ZONE_A,0.00,0.00,0.00,0.00,3448.33,68.0
Time Sync Error,ZONE_A,0.00,0.00,0.00,0.00,3433.33,64.0
Time Sync Error,ZONE_A,0.00,0.00,0.00,0.00,3420.00,61.0
Time Sync Error,ZONE_A,0.00,0.00,0.00,0.00,562.50,59.0
Time Sync Error,ZONE_A,0.00,0.00,0.00,0.00,563.33,72.0
Time Sync Error,ZONE_A,0.00,0.00,0.00,0.00,560.83,46.0
Time Sync Error,ZONE_A,0.00,0.00,0.00,0.00,560.00,62.0
Time Sync Error,ZONE_A,0.00,0.00,0.00,0.00,558.33,61.0
Time Sync Error,ZONE_A,0.00,0.00,0.00,0.00,556.67,57.0
Time Sync Error,ZONE_A,0.00,0.00,0.00,0.00,559.17,55.0
Time Sync Error,ZONE_A,0.00,0.00,0.00,0.00,562.50,54.0
Time Sync Error,ZONE_A,0.00,0.00,0.00,0.00,573.33,62.0
Time Sync Error,ZONE_A,0.00,0.00,0.00,0.00,575.00,59.0
Time Sync Error,ZONE_A,0.00,0.00,0.00,0.00,560.83,64.0
Time Sync Error,ZONE_A,0.00,0.00,0.00,0.00,562.50,54.0
Time Sync Error,ZONE_A,0.00,0.00,0.00,0.00,562.50,60.0
Time Sync Error,ZONE_A,0.00,0.00,0.00,0.00,564.17,41.0
Time Sync Error,ZONE_A,0.00,0.00,0.00,0.00,568.33,55.0
Time Sync Error,ZONE_A,0.00,0.00,0.00,0.00,570.00,51.0
Time Sync Error,ZONE_A,0.00,0.00,0.00,0.00,572.50,53.0
Time Sync Error,ZONE_A,0.00,0.00,0.00,0.00,575.83,51.0
Time Sync Error,ZONE_A,0.00,0.00,0.00,0.00,578.33,62.0
Time Sync Error,ZONE_A,0.00,0.00,0.00,0.00,592.50,49.0
Time Sync Error,ZONE_A,0.00,0.00,0.00,0.00,580.83,52.0
Time Sync Error,ZONE_A,0.00,0.00,0.00,0.00,591.67,61.0
Time Sync Error,ZONE_A,0.00,0.00,0.00,0.00,628.33,59.0
Time Sync Error,ZONE_A,0.00,0.00,0.00,0.00,589.17,56.0
Time Sync Error,ZONE_A,0.00,0.00,0.00,0.00,600.00,55.0
Time Sync Error,ZONE_A,0.00,0.00,0.00,0.00,579.17,65.0
Time Sync Error,ZONE_A,0.00,0.00,0.00,0.00,734.17,52.0
Time Sync Error,ZONE_A,0.00,0.00,0.00,0.00,727.50,64.0
Time Sync Error,ZONE_A,0.00,0.00,0.00,0.00,733.33,69.0
Time Sync Error,ZONE_A,0.00,0.00,0.00,0.00,715.83,61.0
Time Sync Error,ZONE_A,0.00,0.00,0.00,0.00,653.33,60.0
Time Sync Error,ZONE_A,0.00,0.00,0.00,0.00,568.33,52.0
Time Sync Error,ZONE_A,0.00,0.00,0.00,0.00,833.33,62.0
Time Sync Error,ZONE_A,0.00,0.00,0.00,0.00,657.50,65.0
Time Sync Error,ZONE_A,0.00,0.00,0.00,0.00,575.83,66.0
Time Sync Error,ZONE_A,0.00,0.00,0.00,0.00,886.67,58.0
Time Sync Error,ZONE_A,0.00,0.00,0.00,0.00,1010.00,66.0
2026-08-19 14:48:48,ZONE_A,30.38,61.00,1000.81,93.71,620.83,59.0
2026-08-19 14:48:48,ZONE_A,30.40,61.00,1000.83,93.53,592.50,47.0
Time Sync Error,ZONE_A,30.40,60.00,1000.82,93.62,608.33,54.0
2026-08-19 14:48:57,ZONE_A,30.40,59.00,1000.83,93.54,610.83,38.0
2026-08-19 14:48:59,ZONE_A,30.39,58.00,1000.79,93.83,610.00,53.0
2026-08-19 14:49:01,ZONE_A,30.40,57.00,1000.86,93.31,612.50,54.0
2026-08-19 14:49:03,ZONE_A,30.40,57.00,1000.84,93.49,612.50,61.0
2026-08-19 14:49:05,ZONE_A,30.40,57.00,1000.83,93.56,613.33,58.0
2026-08-19 14:49:07,ZONE_A,30.40,57.00,1000.85,93.36,614.17,43.0
2026-08-19 14:49:09,ZONE_A,30.41,57.00,1000.84,93.48,615.00,46.0
2026-08-19 14:49:11,ZONE_A,30.40,57.00,1000.83,93.53,615.83,61.0
2026-08-19 14:49:13,ZONE_A,30.40,57.00,1000.81,93.71,614.17,57.0
2026-08-19 14:49:15,ZONE_A,30.41,57.00,1000.81,93.66,615.00,54.0
2026-08-19 14:49:17,ZONE_A,30.42,57.00,1000.78,93.98,614.17,64.0
2026-08-19 14:49:19,ZONE_A,30.42,57.00,1000.78,93.92,614.17,58.0
2026-08-19 14:49:21,ZONE_A,30.43,57.00,1000.83,93.56,613.33,65.0
2026-08-19 14:49:23,ZONE_A,30.42,57.00,1000.78,93.93,613.33,49.0
2026-08-19 14:49:25,ZONE_A,30.43,57.00,1000.84,93.41,612.50,62.0
2026-08-19 14:49:27,ZONE_A,30.43,57.00,1000.80,93.77,611.67,50.0
2026-08-19 14:49:29,ZONE_A,30.43,57.00,1000.83,93.56,610.83,55.0
2026-08-19 14:49:31,ZONE_A,30.44,57.00,1000.81,93.73,619.17,52.0
2026-08-19 14:49:33,ZONE_A,30.43,57.00,1000.83,93.51,619.17,50.0
2026-08-19 14:49:35,ZONE_A,30.43,57.00,1000.79,93.83,620.00,58.0
2026-08-19 14:49:37,ZONE_A,30.44,57.00,1000.82,93.62,614.17,61.0
2026-08-19 14:49:39,ZONE_A,30.44,57.00,1000.82,93.59,591.67,63.0
2026-08-19 14:49:41,ZONE_A,30.45,57.00,1000.81,93.62,515.83,58.0
2026-08-19 14:49:43,ZONE_A,30.45,57.00,1000.80,93.81,534.17,53.0
2026-08-19 14:49:45,ZONE_A,30.45,57.00,1000.79,93.86,608.33,51.0
2026-08-19 14:49:47,ZONE_A,30.45,57.00,1000.79,93.87,464.17,46.0
2026-08-19 14:49:49,ZONE_A,30.46,57.00,1000.80,93.80,614.17,54.0
2026-08-19 14:49:51,ZONE_A,30.46,57.00,1000.79,93.90,794.17,56.0
2026-08-19 14:49:53,ZONE_A,30.46,57.00,1000.79,93.88,998.33,62.0
2026-08-19 14:49:55,ZONE_A,30.45,57.00,1000.80,93.81,2638.33,63.0
2026-08-19 14:49:57,ZONE_A,30.47,57.00,1000.79,93.84,616.67,65.0
2026-08-19 14:49:59,ZONE_A,30.46,57.00,1000.82,93.58,532.50,60.0
2026-08-19 14:50:01,ZONE_A,30.47,57.00,1000.81,93.71,615.00,60.0
2026-08-19 14:50:03,ZONE_A,30.46,57.00,1000.81,93.71,620.00,53.0
2026-08-19 14:50:05,ZONE_A,30.45,57.00,1000.78,93.92,620.00,56.0
2026-08-19 14:50:07,ZONE_A,30.45,57.00,1000.78,93.92,618.33,58.0
Time Sync Error,ZONE_A,30.27,56.00,1000.78,93.97,519.17,58.0
Time Sync Error,ZONE_A,30.30,56.00,1000.78,93.93,605.00,60.0
Time Sync Error,ZONE_A,30.31,56.00,1000.77,94.01,604.17,52.0
Time Sync Error,ZONE_A,30.31,56.00,1000.77,94.05,607.50,53.0
Time Sync Error,ZONE_A,30.34,56.00,1000.76,94.14,609.17,61.0
Time Sync Error,ZONE_A,30.36,56.00,1000.76,94.16,610.83,52.0
Time Sync Error,ZONE_A,30.36,56.00,1000.79,93.90,609.17,56.0
Time Sync Error,ZONE_A,30.36,56.00,1000.76,94.05,600.00,54.0
Time Sync Error,ZONE_A,30.34,56.00,1000.77,94.06,615.83,58.0
Time Sync Error,ZONE_A,30.35,56.00,1000.75,94.23,615.00,62.0
Time Sync Error,ZONE_A,30.35,56.00,1000.77,94.05,615.83,65.0
Time Sync Error,ZONE_A,30.34,56.00,1000.74,94.26,620.00,55.0
Time Sync Error,ZONE_A,30.34,56.00,1000.77,94.08,535.00,64.0
Time Sync Error,ZONE_A,30.36,56.00,1000.73,94.36,622.50,47.0
Time Sync Error,ZONE_A,30.36,56.00,1000.72,94.48,623.33,53.0
Time Sync Error,ZONE_A,30.37,56.00,1000.74,94.26,624.17,52.0
2026-08-19 15:39:04,ZONE_A,30.42,63.00,1000.19,98.91,177.50,46.0
2026-08-19 15:39:05,ZONE_A,30.42,63.00,1000.17,99.07,156.67,50.0
2026-08-19 15:39:07,ZONE_A,30.43,63.00,1000.15,99.23,334.17,53.0
2026-08-19 15:39:09,ZONE_A,30.43,63.00,1000.18,99.03,384.17,53.0
2026-08-19 15:39:11,ZONE_A,30.43,63.00,1000.14,99.34,384.17,53.0
2026-08-19 15:39:13,ZONE_A,30.44,63.00,1000.20,98.87,384.17,55.0
2026-08-19 15:39:15,ZONE_A,30.44,63.00,1000.20,98.87,383.33,63.0
2026-08-19 15:39:17,ZONE_A,30.44,64.00,1000.21,98.72,383.33,57.0
2026-08-19 15:39:19,ZONE_A,30.44,64.00,1000.20,98.84,385.00,49.0
2026-08-19 15:39:21,ZONE_A,30.45,64.00,1000.22,98.66,385.00,49.0
2026-08-19 15:39:23,ZONE_A,30.44,64.00,1000.19,98.88,385.83,59.0
2026-08-19 15:39:25,ZONE_A,30.45,64.00,1000.19,98.90,387.50,50.0
2026-08-19 15:39:27,ZONE_A,30.44,64.00,1000.17,99.07,386.67,54.0
2026-08-19 15:39:29,ZONE_A,30.46,64.00,1000.20,98.81,389.17,56.0
2026-08-19 15:39:31,ZONE_A,30.46,64.00,1000.23,98.54,391.67,51.0
2026-08-19 15:39:33,ZONE_A,30.46,63.00,1000.17,99.06,192.50,61.0
2026-08-19 15:39:35,ZONE_A,30.46,63.00,1000.16,99.17,279.17,57.0
2026-08-19 15:39:37,ZONE_A,30.45,63.00,1000.16,99.18,278.33,66.0
2026-08-19 15:39:39,ZONE_A,30.45,63.00,1000.17,99.11,284.17,56.0
Time Sync Error,ZONE_A,30.46,64.00,1000.18,98.99,339.17,54.0
Time Sync Error,ZONE_A,30.48,64.00,1000.18,99.03,388.33,55.0
Time Sync Error,ZONE_A,30.49,64.00,1000.18,98.98,389.17,48.0
Time Sync Error,ZONE_A,30.50,64.00,1000.14,99.38,278.33,56.0
Time Sync Error,ZONE_A,30.53,64.00,1000.17,99.07,382.50,57.0
Time Sync Error,ZONE_A,30.55,64.00,1000.20,98.80,381.67,54.0
Time Sync Error,ZONE_A,30.57,64.00,1000.16,99.11,474.17,64.0
Time Sync Error,ZONE_A,30.56,64.00,1000.13,99.39,471.67,61.0
Time Sync Error,ZONE_A,30.61,64.00,1000.18,98.96,475.83,49.0
Time Sync Error,ZONE_A,30.63,64.00,1000.18,99.02,469.17,62.0
Time Sync Error,ZONE_A,30.64,64.00,1000.17,99.05,471.67,59.0
Time Sync Error,ZONE_A,30.65,64.00,1000.16,99.19,476.67,58.0
Time Sync Error,ZONE_A,30.67,64.00,1000.14,99.30,482.50,49.0
Time Sync Error,ZONE_A,30.74,64.00,1000.13,99.41,495.83,58.0
Time Sync Error,ZONE_A,30.75,64.00,1000.09,99.73,485.83,62.0
Time Sync Error,ZONE_A,30.75,64.00,1000.11,99.59,491.67,55.0
Time Sync Error,ZONE_A,30.75,65.00,1000.09,99.75,510.83,58.0
Time Sync Error,ZONE_A,30.76,65.00,1000.11,99.59,518.33,43.0
Time Sync Error,ZONE_A,30.76,65.00,1000.11,99.61,518.33,63.0
Time Sync Error,ZONE_A,30.77,65.00,1000.08,99.80,530.00,65.0
Time Sync Error,ZONE_A,30.78,65.00,1000.10,99.67,519.17,58.0
Time Sync Error,ZONE_A,30.78,65.00,1000.06,99.98,385.00,53.0
Time Sync Error,ZONE_A,30.80,65.00,1000.08,99.82,317.50,58.0
Time Sync Error,ZONE_A,30.82,65.00,1000.09,99.74,490.00,52.0
Time Sync Error,ZONE_A,30.82,65.00,1000.08,99.83,397.50,56.0
Time Sync Error,ZONE_A,30.81,65.00,1000.07,99.92,190.83,57.0
Time Sync Error,ZONE_A,30.83,65.00,1000.11,99.60,439.17,53.0
Time Sync Error,ZONE_A,30.83,65.00,1000.09,99.76,414.17,54.0
Time Sync Error,ZONE_A,30.83,66.00,1000.10,99.69,501.67,52.0
Time Sync Error,ZONE_A,30.84,66.00,1000.02,100.35,292.50,56.0
Time Sync Error,ZONE_A,30.84,66.00,1000.05,100.09,338.33,58.0
Time Sync Error,ZONE_A,30.83,66.00,1000.05,100.10,378.33,58.0
2026-08-19 15:45:54,ZONE_A,30.92,66.00,1000.03,100.22,512.50,47.0
2026-08-19 15:45:54,ZONE_A,30.91,66.00,1000.03,100.26,511.67,57.0
2026-08-19 15:45:56,ZONE_A,30.92,66.00,1000.02,100.39,510.00,57.0
2026-08-19 15:45:58,ZONE_A,30.93,66.00,1000.04,100.16,507.50,56.0
2026-08-19 15:46:00,ZONE_A,30.92,66.00,1000.04,100.19,501.67,61.0
2026-08-19 15:46:02,ZONE_A,30.94,66.00,1000.04,100.17,372.50,30.0
2026-08-19 15:46:04,ZONE_A,30.94,66.00,1000.03,100.29,420.00,53.0
2026-08-19 15:46:06,ZONE_A,30.96,66.00,1000.07,99.94,419.17,49.0
2026-08-19 15:46:08,ZONE_A,30.97,66.00,1000.05,100.13,484.17,58.0
2026-08-19 15:46:10,ZONE_A,30.98,66.00,1000.06,99.99,793.33,55.0
2026-08-19 15:46:12,ZONE_A,30.99,66.00,1000.05,100.12,855.83,52.0
2026-08-19 15:46:14,ZONE_A,30.99,67.00,1000.03,100.27,410.83,45.0
2026-08-19 15:46:16,ZONE_A,31.00,67.00,1000.03,100.26,368.33,63.0
2026-08-19 15:46:44,ZONE_A,30.93,66.00,1000.02,100.33,331.67,51.0
2026-08-19 15:46:45,ZONE_A,30.94,66.00,1000.02,100.34,335.00,57.0
2026-08-19 15:46:47,ZONE_A,30.95,66.00,1000.00,100.50,542.50,56.0
2026-08-19 15:46:49,ZONE_A,30.92,66.00,999.97,100.79,381.67,57.0
2026-08-19 15:46:51,ZONE_A,30.89,66.00,1000.01,100.45,137.50,55.0
2026-08-19 15:46:53,ZONE_A,30.90,66.00,1000.00,100.52,150.83,55.0
2026-08-19 15:46:55,ZONE_A,30.89,66.00,999.99,100.62,149.17,58.0
2026-08-19 15:46:57,ZONE_A,30.86,66.00,999.98,100.66,190.00,64.0
2026-08-19 15:46:59,ZONE_A,30.88,66.00,999.97,100.79,125.83,59.0
2026-08-19 15:47:01,ZONE_A,30.88,66.00,1000.01,100.42,74.17,60.0
2026-08-19 15:47:03,ZONE_A,30.90,66.00,999.99,100.56,83.33,60.0
2026-08-19 15:47:05,ZONE_A,30.87,66.00,1000.00,100.49,75.00,52.0
2026-08-19 15:47:07,ZONE_A,30.87,66.00,1000.00,100.51,68.33,54.0
2026-08-19 15:47:09,ZONE_A,30.86,66.00,999.99,100.60,207.50,30.0
2026-08-19 15:47:11,ZONE_A,30.87,66.00,999.97,100.73,543.33,50.0
2026-08-19 15:47:13,ZONE_A,30.89,66.00,999.95,100.93,865.00,64.0
2026-08-19 15:47:15,ZONE_A,30.88,66.00,1000.02,100.36,1105.83,53.0
2026-08-19 15:47:17,ZONE_A,30.89,66.00,999.99,100.56,1261.67,60.0
2026-08-19 15:47:19,ZONE_A,30.90,66.00,1000.00,100.52,1500.00,53.0
2026-08-19 15:47:21,ZONE_A,30.89,66.00,1000.04,100.20,2776.67,54.0
2026-08-19 15:47:23,ZONE_A,30.92,67.00,1000.04,100.19,6836.67,56.0
2026-08-19 15:47:25,ZONE_A,30.98,67.00,1000.07,99.94,7605.83,57.0
2026-08-19 15:47:27,ZONE_A,31.00,68.00,1000.07,99.90,9623.33,59.0
2026-08-19 15:47:29,ZONE_A,31.07,69.00,1000.18,99.00,17415.00,84.0
2026-08-19 15:47:31,ZONE_A,31.12,69.00,1000.19,98.95,25509.17,52.0
2026-08-19 15:47:33,ZONE_A,31.25,70.00,1000.17,98.96,26052.50,54.0
2026-08-19 15:47:35,ZONE_A,31.32,71.00,1000.22,98.68,34873.33,51.0
2026-08-19 15:47:37,ZONE_A,31.33,72.00,1000.20,98.86,26020.00,72.0
2026-08-19 15:47:39,ZONE_A,31.41,72.00,1000.23,98.55,28465.83,47.0
2026-08-19 15:47:41,ZONE_A,31.55,72.00,1000.26,98.35,25714.17,48.0
2026-08-19 15:47:43,ZONE_A,31.60,72.00,1000.22,98.69,26600.83,51.0
2026-08-19 15:47:45,ZONE_A,31.69,72.00,1000.23,98.55,22290.83,64.0
2026-08-19 15:47:47,ZONE_A,31.75,72.00,1000.24,98.47,21998.33,57.0
2026-08-19 15:47:49,ZONE_A,31.75,72.00,1000.22,98.66,24363.33,61.0
2026-08-19 15:47:51,ZONE_A,31.81,72.00,1000.23,98.62,22143.33,58.0
2026-08-19 15:47:53,ZONE_A,31.78,72.00,1000.23,98.58,20599.17,58.0
2026-08-19 15:47:55,ZONE_A,31.72,72.00,1000.25,98.41,21250.83,56.0
2026-08-19 15:47:57,ZONE_A,31.64,72.00,1000.55,95.85,39415.00,87.0
2026-08-19 15:47:59,ZONE_A,31.63,72.00,1000.75,94.24,43110.00,53.0
2026-08-19 15:48:01,ZONE_A,31.71,72.00,1000.77,94.04,49943.33,69.0
2026-08-19 15:48:03,ZONE_A,31.86,72.00,1000.53,96.05,45235.83,55.0
2026-08-19 15:48:05,ZONE_A,31.99,72.00,1000.30,97.99,46775.00,53.0
2026-08-19 15:48:07,ZONE_A,32.13,72.00,1000.47,96.53,42455.00,63.0
2026-08-19 15:48:09,ZONE_A,32.23,72.00,1000.40,97.11,26080.83,54.0
2026-08-19 15:48:11,ZONE_A,32.26,72.00,1000.30,98.00,23031.67,59.0
2026-08-19 15:48:13,ZONE_A,32.29,71.00,1000.38,97.30,23365.83,54.0
2026-08-19 15:48:15,ZONE_A,32.44,71.00,1000.52,96.14,51543.33,68.0
2026-08-19 15:48:17,ZONE_A,32.55,71.00,1000.64,95.14,54612.50,55.0
2026-08-19 15:48:19,ZONE_A,32.68,71.00,1000.36,97.47,31490.00,56.0
2026-08-19 15:48:21,ZONE_A,32.80,71.00,1000.36,97.52,34040.83,58.0
2026-08-19 15:48:23,ZONE_A,32.92,71.00,1000.34,97.67,34580.00,55.0
2026-08-19 15:48:25,ZONE_A,32.94,71.00,1000.33,97.78,35841.66,57.0
2026-08-19 15:48:27,ZONE_A,33.02,71.00,1000.35,97.57,31326.67,57.0
2026-08-19 15:48:29,ZONE_A,33.16,71.00,1000.36,97.49,31098.33,49.0
2026-08-19 15:48:31,ZONE_A,33.17,71.00,1000.25,98.43,27751.67,46.0
2026-08-19 15:48:33,ZONE_A,33.18,71.00,1000.23,98.58,26176.67,61.0
2026-08-19 15:48:35,ZONE_A,33.19,71.00,1000.27,98.22,29294.17,55.0
2026-08-19 15:48:37,ZONE_A,33.14,71.00,1000.22,98.65,24369.17,67.0
2026-08-19 15:48:39,ZONE_A,33.16,70.00,1000.25,98.40,23680.00,65.0
2026-08-19 15:48:41,ZONE_A,33.20,70.00,1000.24,98.51,23065.00,54.0
2026-08-19 15:48:43,ZONE_A,33.23,70.00,1000.26,98.35,23263.33,51.0
2026-08-19 15:48:45,ZONE_A,33.27,70.00,1000.22,98.70,22807.50,57.0
2026-08-19 15:48:47,ZONE_A,33.32,70.00,1000.24,98.53,23305.83,56.0
2026-08-19 15:48:49,ZONE_A,33.29,69.00,1000.21,98.75,20550.83,55.0
2026-08-19 15:48:51,ZONE_A,33.28,69.00,1000.19,98.54,21330.83,55.0
2026-08-19 15:48:53,ZONE_A,33.25,69.00,1000.21,98.79,21305.83,55.0
2026-08-19 15:48:55,ZONE_A,33.26,69.00,1000.31,97.87,34959.16,59.0
2026-08-19 15:48:57,ZONE_A,33.38,69.00,1000.31,97.91,38842.50,57.0
2026-08-19 15:48:59,ZONE_A,33.47,69.00,1000.35,97.59,30405.83,56.0
2026-08-19 15:49:01,ZONE_A,33.61,69.00,1000.28,98.13,34961.66,57.0
2026-08-19 15:49:03,ZONE_A,33.60,69.00,1000.22,98.69,21920.00,66.0
2026-08-19 15:49:05,ZONE_A,33.58,69.00,1000.20,98.83,20355.00,61.0
2026-08-19 15:49:07,ZONE_A,33.58,68.00,1000.21,98.72,21462.50,60.0
2026-08-19 15:49:09,ZONE_A,33.56,68.00,1000.25,98.37,19413.33,55.0
2026-08-19 15:49:11,ZONE_A,33.48,68.00,1000.19,98.92,7832.50,52.0
2026-08-19 15:49:13,ZONE_A,33.45,68.00,1000.23,98.59,14289.17,62.0
2026-08-19 15:49:15,ZONE_A,33.43,69.00,1000.23,98.60,21341.67,49.0
2026-08-19 15:49:17,ZONE_A,33.42,69.00,1000.24,98.51,20076.67,58.0
2026-08-19 15:49:19,ZONE_A,33.42,69.00,1000.25,98.45,19495.00,57.0
2026-08-19 15:49:21,ZONE_A,33.39,69.00,1000.25,98.45,16084.17,60.0
2026-08-19 15:49:23,ZONE_A,33.34,69.00,1000.16,99.19,7005.83,64.0
2026-08-19 15:49:25,ZONE_A,33.23,69.00,1000.15,99.22,1981.67,56.0
2026-08-19 15:49:27,ZONE_A,33.17,69.00,1000.14,99.35,1964.17,63.0
2026-08-19 15:49:29,ZONE_A,33.12,69.00,1000.22,98.63,17189.17,59.0
2026-08-19 15:49:31,ZONE_A,33.10,69.00,1000.25,98.45,21140.83,62.0
2026-08-19 15:49:33,ZONE_A,33.09,69.00,1000.25,98.44,22899.17,54.0
2026-08-19 15:49:35,ZONE_A,33.14,69.00,1000.29,98.07,23933.33,51.0
2026-08-19 15:49:37,ZONE_A,33.19,69.00,1000.30,98.02,22406.67,58.0
2026-08-19 15:49:39,ZONE_A,33.36,69.00,1000.33,97.76,19782.50,57.0
2026-08-19 15:49:41,ZONE_A,33.45,69.00,1000.39,97.27,27267.50,55.0
2026-08-19 15:49:43,ZONE_A,33.58,70.00,1000.32,97.85,40197.50,52.0
2026-08-19 15:49:45,ZONE_A,33.70,70.00,1000.28,98.14,28673.33,56.0
2026-08-19 15:49:47,ZONE_A,33.83,70.00,1000.29,98.08,25625.00,57.0
2026-08-19 15:49:49,ZONE_A,33.96,70.00,1000.28,98.18,45175.00,55.0
2026-08-19 15:49:51,ZONE_A,34.07,70.00,1000.35,97.58,44771.66,71.0
2026-08-19 15:49:53,ZONE_A,34.16,70.00,1000.32,97.85,31050.83,54.0
2026-08-19 15:49:55,ZONE_A,34.25,70.00,1000.37,97.38,47318.33,56.0
2026-08-19 15:49:57,ZONE_A,34.36,70.00,1000.34,97.68,28855.00,55.0
2026-08-19 15:49:59,ZONE_A,34.44,70.00,1000.36,97.49,44695.00,69.0
2026-08-19 15:50:01,ZONE_A,34.50,70.00,1000.43,96.88,32119.17,52.0
2026-08-19 15:50:03,ZONE_A,34.61,70.00,1000.34,97.61,36748.33,57.0
2026-08-19 15:50:05,ZONE_A,34.69,70.00,1000.24,98.52,26709.17,51.0
2026-08-19 15:50:07,ZONE_A,34.67,70.00,1000.33,97.73,31741.67,60.0
2026-08-19 15:50:09,ZONE_A,34.77,70.00,1000.39,97.26,30553.33,72.0
2026-08-19 15:50:11,ZONE_A,34.86,70.00,1000.33,97.78,30037.50,46.0
2026-08-19 15:50:13,ZONE_A,34.91,69.00,1000.35,97.57,29705.00,51.0
2026-08-19 15:50:15,ZONE_A,34.90,68.00,1000.34,97.67,29383.33,63.0
2026-08-19 15:50:17,ZONE_A,34.91,68.00,1000.31,97.92,29560.00,66.0
2026-08-19 15:50:19,ZONE_A,34.89,67.00,1000.26,98.31,29590.00,66.0
2026-08-19 15:50:21,ZONE_A,34.92,67.00,1000.23,98.57,38637.50,57.0
2026-08-19 15:50:23,ZONE_A,34.88,66.00,1000.23,98.62,29835.00,49.0
2026-08-19 15:50:25,ZONE_A,34.86,66.00,1000.22,98.38,30440.00,67.0
2026-08-19 15:50:27,ZONE_A,34.86,65.00,1000.23,98.58,25107.50,56.0
2026-08-19 15:50:29,ZONE_A,34.84,65.00,1000.24,98.50,29612.50,58.0
2026-08-19 15:50:31,ZONE_A,34.78,64.00,1000.25,98.43,34536.66,54.0
2026-08-19 15:50:33,ZONE_A,34.71,64.00,1000.23,98.60,33067.50,54.0
2026-08-19 15:50:35,ZONE_A,34.62,64.00,1000.25,98.43,32728.33,56.0
2026-08-19 15:50:37,ZONE_A,34.52,63.00,1000.26,98.36,31581.67,65.0
2026-08-19 15:50:39,ZONE_A,34.60,63.00,1000.21,98.72,25190.00,56.0
2026-08-19 15:50:41,ZONE_A,34.60,63.00,1000.22,98.68,27296.67,56.0
2026-08-19 15:50:43,ZONE_A,34.68,63.00,1000.26,98.36,26364.17,61.0
2026-08-19 15:50:45,ZONE_A,34.70,63.00,1000.22,98.64,28152.50,55.0
2026-08-19 15:50:47,ZONE_A,34.76,63.00,1000.23,98.61,28319.17,49.0
2026-08-19 15:50:49,ZONE_A,34.80,63.00,1000.22,98.69,31380.00,62.0
2026-08-19 15:50:51,ZONE_A,34.82,63.00,1000.21,98.79,31782.50,55.0
2026-08-19 15:50:53,ZONE_A,34.87,63.00,1000.21,98.77,30338.33,54.0
2026-08-19 15:50:55,ZONE_A,34.84,64.00,1000.15,99.24,21017.50,53.0
2026-08-19 15:50:57,ZONE_A,34.85,64.00,1000.20,98.78,29565.00,57.0
2026-08-19 15:50:59,ZONE_A,34.88,64.00,1000.19,98.88,28980.83,45.0
2026-08-19 15:51:01,ZONE_A,34.92,64.00,1000.28,98.18,30887.50,57.0
2026-08-19 15:51:03,ZONE_A,34.84,64.00,1000.25,98.42,24785.00,60.0
2026-08-19 15:51:05,ZONE_A,34.80,65.00,1000.22,98.68,30282.50,60.0
2026-08-19 15:51:07,ZONE_A,34.83,65.00,1000.22,98.65,33108.33,56.0
2026-08-19 15:51:09,ZONE_A,34.83,65.00,1000.19,98.95,26764.17,58.0
2026-08-19 15:51:11,ZONE_A,34.87,65.00,1000.21,98.78,27139.17,62.0
2026-08-19 15:51:13,ZONE_A,34.88,65.00,1000.27,98.27,28273.33,57.0
2026-08-19 15:51:15,ZONE_A,34.90,66.00,1000.25,98.43,20983.33,56.0
2026-08-19 15:51:17,ZONE_A,34.89,66.00,1000.22,98.68,20375.00,48.0
2026-08-19 15:51:19,ZONE_A,34.92,66.00,1000.26,98.34,19214.17,56.0
2026-08-19 15:51:21,ZONE_A,34.92,66.00,1000.22,98.70,20045.00,63.0
2026-08-19 15:51:23,ZONE_A,34.80,67.00,1000.20,98.81,19360.00,62.0
2026-08-19 15:51:25,ZONE_A,34.68,67.00,1000.21,98.73,22339.17,58.0
2026-08-19 15:51:27,ZONE_A,34.64,67.00,1000.20,98.85,21930.83,59.0
2026-08-19 15:51:29,ZONE_A,34.64,67.00,1000.19,98.90,21417.50,59.0
2026-08-19 15:51:31,ZONE_A,34.64,67.00,1000.19,98.93,21266.67,48.0
2026-08-19 15:51:33,ZONE_A,34.61,67.00,1000.22,98.64,21059.17,57.0
2026-08-19 15:51:35,ZONE_A,34.49,67.00,1000.20,98.80,21020.00,59.0
2026-08-19 15:51:37,ZONE_A,34.45,66.00,1000.21,98.73,20906.67,57.0
2026-08-19 15:51:39,ZONE_A,34.31,66.00,1000.20,98.84,20810.83,51.0
2026-08-19 15:51:41,ZONE_A,34.23,66.00,1000.21,98.72,20620.00,55.0
2026-08-19 15:51:43,ZONE_A,34.08,66.00,1000.17,99.06,20654.17,66.0
2026-08-19 15:51:45,ZONE_A,34.06,65.00,1000.19,98.89,20838.33,66.0
2026-08-19 15:51:47,ZONE_A,34.00,65.00,1000.22,98.69,22145.00,62.0
2026-08-19 15:51:49,ZONE_A,34.01,64.00,1000.20,98.85,22196.67,59.0
2026-08-19 15:51:51,ZONE_A,34.01,64.00,1000.19,98.90,21178.33,63.0
2026-08-19 15:51:53,ZONE_A,34.01,64.00,1000.18,98.98,21677.50,53.0
2026-08-19 15:51:55,ZONE_A,34.05,64.00,1000.22,98.69,21973.33,58.0
2026-08-19 15:51:57,ZONE_A,34.07,64.00,1000.22,98.65,22294.17,53.0
2026-08-19 15:51:59,ZONE_A,34.09,64.00,1000.19,98.89,18684.17,59.0
2026-08-19 15:52:01,ZONE_A,34.13,64.00,1000.19,98.95,22130.83,64.0
2026-08-19 15:52:03,ZONE_A,34.15,65.00,1000.20,98.82,21635.00,77.0
2026-08-19 15:52:05,ZONE_A,34.20,65.00,1000.18,99.01,21329.17,58.0
2026-08-19 15:52:07,ZONE_A,34.25,65.00,1000.22,98.66,20966.67,59.0
2026-08-19 15:52:09,ZONE_A,34.29,65.00,1000.18,98.98,19868.33,60.0
2026-08-19 15:52:11,ZONE_A,34.30,65.00,1000.21,98.71,19370.83,56.0
2026-08-19 15:52:13,ZONE_A,34.27,66.00,1000.22,98.69,20670.00,61.0
2026-08-19 15:52:15,ZONE_A,34.28,66.00,1000.23,98.54,21994.17,54.0
2026-08-19 15:52:17,ZONE_A,34.29,66.00,1000.18,99.02,18197.50,61.0
2026-08-19 15:52:19,ZONE_A,34.30,66.00,1000.20,98.86,17571.67,57.0
2026-08-19 15:52:21,ZONE_A,34.34,66.00,1000.20,98.85,18445.00,61.0
2026-08-19 15:52:23,ZONE_A,34.36,66.00,1000.20,98.83,19147.50,64.0
2026-08-19 15:52:25,ZONE_A,34.36,66.00,1000.21,98.75,19041.67,55.0
2026-08-19 15:52:27,ZONE_A,34.37,66.00,1000.21,98.78,19535.00,56.0
2026-08-19 15:52:29,ZONE_A,34.36,66.00,1000.21,98.73,18604.17,62.0
2026-08-19 15:52:31,ZONE_A,34.39,66.00,1000.23,98.57,17893.33,56.0
2026-08-19 15:52:33,ZONE_A,34.39,66.00,1000.24,98.48,17830.83,58.0
2026-08-19 15:52:35,ZONE_A,34.41,66.00,1000.26,98.36,17873.33,56.0
2026-08-19 15:52:37,ZONE_A,34.38,66.00,1000.23,98.57,17902.50,63.0
2026-08-19 15:52:39,ZONE_A,34.32,66.00,1000.22,98.65,17827.50,54.0
2026-08-19 15:52:41,ZONE_A,34.29,66.00,1000.18,99.00,17706.67,50.0
2026-08-19 15:52:43,ZONE_A,34.21,66.00,1000.17,99.05,17647.50,50.0
2026-08-19 15:52:45,ZONE_A,34.19,66.00,1000.19,98.95,17038.33,53.0
2026-08-19 15:52:47,ZONE_A,34.19,66.00,1000.14,99.33,20325.83,62.0
2026-08-19 15:52:49,ZONE_A,34.21,66.00,1000.19,99.09,20573.33,65.0
2026-08-19 15:52:51,ZONE_A,34.20,66.00,1000.18,99.04,19301.67,67.0
2026-08-19 15:52:53,ZONE_A,34.20,66.00,1000.19,98.90,19741.67,57.0
2026-08-19 15:52:55,ZONE_A,34.09,66.00,1000.18,99.04,21655.00,57.0
2026-08-19 15:52:57,ZONE_A,34.12,66.00,1000.15,99.25,21488.33,30.0
2026-08-19 15:52:59,ZONE_A,34.13,66.00,1000.14,99.33,20346.67,54.0
2026-08-19 15:53:01,ZONE_A,34.12,66.00,1000.22,98.68,19611.67,57.0
2026-08-19 15:53:03,ZONE_A,34.15,66.00,1000.20,98.83,17650.83,49.0
2026-08-19 15:53:05,ZONE_A,34.16,66.00,1000.19,98.94,17756.67,61.0
2026-08-19 15:53:07,ZONE_A,34.17,66.00,1000.20,98.84,17513.33,58.0
2026-08-19 15:53:09,ZONE_A,34.20,66.00,1000.21,98.75,16607.50,57.0
2026-08-19 15:53:11,ZONE_A,34.20,66.00,1000.20,98.80,16458.33,55.0
2026-08-19 15:53:13,ZONE_A,34.23,66.00,1000.19,98.92,16613.33,59.0
2026-08-19 15:53:15,ZONE_A,34.26,66.00,1000.18,99.01,16373.33,57.0
2026-08-19 15:53:17,ZONE_A,34.31,67.00,1000.19,98.88,16488.33,58.0
2026-08-19 15:53:19,ZONE_A,34.31,67.00,1000.25,98.45,16773.33,62.0
2026-08-19 15:53:21,ZONE_A,34.29,67.00,1000.18,99.01,17652.50,61.0
2026-08-19 15:53:23,ZONE_A,34.32,67.00,1000.22,98.71,16823.33,51.0
2026-08-19 15:53:25,ZONE_A,34.28,67.00,1000.17,99.06,14110.00,47.0
2026-08-19 15:53:27,ZONE_A,34.21,68.00,1000.19,98.90,17262.50,63.0
2026-08-19 15:53:29,ZONE_A,34.14,68.00,1000.17,99.07,16301.67,55.0
2026-08-19 15:53:31,ZONE_A,34.04,68.00,1000.16,99.13,12190.00,58.0
2026-08-19 15:53:33,ZONE_A,33.99,68.00,1000.17,99.12,12887.50,56.0
2026-08-19 15:53:35,ZONE_A,33.98,68.00,1000.17,99.12,13546.67,64.0
2026-08-19 15:53:37,ZONE_A,33.84,67.00,1000.19,98.92,15040.00,58.0
2026-08-19 15:53:39,ZONE_A,33.72,67.00,1000.17,99.06,12635.83,59.0
2026-08-19 15:53:41,ZONE_A,33.66,67.00,1000.17,99.06,12880.00,58.0
2026-08-19 15:53:43,ZONE_A,33.67,67.00,1000.19,98.90,12380.00,69.0
2026-08-19 15:53:45,ZONE_A,33.66,67.00,1000.16,99.20,12525.00,55.0
2026-08-19 15:53:47,ZONE_A,33.66,67.00,1000.20,98.84,13885.00,62.0
2026-08-19 15:53:49,ZONE_A,33.60,67.00,1000.18,99.02,14068.33,55.0
2026-08-19 15:53:51,ZONE_A,33.61,67.00,1000.16,99.13,14745.00,62.0
2026-08-19 15:53:53,ZONE_A,33.59,67.00,1000.14,99.33,14154.17,65.0
2026-08-19 15:53:55,ZONE_A,33.64,67.00,1000.17,99.09,17808.33,55.0
2026-08-19 15:53:57,ZONE_A,33.69,67.00,1000.16,99.13,16646.67,52.0
2026-08-19 15:53:59,ZONE_A,33.72,67.00,1000.20,98.82,16200.83,59.0
2026-08-19 15:54:01,ZONE_A,33.72,67.00,1000.20,98.85,14297.50,63.0
2026-08-19 15:54:03,ZONE_A,33.72,67.00,1000.18,98.96,13592.50,59.0
2026-08-19 15:54:05,ZONE_A,33.72,67.00,1000.18,99.03,15638.33,33.0
2026-08-19 15:54:07,ZONE_A,33.73,67.00,1000.20,98.85,15450.00,61.0
2026-08-19 15:54:09,ZONE_A,33.69,68.00,1000.11,99.60,13959.17,54.0
2026-08-19 15:54:11,ZONE_A,33.69,68.00,1000.13,99.44,13809.17,56.0
2026-08-19 15:54:13,ZONE_A,33.70,68.00,1000.13,99.39,13700.83,71.0
2026-08-19 15:54:15,ZONE_A,33.73,68.00,1000.15,99.25,13703.33,59.0
2026-08-19 15:54:17,ZONE_A,33.75,68.00,1000.14,99.37,13718.33,55.0
2026-08-19 15:54:19,ZONE_A,33.75,68.00,1000.18,99.00,14937.50,63.0
2026-08-19 15:54:21,ZONE_A,33.75,68.00,1000.14,99.33,15450.83,54.0
2026-08-19 15:54:23,ZONE_A,33.72,68.00,1000.16,99.17,18666.67,43.0
2026-08-19 15:54:25,ZONE_A,33.71,68.00,1000.18,99.04,17635.00,52.0
2026-08-19 15:54:27,ZONE_A,33.68,68.00,1000.17,99.06,17291.67,47.0
2026-08-19 15:54:29,ZONE_A,33.67,68.00,1000.19,98.88,16753.33,61.0
2026-08-19 15:54:31,ZONE_A,33.70,68.00,1000.17,99.07,15482.50,57.0
2026-08-19 15:54:33,ZONE_A,33.67,68.00,1000.13,99.42,15198.33,57.0
2026-08-19 15:54:35,ZONE_A,33.71,68.00,1000.14,99.31,14306.67,63.0
2026-08-19 15:54:37,ZONE_A,33.73,69.00,1000.15,99.22,13958.33,61.0
2026-08-19 15:54:39,ZONE_A,33.74,69.00,1000.14,99.31,13860.83,49.0
2026-08-19 15:54:41,ZONE_A,33.76,69.00,1000.15,99.29,13933.33,52.0
2026-08-19 15:54:43,ZONE_A,33.77,69.00,1000.17,99.12,14030.00,55.0
2026-08-19 15:54:45,ZONE_A,33.76,69.00,1000.17,99.08,16188.33,54.0
2026-08-19 15:54:47,ZONE_A,33.77,69.00,1000.18,99.03,13840.83,65.0
2026-08-19 15:54:49,ZONE_A,33.79,69.00,1000.15,99.23,14401.67,53.0
2026-08-19 15:54:51,ZONE_A,33.77,69.00,1000.18,98.97,15699.17,56.0
2026-08-19 15:54:53,ZONE_A,33.78,69.00,1000.18,99.01,16196.67,56.0
2026-08-19 15:54:55,ZONE_A,33.78,69.00,1000.21,98.78,16899.17,62.0
2026-08-19 15:54:57,ZONE_A,33.78,69.00,1000.19,98.90,15536.67,54.0
2026-08-19 15:54:59,ZONE_A,33.76,68.00,1000.21,98.79,16185.00,52.0
2026-08-19 15:55:01,ZONE_A,33.69,68.00,1000.17,99.07,15699.17,56.0
2026-08-19 15:55:03,ZONE_A,33.63,68.00,1000.16,99.18,15485.83,60.0
2026-08-19 15:55:05,ZONE_A,33.48,68.00,1000.19,98.93,14798.33,60.0
2026-08-19 15:55:07,ZONE_A,33.36,68.00,1000.18,99.00,14794.17,57.0
2026-08-19 15:55:09,ZONE_A,33.26,68.00,1000.20,98.82,15198.33,53.0
2026-08-19 15:55:11,ZONE_A,33.21,68.00,1000.19,98.93,15867.50,58.0
2026-08-19 15:55:13,ZONE_A,33.17,68.00,1000.19,98.89,15150.00,49.0
2026-08-19 15:55:15,ZONE_A,33.18,68.00,1000.21,98.74,15661.67,52.0
2026-08-19 15:55:17,ZONE_A,33.18,67.00,1000.20,98.79,16719.17,58.0
2026-08-19 15:55:19,ZONE_A,33.18,67.00,1000.20,98.81,16620.00,49.0
2026-08-19 15:55:21,ZONE_A,33.18,67.00,1000.20,98.85,17030.83,57.0
2026-08-19 15:55:23,ZONE_A,33.18,67.00,1000.21,98.79,16759.17,59.0
2026-08-19 15:55:25,ZONE_A,33.18,67.00,1000.19,98.95,16533.33,58.0
2026-08-19 15:55:27,ZONE_A,33.18,67.00,1000.20,98.84,14572.50,60.0
2026-08-19 15:55:29,ZONE_A,33.18,67.00,1000.15,99.21,14245.83,59.0
2026-08-19 15:55:31,ZONE_A,33.17,67.00,1000.19,98.92,14290.00,56.0
2026-08-19 15:55:33,ZONE_A,33.17,67.00,1000.17,99.12,14085.83,66.0
2026-08-19 15:55:35,ZONE_A,33.19,67.00,1000.16,99.20,14064.17,54.0
2026-08-19 15:55:37,ZONE_A,33.22,67.00,1000.16,99.17,14020.00,55.0
2026-08-19 15:55:39,ZONE_A,33.26,67.00,1000.16,99.13,14042.50,56.0
2026-08-19 15:55:41,ZONE_A,33.29,67.00,1000.16,99.19,14040.00,59.0
2026-08-19 15:55:43,ZONE_A,33.31,67.00,1000.15,99.24,13996.67,56.0
2026-08-19 15:55:45,ZONE_A,33.34,67.00,1000.15,99.26,14009.17,55.0
2026-08-19 15:55:47,ZONE_A,33.37,67.00,1000.16,99.14,14146.67,55.0
2026-08-19 15:55:49,ZONE_A,33.38,68.00,1000.18,99.00,14584.17,54.0
2026-08-19 15:55:51,ZONE_A,33.42,68.00,1000.19,98.94,13580.83,46.0
2026-08-19 15:55:53,ZONE_A,33.45,68.00,1000.19,98.88,14797.50,55.0
2026-08-19 15:55:55,ZONE_A,33.47,68.00,1000.20,98.81,14475.83,66.0
2026-08-19 15:55:57,ZONE_A,33.48,67.00,1000.17,99.10,13654.17,63.0
2026-08-19 15:55:59,ZONE_A,33.50,67.00,1000.18,98.99,14160.00,52.0
2026-08-19 15:56:01,ZONE_A,33.53,67.00,1000.18,99.03,13514.17,53.0
2026-08-19 15:56:03,ZONE_A,33.50,67.00,1000.17,99.05,15228.33,63.0
2026-08-19 15:56:05,ZONE_A,33.46,67.00,1000.19,98.91,13952.50,66.0
2026-08-19 15:56:07,ZONE_A,33.42,67.00,1000.17,99.10,13812.50,57.0
2026-08-19 15:56:09,ZONE_A,33.28,67.00,1000.18,99.00,13956.67,58.0
2026-08-19 15:56:11,ZONE_A,33.19,67.00,1000.20,98.85,13831.67,53.0
2026-08-19 15:56:13,ZONE_A,33.16,67.00,1000.16,99.13,15062.50,59.0
2026-08-19 15:56:15,ZONE_A,33.15,67.00,1000.21,98.74,13515.00,56.0
2026-08-19 15:56:17,ZONE_A,33.06,67.00,1000.19,98.95,12614.17,59.0
2026-08-19 15:56:19,ZONE_A,33.02,67.00,1000.15,99.27,12555.83,60.0
2026-08-19 15:56:21,ZONE_A,32.98,67.00,1000.16,99.20,13184.17,61.0
2026-08-19 15:56:23,ZONE_A,33.02,67.00,1000.14,99.32,13225.83,60.0
2026-08-19 15:56:25,ZONE_A,33.02,66.00,1000.16,99.20,11533.33,55.0
2026-08-19 15:56:27,ZONE_A,33.03,66.00,1000.16,99.20,10953.33,60.0
2026-08-19 15:56:29,ZONE_A,32.98,66.00,1000.14,99.36,10970.00,49.0
2026-08-19 15:56:31,ZONE_A,33.01,66.00,1000.17,99.11,11811.67,62.0
2026-08-19 15:56:33,ZONE_A,32.99,67.00,1000.15,99.23,11604.17,54.0
2026-08-19 15:56:35,ZONE_A,33.03,67.00,1000.17,99.12,12615.83,59.0
2026-08-19 15:56:37,ZONE_A,33.04,67.00,1000.14,99.38,13521.67,55.0
2026-08-19 15:56:39,ZONE_A,33.03,67.00,1000.16,99.16,14036.67,51.0
2026-08-19 15:56:41,ZONE_A,32.99,67.00,1000.11,99.63,14224.17,52.0
2026-08-19 15:56:43,ZONE_A,32.94,67.00,1000.16,99.15,14256.67,67.0
2026-08-19 15:56:45,ZONE_A,32.93,67.00,1000.15,99.24,14326.67,56.0
2026-08-19 15:56:47,ZONE_A,32.97,67.00,1000.18,99.04,14300.00,57.0
2026-08-19 15:56:49,ZONE_A,32.98,67.00,1000.16,99.14,14224.17,59.0
2026-08-19 15:56:51,ZONE_A,32.86,67.00,1000.18,98.98,14112.50,59.0
2026-08-19 15:56:53,ZONE_A,32.76,68.00,1000.19,98.89,13525.83,59.0
2026-08-19 15:56:55,ZONE_A,32.70,68.00,1000.16,99.17,14840.83,52.0
2026-08-19 15:56:57,ZONE_A,32.68,68.00,1000.13,99.46,12623.33,56.0
2026-08-19 15:56:59,ZONE_A,32.72,68.00,1000.17,99.05,13051.67,57.0
2026-08-19 15:57:01,ZONE_A,32.70,68.00,1000.17,99.07,13045.00,56.0
2026-08-19 15:57:03,ZONE_A,32.72,68.00,1000.18,99.03,12614.17,58.0
2026-08-19 15:57:05,ZONE_A,32.74,68.00,1000.16,99.21,13285.00,56.0
2026-08-19 15:57:07,ZONE_A,32.78,68.00,1000.17,99.06,12892.50,54.0
2026-08-19 15:57:09,ZONE_A,32.80,68.00,1000.17,99.11,12851.67,48.0
2026-08-19 15:57:11,ZONE_A,32.82,68.00,1000.15,99.29,12695.83,61.0
2026-08-19 15:57:13,ZONE_A,32.83,68.00,1000.15,99.22,12617.50,63.0
2026-08-19 15:57:15,ZONE_A,32.85,68.00,1000.15,99.29,13107.50,59.0
2026-08-19 15:57:17,ZONE_A,32.90,68.00,1000.15,99.22,12205.00,59.0
2026-08-19 15:57:19,ZONE_A,32.93,68.00,1000.13,99.44,12299.17,87.0
2026-08-19 15:57:21,ZONE_A,32.96,68.00,1000.15,99.21,11803.33,61.0
2026-08-19 15:57:23,ZONE_A,32.96,68.00,1000.18,99.02,11810.83,56.0
2026-08-19 15:57:25,ZONE_A,32.97,68.00,1000.12,99.47,11840.83,57.0
2026-08-19 15:57:27,ZONE_A,33.00,68.00,1000.13,99.39,11816.67,62.0
2026-08-19 15:57:29,ZONE_A,33.02,68.00,1000.14,99.36,12088.33,57.0
2026-08-19 15:57:31,ZONE_A,32.98,68.00,1000.15,99.29,11029.17,60.0
2026-08-19 15:57:33,ZONE_A,32.98,68.00,1000.16,99.19,12697.50,59.0
2026-08-19 15:57:35,ZONE_A,32.92,69.00,1000.17,99.10,14450.00,58.0
2026-08-19 15:57:37,ZONE_A,32.82,69.00,1000.19,98.88,13312.50,61.0
2026-08-19 15:57:39,ZONE_A,32.76,69.00,1000.17,99.06,12034.17,50.0
2026-08-19 15:57:41,ZONE_A,32.71,69.00,1000.18,99.00,11391.67,52.0
2026-08-19 15:57:43,ZONE_A,32.70,69.00,1000.16,99.16,11335.00,57.0
2026-08-19 15:57:45,ZONE_A,32.73,69.00,1000.19,98.95,11198.33,57.0
2026-08-19 15:57:47,ZONE_A,32.70,69.00,1000.17,99.11,11172.50,54.0
2026-08-19 15:57:49,ZONE_A,32.66,69.00,1000.17,99.09,11528.33,58.0
2026-08-19 15:57:51,ZONE_A,32.69,69.00,1000.13,99.44,11580.83,57.0
2026-08-19 15:57:53,ZONE_A,32.72,69.00,1000.15,99.26,11512.50,57.0
2026-08-19 15:57:55,ZONE_A,32.76,69.00,1000.15,99.28,11515.00,57.0
2026-08-19 15:57:57,ZONE_A,32.78,69.00,1000.14,99.37,11916.67,57.0
2026-08-19 15:57:59,ZONE_A,32.78,69.00,1000.17,99.12,10400.83,57.0
2026-08-19 15:58:01,ZONE_A,32.78,69.00,1000.15,99.23,10961.67,50.0
2026-08-19 15:58:03,ZONE_A,32.81,69.00,1000.16,99.18,9858.33,61.0
2026-08-19 15:58:05,ZONE_A,32.80,69.00,1000.16,99.13,10622.50,54.0
2026-08-19 15:58:07,ZONE_A,32.81,70.00,1000.13,99.39,10640.00,52.0
2026-08-19 15:58:09,ZONE_A,32.83,70.00,1000.15,99.26,10510.83,49.0
2026-08-19 15:58:11,ZONE_A,32.82,70.00,1000.15,99.24,10565.83,61.0
2026-08-19 15:58:13,ZONE_A,32.80,70.00,1000.16,99.20,12283.33,51.0
2026-08-19 15:58:15,ZONE_A,32.79,71.00,1000.15,99.27,12822.50,62.0
2026-08-19 15:58:17,ZONE_A,32.78,71.00,1000.16,99.20,11454.17,62.0
2026-08-19 15:58:19,ZONE_A,32.72,71.00,1000.15,99.29,11965.00,61.0
2026-08-19 15:58:21,ZONE_A,32.71,71.00,1000.14,99.33,12685.83,64.0
2026-08-19 15:58:23,ZONE_A,32.72,71.00,1000.12,99.52,11382.50,53.0
2026-08-19 15:58:25,ZONE_A,32.74,71.00,1000.12,99.49,10881.67,55.0
2026-08-19 15:58:27,ZONE_A,32.76,71.00,1000.13,99.35,11010.83,55.0
2026-08-19 15:58:29,ZONE_A,32.78,71.00,1000.13,99.44,11905.00,54.0
2026-08-19 15:58:31,ZONE_A,32.77,71.00,1000.13,99.40,11692.50,53.0
2026-08-19 15:58:33,ZONE_A,32.79,71.00,1000.14,99.33,11205.83,51.0
2026-08-19 15:58:35,ZONE_A,32.76,72.00,1000.13,99.41,10916.67,57.0
2026-08-19 15:58:37,ZONE_A,32.74,72.00,1000.14,99.36,11320.00,58.0
2026-08-19 15:58:39,ZONE_A,32.69,72.00,1000.15,99.22,10989.17,57.0
2026-08-19 15:58:41,ZONE_A,32.71,72.00,1000.12,99.47,10491.67,54.0
2026-08-19 15:58:43,ZONE_A,32.69,72.00,1000.13,99.39,9940.83,45.0
2026-08-19 15:58:45,ZONE_A,32.65,72.00,1000.13,99.40,8964.17,58.0
2026-08-19 15:58:47,ZONE_A,32.65,72.00,1000.15,99.26,9475.00,59.0
2026-08-19 15:58:49,ZONE_A,32.61,72.00,1000.12,99.48,8623.33,58.0
2026-08-19 15:58:51,ZONE_A,32.62,73.00,1000.11,99.62,8616.67,56.0
2026-08-19 15:58:53,ZONE_A,32.60,73.00,1000.13,99.39,8887.50,49.0
2026-08-19 15:58:55,ZONE_A,32.61,73.00,1000.11,99.55,8792.50,62.0
2026-08-19 15:58:57,ZONE_A,32.64,73.00,1000.14,99.36,8910.00,55.0
2026-08-19 15:58:59,ZONE_A,32.64,73.00,1000.12,99.48,8773.33,55.0
2026-08-19 15:59:01,ZONE_A,32.66,73.00,1000.11,99.63,8846.67,56.0
2026-08-19 15:59:03,ZONE_A,32.67,73.00,1000.10,99.65,8912.50,55.0
2026-08-19 15:59:05,ZONE_A,32.64,73.00,1000.09,99.70,10081.67,53.0
2026-08-19 15:59:07,ZONE_A,32.66,73.00,1000.11,99.63,9794.17,61.0
2026-08-19 15:59:09,ZONE_A,32.69,73.00,1000.11,99.63,9673.33,49.0
2026-08-19 15:59:11,ZONE_A,32.63,73.00,1000.13,99.39,6822.50,55.0
2026-08-19 15:59:13,ZONE_A,32.65,73.00,1000.09,99.79,5406.67,49.0
2026-08-19 15:59:15,ZONE_A,32.66,74.00,1000.10,99.64,4697.50,58.0
2026-08-19 15:59:17,ZONE_A,32.63,74.00,1000.11,99.56,4615.83,54.0
2026-08-19 15:59:19,ZONE_A,32.60,74.00,1000.10,99.63,4652.50,58.0
2026-08-19 15:59:21,ZONE_A,32.63,74.00,1000.10,99.71,4620.83,58.0
2026-08-19 15:59:23,ZONE_A,32.64,74.00,1000.08,99.80,3670.00,48.0
2026-08-19 15:59:25,ZONE_A,32.59,74.00,1000.06,100.03,6414.17,57.0
2026-08-19 15:59:27,ZONE_A,32.57,74.00,1000.08,99.87,6316.67,52.0
2026-08-19 15:59:29,ZONE_A,32.53,74.00,1000.09,99.72,5725.00,52.0
2026-08-19 15:59:31,ZONE_A,32.52,74.00,1000.07,99.92,5800.83,57.0
2026-08-19 15:59:33,ZONE_A,32.47,74.00,1000.09,99.79,5805.00,52.0
2026-08-19 15:59:35,ZONE_A,32.42,74.00,1000.10,99.66,6003.33,56.0
2026-08-19 15:59:37,ZONE_A,32.46,75.00,1000.08,99.85,9316.67,59.0
2026-08-19 15:59:39,ZONE_A,32.48,75.00,1000.08,99.86,6606.67,59.0
2026-08-19 15:59:41,ZONE_A,32.48,75.00,1000.09,99.77,8555.00,63.0
2026-08-19 15:59:43,ZONE_A,32.50,75.00,1000.08,99.81,8058.33,57.0
2026-08-19 15:59:45,ZONE_A,32.51,75.00,1000.06,100.00,4781.67,55.0
2026-08-19 15:59:47,ZONE_A,32.51,75.00,1000.07,99.95,3654.17,55.0
2026-08-19 15:59:49,ZONE_A,32.50,75.00,1000.06,100.04,3860.00,64.0
2026-08-19 15:59:51,ZONE_A,32.43,75.00,1000.07,99.92,3837.50,57.0
2026-08-19 15:59:53,ZONE_A,32.44,75.00,1000.08,99.86,3790.00,56.0
2026-08-19 15:59:55,ZONE_A,32.46,76.00,1000.10,99.67,3826.67,56.0
2026-08-19 15:59:57,ZONE_A,32.46,76.00,1000.07,99.90,3802.50,60.0
2026-08-19 15:59:59,ZONE_A,32.48,76.00,1000.10,99.67,3677.50,54.0
2026-08-19 16:00:01,ZONE_A,32.49,76.00,1000.09,99.73,3705.00,58.0
2026-08-19 16:00:03,ZONE_A,32.49,75.00,1000.09,99.77,3610.00,55.0
2026-08-19 16:00:05,ZONE_A,32.49,75.00,1000.06,99.98,4300.00,57.0
2026-08-19 16:00:07,ZONE_A,32.51,75.00,1000.11,99.58,7619.17,63.0
2026-08-19 16:00:09,ZONE_A,32.51,75.00,1000.14,99.36,9277.50,43.0
2026-08-19 16:00:11,ZONE_A,32.53,75.00,1000.11,99.58,10066.67,53.0
2026-08-19 16:00:13,ZONE_A,32.53,75.00,1000.13,99.43,9627.50,60.0
2026-08-19 16:00:15,ZONE_A,32.50,75.00,1000.16,99.18,8650.00,51.0
2026-08-19 16:00:17,ZONE_A,32.47,75.00,1000.15,99.28,6481.67,59.0
2026-08-19 16:00:19,ZONE_A,32.43,75.00,1000.11,99.58,7290.83,58.0
2026-08-19 16:00:21,ZONE_A,32.39,75.00,1000.13,99.41,6041.67,57.0
2026-08-19 16:00:23,ZONE_A,32.30,75.00,1000.13,99.46,5684.17,53.0
2026-08-19 16:00:25,ZONE_A,32.21,75.00,1000.13,99.42,6209.17,57.0
2026-08-19 16:00:27,ZONE_A,32.19,75.00,1000.13,99.46,4180.00,55.0
2026-08-19 16:00:29,ZONE_A,32.19,75.00,1000.12,99.49,4010.83,57.0
2026-08-19 16:00:31,ZONE_A,32.20,74.00,1000.11,99.61,4066.67,48.0
2026-08-19 16:00:33,ZONE_A,32.20,74.00,1000.13,99.43,4068.33,58.0
2026-08-19 16:00:35,ZONE_A,32.21,74.00,1000.16,99.18,4055.00,49.0
2026-08-19 16:00:37,ZONE_A,32.23,74.00,1000.16,99.21,4039.17,56.0
2026-08-19 16:00:39,ZONE_A,32.23,74.00,1000.16,99.14,4164.17,39.0
2026-08-19 16:00:41,ZONE_A,32.22,74.00,1000.16,99.19,3965.83,52.0
2026-08-19 16:00:43,ZONE_A,32.21,74.00,1000.15,99.21,7566.67,57.0
2026-08-19 16:00:45,ZONE_A,32.20,74.00,1000.18,99.03,9121.67,61.0
2026-08-19 16:00:47,ZONE_A,32.16,74.00,1000.16,99.16,8439.17,58.0
2026-08-19 16:00:49,ZONE_A,32.12,74.00,1000.16,99.16,7085.00,49.0
2026-08-19 16:00:51,ZONE_A,32.09,75.00,1000.13,99.38,8418.33,52.0
2026-08-19 16:00:53,ZONE_A,32.07,75.00,1000.15,99.27,7059.17,48.0
2026-08-19 16:00:55,ZONE_A,32.07,75.00,1000.13,99.43,7207.50,56.0
2026-08-19 16:00:57,ZONE_A,32.05,75.00,1000.13,99.40,6018.33,60.0
2026-08-19 16:00:59,ZONE_A,32.05,75.00,1000.12,99.52,5956.67,65.0
2026-08-19 16:01:01,ZONE_A,32.03,75.00,1000.16,99.18,5775.00,53.0
2026-08-19 16:01:03,ZONE_A,32.04,74.00,1000.15,99.27,5535.83,55.0
2026-08-19 16:01:05,ZONE_A,32.04,74.00,1000.13,99.46,5454.17,58.0
2026-08-19 16:01:07,ZONE_A,32.01,75.00,1000.13,99.39,5324.17,60.0
2026-08-19 16:01:09,ZONE_A,32.01,75.00,1000.12,99.54,6185.83,61.0
2026-08-19 16:01:11,ZONE_A,32.03,75.00,1000.12,99.52,7229.17,65.0
2026-08-19 16:01:13,ZONE_A,32.04,75.00,1000.07,99.95,7677.50,60.0
2026-08-19 16:01:15,ZONE_A,32.01,75.00,1000.12,99.47,7368.33,59.0
2026-08-19 16:01:17,ZONE_A,32.00,75.00,1000.15,99.21,7585.00,59.0
2026-08-19 16:01:19,ZONE_A,31.97,75.00,1000.10,99.63,7625.00,56.0
2026-08-19 16:01:21,ZONE_A,31.99,75.00,1000.15,99.25,7349.17,57.0
2026-08-19 16:01:23,ZONE_A,31.97,75.00,1000.11,99.56,7690.83,54.0
2026-08-19 16:01:25,ZONE_A,31.95,75.00,1000.08,99.81,7617.50,59.0
2026-08-19 16:01:27,ZONE_A,31.99,75.00,1000.13,99.42,7808.33,58.0
2026-08-19 16:01:29,ZONE_A,31.99,75.00,1000.11,99.59,7653.33,55.0
2026-08-19 16:01:31,ZONE_A,32.00,75.00,1000.11,99.60,7217.50,54.0
2026-08-19 16:01:33,ZONE_A,31.92,75.00,1000.11,99.58,7485.83,52.0
2026-08-19 16:01:35,ZONE_A,31.89,75.00,1000.10,99.69,7330.83,67.0
2026-08-19 16:01:37,ZONE_A,31.86,75.00,1000.11,99.60,6243.33,52.0
2026-08-19 16:01:39,ZONE_A,31.80,75.00,1000.10,99.64,5541.67,55.0
2026-08-19 16:01:41,ZONE_A,31.74,75.00,1000.09,99.76,5226.67,64.0
2026-08-19 16:01:43,ZONE_A,31.67,76.00,1000.09,99.76,5615.83,30.0
2026-08-19 16:01:45,ZONE_A,31.62,76.00,1000.09,99.74,5135.83,45.0
2026-08-19 16:01:47,ZONE_A,31.61,76.00,1000.06,100.00,5160.83,54.0
2026-08-19 16:01:49,ZONE_A,31.62,76.00,1000.07,99.92,5106.67,57.0
2026-08-19 16:01:51,ZONE_A,31.62,76.00,1000.10,99.71,5042.50,57.0
2026-08-19 16:01:53,ZONE_A,31.67,76.00,1000.09,99.73,5167.50,51.0
2026-08-19 16:01:55,ZONE_A,31.61,76.00,1000.06,100.00,5310.00,60.0
2026-08-19 16:01:57,ZONE_A,31.64,76.00,1000.09,99.73,5456.67,59.0
2026-08-19 16:01:59,ZONE_A,31.53,76.00,1000.07,99.94,5381.67,74.0
2026-08-19 16:02:01,ZONE_A,31.47,76.00,1000.07,99.92,5421.67,38.0
2026-08-19 16:02:03,ZONE_A,31.37,76.00,1000.10,99.71,6133.33,59.0
2026-08-19 16:02:05,ZONE_A,31.31,76.00,1000.11,99.55,6560.00,64.0
2026-08-19 16:02:07,ZONE_A,31.26,76.00,1000.08,99.84,6616.67,56.0
2026-08-19 16:02:09,ZONE_A,31.27,76.00,1000.09,99.80,6242.50,57.0
2026-08-19 16:02:11,ZONE_A,31.26,75.00,1000.08,99.81,6428.33,54.0
2026-08-19 16:02:13,ZONE_A,31.28,75.00,1000.15,99.28,6410.00,55.0
2026-08-19 16:02:15,ZONE_A,31.23,75.00,1000.09,99.73,6344.17,63.0
2026-08-19 16:02:17,ZONE_A,31.23,75.00,1000.10,99.65,6646.67,58.0
2026-08-19 16:02:19,ZONE_A,31.28,75.00,1000.16,99.20,6874.17,63.0
2026-08-19 16:02:21,ZONE_A,31.24,75.00,1000.13,99.43,6731.67,61.0
2026-08-19 16:02:23,ZONE_A,31.21,76.00,1000.11,99.57,7131.67,67.0
2026-08-19 16:02:25,ZONE_A,31.19,76.00,1000.10,99.71,7070.83,55.0
2026-08-19 16:02:27,ZONE_A,31.14,76.00,1000.10,99.77,7098.33,59.0
2026-08-19 16:02:29,ZONE_A,31.07,76.00,1000.13,99.44,7288.33,51.0
2026-08-19 16:02:31,ZONE_A,30.99,76.00,1000.08,99.83,7843.33,71.0
2026-08-19 16:02:33,ZONE_A,30.93,76.00,1000.12,99.54,7613.33,42.0
2026-08-19 16:02:35,ZONE_A,30.87,76.00,1000.17,99.07,7398.33,82.0
2026-08-19 16:02:37,ZONE_A,30.82,76.00,1000.12,99.53,8085.00,30.0
2026-08-19 16:02:39,ZONE_A,30.84,76.00,1000.18,98.99,7523.33,58.0
2026-08-19 16:02:41,ZONE_A,30.89,76.00,1000.16,99.18,7660.00,56.0
2026-08-19 16:02:43,ZONE_A,30.90,76.00,1000.20,98.81,8491.67,55.0
2026-08-19 16:02:45,ZONE_A,30.89,76.00,1000.20,98.85,8082.50,58.0
2026-08-19 16:02:47,ZONE_A,30.86,76.00,1000.22,98.70,7806.67,56.0
2026-08-19 16:02:49,ZONE_A,30.79,76.00,1000.20,98.85,6937.50,44.0
2026-08-19 16:02:51,ZONE_A,30.73,76.00,1000.13,99.45,4734.17,62.0
2026-08-19 16:02:53,ZONE_A,30.70,76.00,1000.14,99.36,4873.33,51.0
2026-08-19 16:02:55,ZONE_A,30.66,76.00,1000.12,99.54,6259.17,53.0
2026-08-19 16:02:57,ZONE_A,30.67,76.00,1000.14,99.37,5781.67,54.0
2026-08-19 16:02:59,ZONE_A,30.69,76.00,1000.15,99.22,5810.00,59.0
2026-08-19 16:03:01,ZONE_A,30.70,76.00,1000.15,99.29,5927.50,56.0
2026-08-19 16:03:03,ZONE_A,30.71,76.00,1000.11,99.56,5160.83,60.0
2026-08-19 16:03:05,ZONE_A,30.72,76.00,1000.13,99.44,4850.00,55.0
2026-08-19 16:03:07,ZONE_A,30.74,76.00,1000.13,99.39,5057.50,56.0
2026-08-19 16:03:09,ZONE_A,30.75,76.00,1000.16,99.18,4995.83,57.0
2026-08-19 16:03:11,ZONE_A,30.78,76.00,1000.13,99.41,4949.17,67.0
2026-08-19 16:03:13,ZONE_A,30.77,76.00,1000.16,99.16,4985.83,51.0
2026-08-19 16:03:15,ZONE_A,30.79,77.00,1000.14,99.33,6698.33,57.0
2026-08-19 16:03:17,ZONE_A,30.81,77.00,1000.16,99.15,6345.00,58.0
2026-08-19 16:03:19,ZONE_A,30.82,77.00,1000.13,99.42,5718.33,58.0
2026-08-19 16:03:21,ZONE_A,30.83,77.00,1000.13,99.39,5196.67,50.0
2026-08-19 16:03:23,ZONE_A,30.83,77.00,1000.14,99.30,5141.67,59.0
2026-08-19 16:03:25,ZONE_A,30.85,78.00,1000.14,99.37,5681.67,54.0
2026-08-19 16:03:27,ZONE_A,30.86,78.00,1000.12,99.51,6160.00,44.0
2026-08-19 16:03:29,ZONE_A,30.83,77.00,1000.11,99.55,5263.33,65.0
2026-08-19 16:03:31,ZONE_A,30.83,77.00,1000.14,99.35,4932.50,64.0
2026-08-19 16:03:33,ZONE_A,30.84,77.00,1000.14,99.33,5040.83,68.0
2026-08-19 16:03:35,ZONE_A,30.83,77.00,1000.10,99.64,4840.83,54.0
2026-08-19 16:03:37,ZONE_A,30.83,77.00,1000.14,99.36,4910.00,60.0
2026-08-19 16:03:39,ZONE_A,30.82,78.00,1000.12,99.47,4905.00,53.0
2026-08-19 16:03:41,ZONE_A,30.83,78.00,1000.10,99.70,3519.17,68.0
2026-08-19 16:03:43,ZONE_A,30.80,78.00,1000.14,99.36,5881.67,61.0
2026-08-19 16:03:45,ZONE_A,30.81,78.00,1000.16,99.17,6438.33,53.0
2026-08-19 16:03:47,ZONE_A,30.81,78.00,1000.13,99.40,6575.83,58.0
2026-08-19 16:03:49,ZONE_A,30.82,78.00,1000.14,99.37,6580.83,54.0
2026-08-19 16:03:51,ZONE_A,30.83,78.00,1000.16,99.21,7710.83,58.0
2026-08-19 16:03:53,ZONE_A,30.84,78.00,1000.11,99.60,8660.00,56.0
2026-08-19 16:03:55,ZONE_A,30.85,79.00,1000.20,98.87,8484.17,63.0
2026-08-19 16:03:57,ZONE_A,30.85,79.00,1000.12,99.52,7701.67,54.0
2026-08-19 16:03:59,ZONE_A,30.83,79.00,1000.14,99.32,7100.00,54.0
2026-08-19 16:04:01,ZONE_A,30.83,79.00,1000.14,99.36,6814.17,48.0
2026-08-19 16:04:03,ZONE_A,30.84,79.00,1000.12,99.49,6531.67,52.0
2026-08-19 16:04:05,ZONE_A,30.86,79.00,1000.15,99.22,6511.67,56.0
2026-08-19 16:04:07,ZONE_A,30.86,79.00,1000.13,99.40,6747.50,65.0
2026-08-19 16:04:09,ZONE_A,30.87,79.00,1000.13,99.43,6489.17,67.0
2026-08-19 16:04:11,ZONE_A,30.89,79.00,1000.14,99.32,5846.67,59.0
2026-08-19 16:04:13,ZONE_A,30.89,79.00,1000.13,99.40,5064.17,70.0
2026-08-19 16:04:15,ZONE_A,30.89,79.00,1000.09,99.72,5200.00,56.0
2026-08-19 16:04:17,ZONE_A,30.90,79.00,1000.11,99.62,5091.67,54.0
2026-08-19 16:04:19,ZONE_A,30.93,79.00,1000.11,99.55,5130.00,61.0
2026-08-19 16:04:21,ZONE_A,30.95,79.00,1000.12,99.47,5159.17,54.0
2026-08-19 16:04:23,ZONE_A,30.96,79.00,1000.09,99.74,5211.67,49.0
2026-08-19 16:04:25,ZONE_A,30.96,79.00,1000.11,99.59,5343.33,60.0
2026-08-19 16:04:27,ZONE_A,30.99,79.00,1000.10,99.66,5312.50,50.0
2026-08-19 16:04:29,ZONE_A,31.00,79.00,1000.10,99.65,5326.67,59.0
2026-08-19 16:04:31,ZONE_A,31.01,79.00,1000.11,99.61,5383.33,58.0
2026-08-19 16:04:33,ZONE_A,31.02,79.00,1000.09,99.74,5364.17,54.0
2026-08-19 16:04:35,ZONE_A,30.99,79.00,1000.08,99.81,5371.67,59.0
2026-08-19 16:04:37,ZONE_A,31.00,79.00,1000.11,99.62,6091.67,49.0
2026-08-19 16:04:39,ZONE_A,31.03,79.00,1000.10,99.67,6529.17,54.0
2026-08-19 16:04:41,ZONE_A,31.04,79.00,1000.11,99.59,6688.33,53.0
2026-08-19 16:04:43,ZONE_A,31.04,79.00,1000.09,99.60,6804.17,56.0
2026-08-19 16:04:45,ZONE_A,31.06,79.00,1000.11,99.61,6818.33,52.0
2026-08-19 16:04:47,ZONE_A,31.06,79.00,1000.13,99.43,6774.17,60.0
2026-08-19 16:04:49,ZONE_A,31.09,79.00,1000.14,99.37,6744.17,57.0
2026-08-19 16:04:51,ZONE_A,31.09,79.00,1000.11,99.61,6456.67,60.0
2026-08-19 16:04:53,ZONE_A,31.11,79.00,1000.13,99.45,6453.33,62.0
2026-08-19 16:04:55,ZONE_A,31.12,79.00,1000.14,99.36,6415.83,58.0
2026-08-19 16:04:57,ZONE_A,31.11,79.00,1000.10,99.66,6350.00,66.0
2026-08-19 16:04:59,ZONE_A,31.12,79.00,1000.12,99.50,6300.00,69.0
2026-08-19 16:05:01,ZONE_A,31.12,79.00,1000.10,99.67,6346.67,60.0
2026-08-19 16:05:03,ZONE_A,31.12,79.00,1000.11,99.56,6505.00,50.0
2026-08-19 16:05:05,ZONE_A,31.13,79.00,1000.11,99.59,7526.67,66.0
2026-08-19 16:05:07,ZONE_A,31.12,80.00,1000.14,99.33,9433.33,57.0
2026-08-19 16:05:09,ZONE_A,31.13,80.00,1000.11,99.55,9677.50,59.0
2026-08-19 16:05:11,ZONE_A,31.15,80.00,1000.14,99.32,9516.67,53.0
2026-08-19 16:05:13,ZONE_A,31.15,80.00,1000.12,99.49,8069.17,61.0
2026-08-19 16:05:15,ZONE_A,31.15,80.00,1000.11,99.58,8100.00,71.0
2026-08-19 16:05:17,ZONE_A,31.13,80.00,1000.10,99.68,7754.17,65.0
2026-08-19 16:05:19,ZONE_A,31.12,80.00,1000.09,99.73,7735.83,62.0
2026-08-19 16:05:21,ZONE_A,31.08,80.00,1000.12,99.54,8095.00,56.0
2026-08-19 16:05:23,ZONE_A,31.06,80.00,1000.12,99.51,8600.83,54.0
2026-08-19 16:05:25,ZONE_A,31.06,80.00,1000.13,99.39,8797.50,46.0
2026-08-19 16:05:27,ZONE_A,31.06,79.00,1000.12,99.49,9486.67,59.0
2026-08-19 16:05:29,ZONE_A,31.07,79.00,1000.10,99.65,9535.83,57.0
2026-08-19 16:05:31,ZONE_A,31.09,79.00,1000.11,99.61,9746.67,62.0
2026-08-19 16:05:33,ZONE_A,31.11,79.00,1000.10,99.71,9379.17,58.0
2026-08-19 16:05:35,ZONE_A,31.13,79.00,1000.08,99.83,10349.17,59.0
2026-08-19 16:05:37,ZONE_A,31.14,79.00,1000.09,99.77,10119.17,53.0
2026-08-19 16:05:39,ZONE_A,31.14,79.00,1000.08,99.87,10204.17,56.0
2026-08-19 16:05:41,ZONE_A,31.14,79.00,1000.08,99.84,9821.67,57.0
2026-08-19 16:05:43,ZONE_A,31.10,79.00,1000.09,99.73,9993.33,55.0
2026-08-19 16:05:45,ZONE_A,31.06,79.00,1000.12,99.55,10170.83,56.0
2026-08-19 16:05:47,ZONE_A,31.03,79.00,1000.13,99.44,10263.33,63.0
2026-08-19 16:05:49,ZONE_A,31.01,79.00,1000.13,99.46,10504.17,55.0
2026-08-19 16:05:51,ZONE_A,31.01,79.00,1000.13,99.44,10303.33,62.0
2026-08-19 16:05:53,ZONE_A,30.99,79.00,1000.06,99.98,10049.17,51.0
2026-08-19 16:05:55,ZONE_A,30.94,79.00,1000.08,99.86,10164.17,65.0
2026-08-19 16:05:57,ZONE_A,30.84,79.00,1000.08,99.86,10322.50,63.0
2026-08-19 16:05:59,ZONE_A,30.80,79.00,1000.12,99.55,10180.00,49.0
2026-08-19 16:06:01,ZONE_A,30.74,79.00,1000.11,99.62,9848.33,46.0
2026-08-19 16:06:03,ZONE_A,30.72,79.00,1000.13,99.42,9368.33,55.0
2026-08-19 16:06:05,ZONE_A,30.70,78.00,1000.13,99.42,10565.83,69.0
2026-08-19 16:06:07,ZONE_A,30.68,78.00,1000.14,99.33,10800.00,52.0
2026-08-19 16:06:09,ZONE_A,30.71,79.00,1000.11,99.57,9437.50,64.0
2026-08-19 16:06:11,ZONE_A,30.70,79.00,1000.14,99.32,9291.67,61.0
2026-08-19 16:06:13,ZONE_A,30.69,79.00,1000.16,99.20,9217.50,58.0
2026-08-19 16:06:15,ZONE_A,30.71,79.00,1000.11,99.56,8720.00,50.0
2026-08-19 16:06:17,ZONE_A,30.72,79.00,1000.11,99.60,11340.83,63.0
2026-08-19 16:06:19,ZONE_A,30.75,79.00,1000.14,99.37,10810.00,52.0
2026-08-19 16:06:21,ZONE_A,30.78,79.00,1000.12,99.54,11670.83,54.0
2026-08-19 16:06:23,ZONE_A,30.82,79.00,1000.13,99.44,10485.83,57.0
2026-08-19 16:06:25,ZONE_A,30.84,79.00,1000.12,99.52,11333.33,46.0
2026-08-19 16:06:27,ZONE_A,30.87,79.00,1000.09,99.34,11278.33,57.0
2026-08-19 16:06:29,ZONE_A,30.89,79.00,1000.09,99.79,11320.00,62.0
2026-08-19 16:06:31,ZONE_A,30.89,79.00,1000.05,100.08,10121.67,59.0
2026-08-19 16:06:33,ZONE_A,30.90,79.00,1000.04,100.16,9712.50,56.0
2026-08-19 16:06:35,ZONE_A,30.90,79.00,1000.09,99.78,9425.83,62.0
2026-08-19 16:06:37,ZONE_A,30.91,79.00,1000.09,99.75,9315.83,52.0
2026-08-19 16:06:39,ZONE_A,30.91,79.00,1000.08,99.81,9263.33,48.0
2026-08-19 16:06:41,ZONE_A,30.94,79.00,1000.07,99.82,10586.67,68.0
2026-08-19 16:06:43,ZONE_A,30.96,79.00,1000.10,99.70,10269.17,56.0
2026-08-19 16:06:45,ZONE_A,30.98,79.00,1000.07,99.92,9792.50,56.0
2026-08-19 16:06:47,ZONE_A,31.00,79.00,1000.08,99.81,10078.33,64.0
2026-08-19 16:06:49,ZONE_A,31.02,79.00,1000.09,99.78,9460.83,54.0
2026-08-19 16:06:51,ZONE_A,30.98,79.00,1000.09,99.77,8580.00,52.0
2026-08-19 16:06:53,ZONE_A,30.98,79.00,1000.08,99.87,10364.17,57.0
2026-08-19 16:06:55,ZONE_A,30.99,79.00,1000.07,99.91,10751.67,66.0
2026-08-19 16:06:57,ZONE_A,31.02,79.00,1000.08,99.82,10605.00,65.0
2026-08-19 16:06:59,ZONE_A,31.04,79.00,1000.07,99.94,10070.00,65.0
2026-08-19 16:07:01,ZONE_A,31.06,79.00,1000.08,99.84,10207.50,56.0
2026-08-19 16:07:03,ZONE_A,31.09,79.00,1000.08,99.81,10201.67,53.0
2026-08-19 16:07:05,ZONE_A,31.10,79.00,1000.05,100.09,9887.50,59.0
2026-08-19 16:07:07,ZONE_A,31.11,79.00,1000.04,100.17,9281.67,63.0
2026-08-19 16:07:09,ZONE_A,31.12,79.00,1000.10,99.67,9165.83,59.0
2026-08-19 16:07:11,ZONE_A,31.12,79.00,1000.05,100.11,9415.00,64.0
2026-08-19 16:07:13,ZONE_A,31.14,79.00,1000.04,100.19,10120.83,54.0
2026-08-19 16:07:15,ZONE_A,31.17,79.00,1000.02,100.35,9479.17,62.0
2026-08-19 16:07:17,ZONE_A,31.15,79.00,1000.03,100.22,9890.00,58.0
2026-08-19 16:07:19,ZONE_A,31.17,79.00,1000.04,100.18,10210.00,58.0
2026-08-19 16:07:21,ZONE_A,31.16,79.00,1000.03,100.26,9891.67,53.0
2026-08-19 16:07:23,ZONE_A,31.15,79.00,1000.04,100.16,9637.50,54.0
2026-08-19 16:07:25,ZONE_A,31.13,79.00,1000.07,99.96,10056.67,58.0
2026-08-19 16:07:27,ZONE_A,31.10,79.00,1000.11,99.63,9870.83,56.0
2026-08-19 16:07:29,ZONE_A,31.12,79.00,1000.08,99.81,10380.00,60.0
2026-08-19 16:07:31,ZONE_A,31.09,79.00,1000.07,99.97,11322.50,59.0
2026-08-19 16:07:33,ZONE_A,31.10,79.00,1000.09,99.73,10825.00,47.0
2026-08-19 16:07:35,ZONE_A,31.10,79.00,1000.03,100.26,9205.83,54.0
2026-08-19 16:07:37,ZONE_A,31.05,79.00,1000.08,99.82,11291.67,46.0
2026-08-19 16:07:39,ZONE_A,31.01,78.00,1000.06,99.98,9773.33,67.0
2026-08-19 16:07:41,ZONE_A,31.05,78.00,1000.09,99.77,10050.00,57.0
2026-08-19 16:07:43,ZONE_A,31.07,78.00,1000.08,99.86,9351.67,51.0
2026-08-19 16:07:45,ZONE_A,31.10,78.00,1000.05,100.09,9270.83,58.0
2026-08-19 16:07:47,ZONE_A,31.11,78.00,1000.05,100.12,10545.83,53.0
2026-08-19 16:07:49,ZONE_A,31.13,78.00,1000.07,99.96,10345.83,66.0
2026-08-19 16:07:51,ZONE_A,31.15,78.00,1000.03,100.30,8928.33,50.0
2026-08-19 16:07:53,ZONE_A,31.17,78.00,1000.02,100.38,10438.33,63.0
2026-08-19 16:07:55,ZONE_A,31.18,78.00,1000.03,100.24,9403.33,57.0
2026-08-19 16:07:57,ZONE_A,31.20,78.00,1000.07,100.16,10402.50,64.0
2026-08-19 16:07:59,ZONE_A,31.21,78.00,1000.05,100.11,11416.67,59.0
2026-08-19 16:08:01,ZONE_A,31.22,78.00,1000.04,100.20,11795.83,54.0
2026-08-19 16:08:03,ZONE_A,31.23,78.00,1000.07,99.93,11170.83,66.0
2026-08-19 16:08:05,ZONE_A,31.20,78.00,1000.05,100.08,11200.83,59.0
2026-08-19 16:08:07,ZONE_A,31.22,78.00,1000.03,100.23,10897.50,48.0
2026-08-19 16:08:09,ZONE_A,31.20,78.00,1000.03,100.30,10897.50,56.0
2026-08-19 16:08:11,ZONE_A,31.19,78.00,1000.03,100.26,11353.33,61.0
2026-08-19 16:08:13,ZONE_A,31.18,77.00,1000.03,100.29,11795.83,54.0
2026-08-19 16:08:15,ZONE_A,31.17,77.00,1000.03,100.30,11332.50,55.0
2026-08-19 16:08:17,ZONE_A,31.14,77.00,1000.06,100.03,11375.83,53.0
2026-08-19 16:08:19,ZONE_A,31.10,77.00,1000.04,100.19,10005.00,53.0
2026-08-19 16:08:21,ZONE_A,31.08,77.00,1000.05,100.17,10185.83,60.0
2026-08-19 16:08:23,ZONE_A,31.06,77.00,1000.03,100.27,9739.17,76.0
2026-08-19 16:08:25,ZONE_A,31.02,77.00,1000.04,100.18,9426.67,49.0
2026-08-19 16:08:27,ZONE_A,30.98,77.00,1000.03,100.25,8719.17,72.0
2026-08-19 16:08:29,ZONE_A,30.96,77.00,1000.02,100.31,8860.00,54.0
2026-08-19 16:08:31,ZONE_A,30.93,77.00,1000.00,100.49,8942.50,59.0
2026-08-19 16:08:33,ZONE_A,30.90,77.00,1000.03,100.27,10112.50,51.0
2026-08-19 16:08:35,ZONE_A,30.93,77.00,1000.03,99.99,10118.33,56.0
2026-08-19 16:08:37,ZONE_A,30.95,77.00,1000.03,100.25,9778.33,61.0
2026-08-19 16:08:39,ZONE_A,30.95,77.00,1000.00,100.54,8962.50,53.0
2026-08-19 16:08:41,ZONE_A,30.95,77.00,999.99,100.56,8440.00,60.0
2026-08-19 16:08:43,ZONE_A,30.95,77.00,1000.02,100.37,8402.50,56.0
2026-08-19 16:08:45,ZONE_A,30.94,77.00,1000.00,100.50,8421.67,65.0
2026-08-19 16:08:47,ZONE_A,30.95,77.00,1000.00,100.55,8932.50,64.0
2026-08-19 16:08:49,ZONE_A,30.95,77.00,1000.02,100.36,9273.33,59.0
2026-08-19 16:08:51,ZONE_A,30.95,77.00,1000.03,100.27,9440.83,63.0
2026-08-19 16:08:53,ZONE_A,30.95,77.00,1000.04,100.20,9333.33,54.0
2026-08-19 16:08:55,ZONE_A,30.96,77.00,1000.00,100.48,8635.83,59.0
2026-08-19 16:08:57,ZONE_A,30.96,77.00,1000.00,100.53,8699.17,62.0
2026-08-19 16:08:59,ZONE_A,30.97,78.00,1000.03,100.22,8381.67,55.0
2026-08-19 16:09:01,ZONE_A,30.98,78.00,1000.01,100.45,8380.00,56.0
2026-08-19 16:09:03,ZONE_A,30.98,78.00,1000.02,100.36,8386.67,55.0
2026-08-19 16:09:05,ZONE_A,30.98,78.00,1000.00,100.54,8433.33,60.0
2026-08-19 16:09:07,ZONE_A,30.99,78.00,1000.01,100.46,8313.33,64.0
2026-08-19 16:09:09,ZONE_A,30.98,78.00,1000.02,100.35,9388.33,55.0
2026-08-19 16:09:11,ZONE_A,30.98,78.00,1000.02,100.34,8625.83,65.0
2026-08-19 16:09:13,ZONE_A,30.98,78.00,1000.03,100.14,9079.17,58.0
2026-08-19 16:09:15,ZONE_A,30.96,79.00,1000.00,100.51,8922.50,58.0
2026-08-19 16:09:17,ZONE_A,30.94,79.00,1000.01,100.41,7090.83,55.0
2026-08-19 16:09:19,ZONE_A,30.95,79.00,1000.00,100.48,6150.00,65.0
2026-08-19 16:09:21,ZONE_A,30.93,79.00,1000.00,100.52,6235.83,63.0
2026-08-19 16:09:23,ZONE_A,30.92,79.00,1000.00,100.52,6815.83,59.0
2026-08-19 16:09:25,ZONE_A,30.91,79.00,1000.00,100.49,6729.17,57.0
2026-08-19 16:09:27,ZONE_A,30.89,79.00,999.98,100.69,7260.00,61.0
2026-08-19 16:09:29,ZONE_A,30.88,79.00,999.99,100.57,7806.67,59.0
2026-08-19 16:09:31,ZONE_A,30.88,79.00,999.98,100.68,7515.00,59.0
2026-08-19 16:09:33,ZONE_A,30.87,79.00,999.99,100.59,8445.00,66.0
2026-08-19 16:09:35,ZONE_A,30.86,79.00,1000.00,100.52,8352.50,55.0
2026-08-19 16:09:37,ZONE_A,30.83,79.00,999.99,100.59,8619.17,64.0
2026-08-19 16:09:39,ZONE_A,30.81,79.00,1000.06,100.01,8680.83,49.0
2026-08-19 16:09:41,ZONE_A,30.83,79.00,999.99,100.61,5933.33,59.0
2026-08-19 16:09:43,ZONE_A,30.83,79.00,1000.01,100.43,5735.00,53.0
2026-08-19 16:09:45,ZONE_A,30.86,79.00,1000.01,100.42,5782.50,44.0
2026-08-19 16:09:47,ZONE_A,30.84,79.00,999.98,100.65,7942.50,60.0
2026-08-19 16:09:49,ZONE_A,30.84,80.00,1000.02,100.33,7950.83,57.0
2026-08-19 16:09:51,ZONE_A,30.81,80.00,1000.06,99.98,8442.50,59.0
2026-08-19 16:09:53,ZONE_A,30.78,80.00,1000.09,99.77,7928.33,65.0
2026-08-19 16:09:55,ZONE_A,30.75,80.00,1000.07,99.89,8592.50,51.0
2026-08-19 16:09:57,ZONE_A,30.74,80.00,1000.06,100.05,6287.50,56.0
2026-08-19 16:09:59,ZONE_A,30.75,80.00,1000.05,100.09,8385.83,59.0
2026-08-19 16:10:01,ZONE_A,30.75,80.00,1000.05,100.08,8032.50,53.0
2026-08-19 16:10:03,ZONE_A,30.71,80.00,1000.08,99.81,7378.33,56.0
2026-08-19 16:10:05,ZONE_A,30.74,80.00,1000.10,99.71,8684.17,58.0
2026-08-19 16:10:07,ZONE_A,30.68,80.00,1000.05,100.10,8886.67,59.0
2026-08-19 16:10:09,ZONE_A,30.68,80.00,1000.12,99.53,9305.00,44.0
2026-08-19 16:10:11,ZONE_A,30.66,80.00,1000.10,99.63,9053.33,55.0
2026-08-19 16:10:13,ZONE_A,30.64,80.00,1000.15,99.24,9297.50,59.0
2026-08-19 16:10:15,ZONE_A,30.62,80.00,1000.08,99.88,8385.83,50.0
2026-08-19 16:10:17,ZONE_A,30.58,80.00,1000.08,99.88,7342.50,55.0
2026-08-19 16:10:19,ZONE_A,30.61,80.00,1000.08,99.84,7689.17,56.0
2026-08-19 16:10:21,ZONE_A,30.63,80.00,1000.09,99.77,8595.83,61.0
2026-08-19 16:10:23,ZONE_A,30.61,80.00,1000.07,99.91,8965.00,56.0
2026-08-19 16:10:25,ZONE_A,30.60,80.00,1000.09,99.78,8878.33,57.0
2026-08-19 16:10:27,ZONE_A,30.60,80.00,1000.10,99.71,9159.17,48.0
2026-08-19 16:10:29,ZONE_A,30.59,80.00,1000.10,99.68,9189.17,61.0
2026-08-19 16:10:31,ZONE_A,30.59,80.00,1000.10,99.68,9822.50,55.0
2026-08-19 16:10:33,ZONE_A,30.58,80.00,1000.08,99.82,10022.50,55.0
2026-08-19 16:10:35,ZONE_A,30.58,80.00,1000.10,99.71,9670.00,65.0
2026-08-19 16:10:37,ZONE_A,30.58,80.00,1000.05,100.15,8255.83,48.0
2026-08-19 16:10:39,ZONE_A,30.58,80.00,1000.03,100.23,8769.17,51.0
2026-08-19 16:10:41,ZONE_A,30.56,80.00,1000.06,100.02,8547.50,51.0
2026-08-19 16:10:43,ZONE_A,30.50,79.00,1000.02,100.39,9145.83,45.0
2026-08-19 16:10:45,ZONE_A,30.52,79.00,1000.06,99.99,10155.83,54.0
2026-08-19 16:10:47,ZONE_A,30.56,79.00,1000.03,100.23,9485.00,54.0
2026-08-19 16:10:49,ZONE_A,30.55,79.00,1000.04,100.17,9582.50,55.0
2026-08-19 16:10:51,ZONE_A,30.58,79.00,1000.03,100.24,9063.33,54.0
2026-08-19 16:10:53,ZONE_A,30.59,79.00,1000.02,100.32,8914.17,50.0
2026-08-19 16:10:55,ZONE_A,30.57,79.00,1000.01,100.42,7191.67,59.0
2026-08-19 16:10:57,ZONE_A,30.57,79.00,1000.00,100.54,6817.50,56.0
2026-08-19 16:10:59,ZONE_A,30.56,79.00,1000.06,99.99,7210.83,49.0
2026-08-19 16:11:01,ZONE_A,30.52,79.00,1000.07,99.91,7441.67,42.0
2026-08-19 16:11:03,ZONE_A,30.51,79.00,1000.05,100.09,9105.00,57.0
2026-08-19 16:11:05,ZONE_A,30.51,79.00,1000.09,99.77,9455.00,53.0
2026-08-19 16:11:07,ZONE_A,30.50,79.00,1000.10,99.69,9461.67,48.0
2026-08-19 16:11:09,ZONE_A,30.50,79.00,1000.12,99.55,8785.00,66.0
2026-08-19 16:11:11,ZONE_A,30.49,79.00,1000.07,99.91,7205.00,52.0
2026-08-19 16:11:13,ZONE_A,30.49,79.00,1000.04,100.15,6150.83,54.0
2026-08-19 16:11:15,ZONE_A,30.49,79.00,1000.06,100.03,7015.83,57.0
2026-08-19 16:11:17,ZONE_A,30.50,79.00,1000.04,100.19,7081.67,59.0
2026-08-19 16:11:19,ZONE_A,30.50,79.00,1000.01,100.39,4031.67,61.0
2026-08-19 16:11:21,ZONE_A,30.48,79.00,1000.03,100.27,3958.33,57.0
2026-08-19 16:11:23,ZONE_A,30.45,79.00,1000.01,100.47,4055.00,58.0
2026-08-19 16:11:25,ZONE_A,30.43,79.00,1000.04,100.21,5219.17,54.0
2026-08-19 16:11:27,ZONE_A,30.43,80.00,1000.05,100.09,8386.67,59.0
2026-08-19 16:11:29,ZONE_A,30.47,80.00,1000.09,99.76,7751.67,46.0
2026-08-19 16:11:31,ZONE_A,30.45,80.00,1000.11,99.57,7715.83,60.0
2026-08-19 16:11:33,ZONE_A,30.44,80.00,1000.03,100.25,7810.83,57.0
2026-08-19 16:11:35,ZONE_A,30.45,80.00,1000.04,100.21,6919.17,54.0
2026-08-19 16:11:37,ZONE_A,30.47,80.00,1000.03,100.24,6396.67,52.0
2026-08-19 16:11:39,ZONE_A,30.49,80.00,1000.04,100.14,6386.67,57.0
2026-08-19 16:11:41,ZONE_A,30.51,80.00,1000.04,100.18,6420.83,61.0
2026-08-19 16:11:43,ZONE_A,30.53,80.00,1000.06,100.05,6610.83,58.0
2026-08-19 16:11:45,ZONE_A,30.55,80.00,1000.03,100.23,7065.83,65.0
2026-08-19 16:11:47,ZONE_A,30.58,81.00,1000.03,100.30,7489.17,61.0
2026-08-19 16:11:49,ZONE_A,30.58,81.00,1000.07,99.96,5370.00,41.0
2026-08-19 16:11:51,ZONE_A,30.60,81.00,1000.05,100.08,4508.33,56.0
2026-08-19 16:11:53,ZONE_A,30.58,81.00,1000.04,100.16,4463.33,54.0
2026-08-19 16:11:55,ZONE_A,30.58,81.00,1000.01,100.47,4440.00,58.0
2026-08-19 16:11:57,ZONE_A,30.59,81.00,1000.03,100.29,4445.83,56.0
2026-08-19 16:11:59,ZONE_A,30.59,81.00,1000.03,100.28,4401.67,59.0
2026-08-19 16:12:01,ZONE_A,30.56,81.00,1000.06,100.04,6310.00,65.0
2026-08-19 16:12:03,ZONE_A,30.53,81.00,1000.05,100.11,6208.33,54.0
2026-08-19 16:12:05,ZONE_A,30.50,81.00,1000.06,100.02,7329.17,54.0
2026-08-19 16:12:07,ZONE_A,30.47,81.00,1000.03,100.28,6530.00,75.0
2026-08-19 16:12:09,ZONE_A,30.44,81.00,1000.03,100.32,6533.33,47.0
2026-08-19 16:12:11,ZONE_A,30.43,81.00,1000.00,100.50,5325.00,68.0
2026-08-19 16:12:13,ZONE_A,30.43,80.00,999.98,100.71,5055.00,47.0
2026-08-19 16:12:15,ZONE_A,30.41,80.00,1000.00,100.49,4261.67,63.0
2026-08-19 16:12:17,ZONE_A,30.39,80.00,1000.01,100.42,4250.83,63.0
2026-08-19 16:12:19,ZONE_A,30.36,80.00,1000.02,100.35,4389.17,54.0
2026-08-19 16:12:21,ZONE_A,30.36,80.00,1000.02,100.37,4817.50,68.0
2026-08-19 16:12:23,ZONE_A,30.35,80.00,1000.04,100.18,5229.17,55.0
2026-08-19 16:12:25,ZONE_A,30.35,80.00,1000.03,100.28,6001.67,62.0
2026-08-19 16:12:27,ZONE_A,30.37,80.00,1000.03,100.28,5905.00,57.0
2026-08-19 16:12:29,ZONE_A,30.35,80.00,1000.04,100.20,6773.33,58.0
2026-08-19 16:12:31,ZONE_A,30.35,80.00,1000.04,100.19,7756.67,54.0
2026-08-19 16:12:33,ZONE_A,30.34,80.00,1000.02,100.34,8264.17,50.0
2026-08-19 16:12:35,ZONE_A,30.32,80.00,1000.06,100.03,6990.00,59.0
2026-08-19 16:12:37,ZONE_A,30.32,80.00,1000.05,100.13,7064.17,43.0
2026-08-19 16:12:39,ZONE_A,30.31,80.00,1000.02,100.37,7498.33,59.0
2026-08-19 16:12:41,ZONE_A,30.32,80.00,1000.02,100.34,7230.83,58.0
2026-08-19 16:12:43,ZONE_A,30.33,80.00,1000.03,100.29,7501.67,54.0
2026-08-19 16:12:45,ZONE_A,30.34,81.00,1000.06,100.01,6505.00,55.0
2026-08-19 16:12:47,ZONE_A,30.33,81.00,1000.06,100.01,6130.00,60.0
2026-08-19 16:12:49,ZONE_A,30.29,81.00,1000.04,100.21,5796.67,55.0
2026-08-19 16:12:51,ZONE_A,30.28,81.00,1000.03,100.28,5683.33,58.0
2026-08-19 16:12:53,ZONE_A,30.30,81.00,1000.02,100.38,5708.33,54.0
2026-08-19 16:12:55,ZONE_A,30.31,81.00,1000.02,100.32,5784.17,59.0
2026-08-19 16:12:57,ZONE_A,30.32,81.00,1000.03,100.26,5861.67,52.0
2026-08-19 16:12:59,ZONE_A,30.30,82.00,1000.02,100.36,5881.67,59.0
2026-08-19 16:13:01,ZONE_A,30.29,82.00,1000.00,100.54,6174.17,55.0
2026-08-19 16:13:03,ZONE_A,30.23,82.00,1000.03,100.29,6474.17,49.0
2026-08-19 16:13:05,ZONE_A,30.18,82.00,1000.08,99.84,6888.33,58.0
2026-08-19 16:13:07,ZONE_A,30.15,82.00,1000.04,100.17,6503.33,54.0
2026-08-19 16:13:09,ZONE_A,30.14,82.00,1000.07,99.96,6747.50,57.0
2026-08-19 16:13:11,ZONE_A,30.12,82.00,1000.05,100.08,6586.67,39.0
2026-08-19 16:13:13,ZONE_A,30.12,82.00,1000.09,99.80,6742.50,56.0
2026-08-19 16:13:15,ZONE_A,30.09,82.00,1000.08,99.87,6666.67,58.0
2026-08-19 16:13:17,ZONE_A,30.06,82.00,1000.06,99.99,7035.00,51.0
2026-08-19 16:13:19,ZONE_A,30.09,82.00,1000.18,99.03,2963.33,56.0
2026-08-19 16:13:21,ZONE_A,30.13,82.00,1000.17,99.05,5556.67,67.0
2026-08-19 16:13:23,ZONE_A,30.17,82.00,1000.19,98.89,6423.33,59.0
2026-08-19 16:13:25,ZONE_A,30.16,82.00,1000.18,98.97,6706.67,51.0
2026-08-19 16:13:27,ZONE_A,30.17,83.00,1000.19,98.95,6758.33,45.0
2026-08-19 16:13:29,ZONE_A,30.15,83.00,1000.19,98.91,6820.00,54.0
2026-08-19 16:13:31,ZONE_A,30.15,83.00,1000.15,99.27,7440.83,58.0
2026-08-19 16:13:33,ZONE_A,30.18,84.00,1000.19,98.90,7460.83,50.0
2026-08-19 16:13:35,ZONE_A,30.19,84.00,1000.16,99.16,7335.83,50.0
2026-08-19 16:13:37,ZONE_A,30.20,84.00,1000.19,98.93,7315.83,49.0
2026-08-19 16:13:39,ZONE_A,30.21,85.00,1000.17,99.06,7305.83,51.0
2026-08-19 16:13:41,ZONE_A,30.24,85.00,1000.17,99.09,7188.33,76.0
2026-08-19 16:13:43,ZONE_A,30.21,85.00,1000.19,98.88,7269.17,68.0
2026-08-19 16:13:45,ZONE_A,30.22,86.00,1000.19,98.89,7251.67,66.0
2026-08-19 16:13:47,ZONE_A,30.22,86.00,1000.18,98.99,5235.83,55.0
2026-08-19 16:13:49,ZONE_A,30.22,86.00,1000.18,99.00,4750.83,50.0
2026-08-19 16:13:51,ZONE_A,30.22,86.00,1000.15,99.22,6781.67,55.0
2026-08-19 16:13:53,ZONE_A,30.18,87.00,1000.19,98.93,6855.83,53.0
2026-08-19 16:13:55,ZONE_A,30.16,87.00,1000.20,98.79,4435.83,48.0
2026-08-19 16:13:57,ZONE_A,30.10,87.00,1000.07,100.06,6238.33,54.0
2026-08-19 16:13:59,ZONE_A,30.06,87.00,1000.03,100.30,5895.00,65.0
2026-08-19 16:14:01,ZONE_A,30.05,86.00,1000.07,99.90,5713.33,63.0
2026-08-19 16:14:03,ZONE_A,30.00,86.00,1000.02,100.36,6274.17,49.0
2026-08-19 16:14:05,ZONE_A,29.96,85.00,999.96,100.82,7100.83,48.0
2026-08-19 16:14:07,ZONE_A,29.92,85.00,1000.00,100.48,6613.33,51.0
2026-08-19 16:14:09,ZONE_A,29.90,85.00,999.98,100.72,6690.83,49.0
2026-08-19 16:14:11,ZONE_A,29.86,84.00,1000.08,99.84,5821.67,30.0
2026-08-19 16:14:13,ZONE_A,29.80,84.00,1000.13,99.42,5431.67,54.0
2026-08-19 16:14:15,ZONE_A,29.77,84.00,1000.13,99.40,5220.00,50.0
2026-08-19 16:14:17,ZONE_A,29.73,84.00,1000.11,99.58,5450.00,87.0
2026-08-19 16:14:19,ZONE_A,29.69,84.00,1000.05,100.08,6554.17,58.0
2026-08-19 16:14:21,ZONE_A,29.69,84.00,1000.00,100.51,6621.67,53.0
2026-08-19 16:14:23,ZONE_A,29.71,84.00,1000.04,100.16,6602.50,59.0
2026-08-19 16:14:25,ZONE_A,29.72,84.00,1000.00,100.48,6378.33,65.0
2026-08-19 16:14:27,ZONE_A,29.72,85.00,1000.06,100.01,4382.50,55.0
2026-08-19 16:14:29,ZONE_A,29.68,84.00,1000.06,100.03,4120.83,48.0
2026-08-19 16:14:31,ZONE_A,29.62,84.00,1000.14,99.35,3796.67,62.0
2026-08-19 16:14:33,ZONE_A,29.60,85.00,1000.14,99.34,4132.50,48.0
2026-08-19 16:14:35,ZONE_A,29.57,85.00,1000.18,98.99,2692.50,50.0
2026-08-19 16:14:37,ZONE_A,29.56,85.00,1000.24,98.45,2395.00,39.0
2026-08-19 16:14:39,ZONE_A,29.51,85.00,1000.15,99.26,2648.33,55.0
2026-08-19 16:14:41,ZONE_A,29.51,85.00,1000.13,99.39,2715.83,59.0
2026-08-19 16:14:43,ZONE_A,29.47,85.00,1000.14,99.36,2734.17,59.0
2026-08-19 16:14:45,ZONE_A,29.45,85.00,1000.16,99.18,4755.83,57.0
2026-08-19 16:14:47,ZONE_A,29.45,85.00,1000.12,99.54,3578.33,72.0
2026-08-19 16:14:49,ZONE_A,29.45,85.00,1000.12,99.52,5380.00,61.0
2026-08-19 16:14:51,ZONE_A,29.46,85.00,1000.13,99.42,4970.00,59.0
2026-08-19 16:14:53,ZONE_A,29.47,85.00,1000.09,99.74,4770.83,54.0
2026-08-19 16:14:55,ZONE_A,29.47,85.00,1000.15,99.25,4938.33,52.0
2026-08-19 16:14:57,ZONE_A,29.49,85.00,1000.11,99.61,4792.50,68.0
2026-08-19 16:14:59,ZONE_A,29.50,85.00,1000.17,99.08,4792.50,63.0
2026-08-19 16:15:01,ZONE_A,29.50,85.00,1000.13,99.45,4876.67,48.0
2026-08-19 16:15:03,ZONE_A,29.50,85.00,1000.11,99.47,4726.67,58.0
2026-08-19 16:15:05,ZONE_A,29.51,85.00,1000.14,99.33,5253.33,55.0
2026-08-19 16:15:07,ZONE_A,29.53,85.00,1000.15,99.27,3854.17,56.0
2026-08-19 16:15:09,ZONE_A,29.52,85.00,1000.12,99.53,5165.00,64.0
2026-08-19 16:15:11,ZONE_A,29.53,85.00,1000.14,99.38,5209.17,46.0
2026-08-19 16:15:13,ZONE_A,29.52,85.00,1000.15,99.22,5249.17,63.0
2026-08-19 16:15:15,ZONE_A,29.53,85.00,1000.11,99.59,5204.17,57.0
2026-08-19 16:15:17,ZONE_A,29.54,85.00,1000.16,99.20,5174.17,65.0
2026-08-19 16:15:19,ZONE_A,29.52,85.00,1000.14,99.33,5258.33,59.0
2026-08-19 16:15:21,ZONE_A,29.52,85.00,1000.16,99.16,5176.67,57.0
2026-08-19 16:15:23,ZONE_A,29.52,85.00,1000.12,99.53,5076.67,57.0
2026-08-19 16:15:25,ZONE_A,29.50,85.00,1000.11,99.55,4889.17,37.0
2026-08-19 16:15:27,ZONE_A,29.51,85.00,1000.10,99.64,4568.33,50.0
2026-08-19 16:15:29,ZONE_A,29.49,85.00,1000.13,99.40,4855.83,50.0
2026-08-19 16:15:31,ZONE_A,29.48,85.00,1000.15,99.22,5057.50,57.0
2026-08-19 16:15:33,ZONE_A,29.47,85.00,1000.16,99.17,5033.33,66.0
2026-08-19 16:15:35,ZONE_A,29.44,85.00,1000.17,99.07,5183.33,35.0
2026-08-19 16:15:37,ZONE_A,29.39,85.00,1000.29,98.08,5227.50,49.0
2026-08-19 16:15:39,ZONE_A,29.36,85.00,1000.19,98.93,4793.33,80.0
2026-08-19 16:15:41,ZONE_A,29.34,85.00,1000.10,99.64,4949.17,57.0
2026-08-19 16:15:43,ZONE_A,29.32,85.00,1000.14,99.33,5298.33,64.0
2026-08-19 16:15:45,ZONE_A,29.30,85.00,1000.15,99.22,5491.67,76.0
2026-08-19 16:15:47,ZONE_A,29.29,85.00,1000.22,98.68,5468.33,85.0
2026-08-19 16:15:49,ZONE_A,29.27,85.00,1000.16,99.19,5817.50,59.0
2026-08-19 16:15:51,ZONE_A,29.28,85.00,1000.09,99.75,5609.17,44.0
2026-08-19 16:15:53,ZONE_A,29.27,86.00,1000.10,99.64,5583.33,46.0
2026-08-19 16:15:55,ZONE_A,29.26,86.00,1000.11,99.56,5254.17,51.0
2026-08-19 16:15:57,ZONE_A,29.25,86.00,1000.17,99.12,5265.83,87.0
2026-08-19 16:15:59,ZONE_A,29.25,86.00,1000.13,99.16,5668.33,62.0
2026-08-19 16:16:01,ZONE_A,29.22,86.00,1000.07,99.95,5228.33,53.0
2026-08-19 16:16:03,ZONE_A,29.25,86.00,1000.14,99.31,5355.83,55.0
2026-08-19 16:16:05,ZONE_A,29.22,86.00,1000.09,99.80,5461.67,58.0
2026-08-19 16:16:07,ZONE_A,29.24,86.00,1000.12,99.54,5897.50,68.0
2026-08-19 16:16:09,ZONE_A,29.24,86.00,1000.06,100.03,6004.17,75.0
2026-08-19 16:16:11,ZONE_A,29.21,86.00,1000.01,100.39,6547.50,44.0
2026-08-19 16:16:13,ZONE_A,29.18,86.00,1000.16,99.21,5861.67,62.0
2026-08-19 16:16:15,ZONE_A,29.15,86.00,1000.09,99.76,5245.83,62.0
2026-08-19 16:16:17,ZONE_A,29.15,86.00,1000.08,99.83,6462.50,57.0
2026-08-19 16:16:19,ZONE_A,29.15,86.00,1000.03,100.27,5801.67,61.0
2026-08-19 16:16:21,ZONE_A,29.19,86.00,1000.09,99.74,5055.00,61.0
2026-08-19 16:16:23,ZONE_A,29.20,87.00,1000.10,99.64,6225.83,59.0
2026-08-19 16:16:25,ZONE_A,29.22,87.00,1000.13,99.40,6024.17,54.0
2026-08-19 16:16:27,ZONE_A,29.24,87.00,1000.07,99.96,6378.33,54.0
2026-08-19 16:16:29,ZONE_A,29.24,87.00,1000.08,99.80,5862.50,58.0
2026-08-19 16:16:31,ZONE_A,29.25,87.00,1000.12,99.49,6252.50,87.0
2026-08-19 16:16:33,ZONE_A,29.26,87.00,1000.10,99.64,5965.83,41.0
2026-08-19 16:16:35,ZONE_A,29.25,87.00,1000.17,99.10,6633.33,35.0
2026-08-19 16:16:37,ZONE_A,29.22,87.00,1000.09,99.76,6356.67,52.0
2026-08-19 16:16:39,ZONE_A,29.19,87.00,1000.10,99.65,6005.83,48.0
2026-08-19 16:16:41,ZONE_A,29.14,87.00,1000.08,99.83,2849.17,30.0
2026-08-19 16:16:43,ZONE_A,29.03,87.00,999.99,100.63,1110.83,87.0
2026-08-19 16:16:45,ZONE_A,28.98,87.00,1000.05,100.07,209.17,40.0
2026-08-19 16:16:47,ZONE_A,28.94,87.00,1000.09,99.77,1570.00,52.0
2026-08-19 16:16:49,ZONE_A,28.90,87.00,1000.10,99.70,2911.67,49.0
2026-08-19 16:16:51,ZONE_A,28.88,87.00,1000.09,99.78,2375.00,55.0
2026-08-19 16:16:53,ZONE_A,28.90,87.00,1000.03,100.25,3773.33,65.0
2026-08-19 16:16:55,ZONE_A,28.92,87.00,1000.02,100.34,2918.33,53.0
2026-08-19 16:16:57,ZONE_A,28.96,87.00,999.99,100.59,2800.00,55.0
2026-08-19 16:16:59,ZONE_A,28.99,87.00,999.99,100.59,2785.00,48.0
2026-08-19 16:17:01,ZONE_A,29.04,87.00,1000.03,100.27,5315.83,57.0
2026-08-19 16:17:03,ZONE_A,29.06,87.00,1000.04,99.87,1695.00,58.0
2026-08-19 16:17:05,ZONE_A,29.09,87.00,1000.02,100.37,1782.50,66.0
2026-08-19 16:17:07,ZONE_A,29.13,87.00,1000.03,100.29,5136.67,59.0
2026-08-19 16:17:09,ZONE_A,29.15,87.00,1000.06,99.97,5922.50,53.0
2026-08-19 16:17:11,ZONE_A,29.18,87.00,1000.05,100.13,6572.50,50.0
2026-08-19 16:17:13,ZONE_A,29.19,87.00,999.96,100.82,7445.00,55.0
2026-08-19 16:17:15,ZONE_A,29.20,87.00,1000.07,99.94,7546.67,59.0
2026-08-19 16:17:17,ZONE_A,29.17,87.00,1000.05,100.07,6662.50,55.0
2026-08-19 16:17:19,ZONE_A,29.18,87.00,1000.02,100.36,6235.00,62.0
2026-08-19 16:17:21,ZONE_A,29.19,87.00,1000.06,99.97,6495.83,55.0
2026-08-19 16:17:23,ZONE_A,29.21,87.00,1000.04,100.15,6575.83,57.0
2026-08-19 16:17:25,ZONE_A,29.22,88.00,1000.00,100.52,6670.00,77.0
2026-08-19 16:17:27,ZONE_A,29.26,88.00,1000.04,100.15,6885.00,64.0
2026-08-19 16:17:29,ZONE_A,29.30,88.00,1000.04,100.14,6883.33,57.0
2026-08-19 16:17:31,ZONE_A,29.33,88.00,1000.06,100.04,6377.50,62.0
2026-08-19 16:17:33,ZONE_A,29.35,88.00,1000.04,100.22,6725.83,67.0
2026-08-19 16:17:35,ZONE_A,29.37,88.00,1000.04,100.18,6661.67,51.0
2026-08-19 16:17:37,ZONE_A,29.38,88.00,1000.06,100.04,4683.33,55.0
2026-08-19 16:17:39,ZONE_A,29.30,88.00,1000.06,99.99,4271.67,55.0
2026-08-19 16:17:41,ZONE_A,29.26,88.00,1000.05,100.12,4397.50,56.0
2026-08-19 16:17:43,ZONE_A,29.19,88.00,1000.03,100.23,3250.83,64.0
2026-08-19 16:17:45,ZONE_A,29.13,88.00,1000.03,100.24,4730.83,54.0
2026-08-19 16:17:47,ZONE_A,29.11,88.00,1000.00,100.49,3956.67,65.0
2026-08-19 16:17:49,ZONE_A,29.11,88.00,1000.01,100.40,3969.17,63.0
2026-08-19 16:17:51,ZONE_A,29.08,88.00,1000.05,100.06,4172.50,59.0
2026-08-19 16:17:53,ZONE_A,29.10,88.00,1000.01,100.39,4070.00,55.0
2026-08-19 16:17:55,ZONE_A,29.10,87.00,1000.02,100.35,3956.67,68.0
2026-08-19 16:17:57,ZONE_A,29.12,87.00,1000.01,100.45,3969.17,54.0
2026-08-19 16:17:59,ZONE_A,29.13,87.00,999.99,100.63,3956.67,50.0
2026-08-19 16:18:01,ZONE_A,29.14,87.00,1000.00,100.55,4025.83,58.0
2026-08-19 16:18:03,ZONE_A,29.16,87.00,1000.01,100.43,4146.67,62.0
2026-08-19 16:18:05,ZONE_A,29.12,88.00,999.99,100.57,7053.33,59.0
2026-08-19 16:18:07,ZONE_A,29.09,88.00,1000.01,100.47,7419.17,73.0
2026-08-19 16:18:09,ZONE_A,29.10,88.00,1000.07,99.91,8867.50,62.0
2026-08-19 16:18:11,ZONE_A,29.08,88.00,1000.10,99.71,8705.83,45.0
2026-08-19 16:18:13,ZONE_A,29.06,88.00,1000.07,99.91,8398.33,60.0
2026-08-19 16:18:15,ZONE_A,29.09,88.00,1000.03,100.24,6844.17,57.0
2026-08-19 16:18:17,ZONE_A,29.10,88.00,1000.03,100.26,4955.83,59.0
2026-08-19 16:18:19,ZONE_A,29.10,88.00,1000.05,100.12,2887.50,58.0
2026-08-19 16:18:21,ZONE_A,29.07,88.00,1000.02,100.33,2452.50,59.0
2026-08-19 16:18:23,ZONE_A,29.08,88.00,1000.04,100.19,3529.17,59.0
2026-08-19 16:18:25,ZONE_A,29.10,88.00,999.96,100.84,6133.33,79.0
2026-08-19 16:18:27,ZONE_A,29.11,88.00,1000.01,100.44,5521.67,49.0
2026-08-19 16:18:29,ZONE_A,29.12,88.00,1000.01,100.43,5445.83,61.0
2026-08-19 16:18:31,ZONE_A,29.14,88.00,1000.00,100.52,5122.50,74.0
2026-08-19 16:18:33,ZONE_A,29.17,88.00,999.99,100.61,5495.83,54.0
2026-08-19 16:18:35,ZONE_A,29.14,88.00,999.96,100.85,5543.33,62.0
2026-08-19 16:18:37,ZONE_A,29.14,88.00,1000.00,100.51,5605.00,66.0
2026-08-19 16:18:39,ZONE_A,29.15,88.00,999.99,100.59,5518.33,56.0
2026-08-19 16:18:41,ZONE_A,29.15,88.00,999.98,100.73,5552.50,58.0
2026-08-19 16:18:43,ZONE_A,29.15,88.00,999.96,100.83,5694.17,52.0
2026-08-19 16:18:45,ZONE_A,29.16,88.00,999.93,101.08,6116.67,40.0
2026-08-19 16:18:47,ZONE_A,29.17,88.00,1000.01,100.40,5766.67,56.0
2026-08-19 16:18:49,ZONE_A,29.18,88.00,999.99,100.60,5353.33,49.0
2026-08-19 16:18:51,ZONE_A,29.14,88.00,1000.07,99.93,2873.33,60.0
2026-08-19 16:18:53,ZONE_A,29.07,88.00,1000.03,100.22,1583.33,57.0
2026-08-19 16:18:55,ZONE_A,29.05,88.00,1000.11,99.57,1672.50,56.0
2026-08-19 16:18:57,ZONE_A,29.04,88.00,1000.05,100.06,4001.67,46.0
2026-08-19 16:18:59,ZONE_A,29.02,88.00,1000.09,99.76,5048.33,44.0
2026-08-19 16:19:01,ZONE_A,29.01,88.00,1000.09,99.75,5660.00,55.0
2026-08-19 16:19:03,ZONE_A,29.02,88.00,1000.10,99.69,6198.33,63.0
2026-08-19 16:19:05,ZONE_A,29.04,88.00,1000.08,99.86,5496.67,65.0
2026-08-19 16:19:07,ZONE_A,29.04,88.00,1000.06,99.98,6839.17,60.0
2026-08-19 16:19:09,ZONE_A,29.04,88.00,1000.04,100.20,5448.33,59.0
2026-08-19 16:19:11,ZONE_A,29.00,88.00,1000.03,100.22,2488.33,60.0
2026-08-19 16:19:13,ZONE_A,28.99,88.00,1000.00,100.52,2061.67,49.0
2026-08-19 16:19:15,ZONE_A,28.94,88.00,999.99,100.57,2130.83,80.0
2026-08-19 16:19:17,ZONE_A,28.91,88.00,999.97,100.80,2120.83,35.0
2026-08-19 16:19:19,ZONE_A,28.89,88.00,1000.02,100.52,2045.83,55.0
2026-08-19 16:19:21,ZONE_A,28.88,88.00,999.99,100.62,2026.67,59.0
2026-08-19 16:19:23,ZONE_A,28.85,88.00,1000.01,100.43,2316.67,53.0
2026-08-19 16:19:25,ZONE_A,28.85,88.00,999.97,100.79,2552.50,59.0
2026-08-19 16:19:27,ZONE_A,28.86,88.00,1000.00,100.51,3598.33,59.0
2026-08-19 16:19:29,ZONE_A,28.88,88.00,999.97,100.77,3225.83,56.0
2026-08-19 16:19:31,ZONE_A,28.90,88.00,1000.00,100.49,3455.83,55.0
2026-08-19 16:19:33,ZONE_A,28.90,88.00,1000.00,100.52,2289.17,61.0
2026-08-19 16:19:35,ZONE_A,28.91,89.00,999.97,100.73,2520.00,50.0
2026-08-19 16:19:37,ZONE_A,28.93,89.00,1000.00,100.51,2701.67,56.0
2026-08-19 16:19:39,ZONE_A,28.93,89.00,999.95,100.94,2770.83,53.0
2026-08-19 16:19:41,ZONE_A,28.93,89.00,1000.01,100.46,2742.50,58.0
2026-08-19 16:19:43,ZONE_A,28.95,89.00,999.97,100.76,2949.17,38.0
2026-08-19 16:19:45,ZONE_A,28.97,89.00,1000.01,100.43,2911.67,71.0
2026-08-19 16:19:47,ZONE_A,28.93,89.00,1000.08,99.87,4664.17,61.0
2026-08-19 16:19:49,ZONE_A,28.92,89.00,1000.02,100.37,5282.50,54.0
2026-08-19 16:19:51,ZONE_A,28.91,89.00,1000.06,100.03,5456.67,44.0
2026-08-19 16:19:53,ZONE_A,28.90,89.00,1000.15,99.28,6795.00,61.0
2026-08-19 16:19:55,ZONE_A,28.88,89.00,1000.03,100.26,3840.00,84.0
2026-08-19 16:19:57,ZONE_A,28.85,89.00,1000.02,100.32,5545.83,56.0
2026-08-19 16:19:59,ZONE_A,28.86,89.00,1000.03,100.22,6943.33,45.0
2026-08-19 16:20:01,ZONE_A,28.83,89.00,1000.03,100.24,7025.00,57.0
2026-08-19 16:20:03,ZONE_A,28.80,89.00,1000.08,99.81,3974.17,30.0
2026-08-19 16:20:05,ZONE_A,28.75,89.00,1000.13,99.38,3392.50,87.0
2026-08-19 16:20:07,ZONE_A,28.67,89.00,1000.02,100.31,1521.67,37.0
2026-08-19 16:20:09,ZONE_A,28.67,89.00,1000.05,100.10,3667.50,30.0
2026-08-19 16:20:11,ZONE_A,28.66,89.00,1000.08,99.85,4972.50,52.0
2026-08-19 16:20:13,ZONE_A,28.67,89.00,1000.05,100.12,6519.17,51.0
2026-08-19 16:20:15,ZONE_A,28.66,89.00,1000.02,100.31,7905.00,55.0
2026-08-19 16:20:17,ZONE_A,28.71,89.00,1000.02,100.33,7489.17,70.0
2026-08-19 16:20:19,ZONE_A,28.73,89.00,1000.05,100.11,6659.17,61.0
2026-08-19 16:20:21,ZONE_A,28.76,89.00,999.99,100.62,6413.33,59.0
2026-08-19 16:20:23,ZONE_A,28.79,89.00,999.99,100.56,5958.33,50.0
2026-08-19 16:20:25,ZONE_A,28.82,89.00,1000.01,100.40,6312.50,53.0
2026-08-19 16:20:27,ZONE_A,28.81,89.00,999.98,100.68,6321.67,46.0
2026-08-19 16:20:29,ZONE_A,28.81,89.00,1000.04,100.19,7754.17,48.0
2026-08-19 16:20:31,ZONE_A,28.79,89.00,1000.01,100.40,7087.50,65.0
2026-08-19 16:20:33,ZONE_A,28.80,89.00,1000.03,100.24,6074.17,56.0
2026-08-19 16:20:35,ZONE_A,28.83,89.00,1000.03,100.30,6807.50,62.0
2026-08-19 16:20:37,ZONE_A,28.85,89.00,1000.03,100.29,7191.67,60.0
2026-08-19 16:20:39,ZONE_A,28.86,89.00,1000.01,100.40,7486.67,58.0
2026-08-19 16:20:41,ZONE_A,28.89,89.00,1000.01,100.43,7470.00,53.0
2026-08-19 16:20:43,ZONE_A,28.90,89.00,1000.03,100.30,7926.67,56.0
2026-08-19 16:20:45,ZONE_A,28.88,89.00,1000.00,100.51,7244.17,61.0
2026-08-19 16:20:47,ZONE_A,28.88,89.00,999.99,100.64,5526.67,45.0
2026-08-19 16:20:49,ZONE_A,28.88,89.00,1000.02,100.31,6620.83,54.0
2026-08-19 16:20:51,ZONE_A,28.87,89.00,999.99,100.60,6356.67,61.0
2026-08-19 16:20:53,ZONE_A,28.89,89.00,1000.02,100.38,6346.67,43.0
2026-08-19 16:20:55,ZONE_A,28.88,89.00,999.98,100.69,6443.33,54.0
2026-08-19 16:20:57,ZONE_A,28.88,89.00,1000.00,100.52,6475.00,57.0
2026-08-19 16:20:59,ZONE_A,28.87,89.00,1000.02,100.31,6620.00,39.0
2026-08-19 16:21:01,ZONE_A,28.85,89.00,1000.00,100.50,6331.67,55.0
2026-08-19 16:21:03,ZONE_A,28.83,90.00,1000.01,100.43,6697.50,50.0
2026-08-19 16:21:05,ZONE_A,28.81,90.00,999.99,100.60,3213.33,58.0
2026-08-19 16:21:07,ZONE_A,28.81,90.00,1000.04,100.22,5382.50,57.0
2026-08-19 16:21:09,ZONE_A,28.81,90.00,1000.01,100.40,389.17,67.0
2026-08-19 16:21:11,ZONE_A,28.79,90.00,1000.00,100.48,375.83,63.0
2026-08-19 16:21:13,ZONE_A,28.80,90.00,1000.02,100.35,458.33,67.0
2026-08-19 16:21:15,ZONE_A,28.80,90.00,1000.05,99.87,564.17,52.0
2026-08-19 16:21:17,ZONE_A,28.82,90.00,1000.05,100.13,2065.00,67.0
2026-08-19 16:21:19,ZONE_A,28.84,90.00,1000.07,99.97,3490.00,51.0
2026-08-19 16:21:21,ZONE_A,28.84,90.00,1000.08,99.88,5410.00,62.0
2026-08-19 16:21:23,ZONE_A,28.85,90.00,1000.03,100.25,6246.67,63.0
2026-08-19 16:21:25,ZONE_A,28.85,90.00,1000.06,100.02,6048.33,51.0
2026-08-19 16:21:27,ZONE_A,28.88,90.00,1000.05,100.10,5955.83,60.0
2026-08-19 16:21:29,ZONE_A,28.90,90.00,1000.04,100.14,5277.50,60.0
2026-08-19 16:21:31,ZONE_A,28.90,90.00,1000.06,99.97,3933.33,54.0
2026-08-19 16:21:33,ZONE_A,28.88,89.00,1000.05,100.06,1247.50,70.0
2026-08-19 16:21:35,ZONE_A,28.89,89.00,1000.06,100.05,1204.17,74.0
2026-08-19 16:21:37,ZONE_A,28.88,89.00,1000.08,99.86,947.50,48.0
2026-08-19 16:21:39,ZONE_A,28.88,89.00,1000.02,100.37,504.17,59.0
2026-08-19 16:21:41,ZONE_A,28.87,89.00,1000.05,100.12,906.67,58.0
2026-08-19 16:21:43,ZONE_A,28.87,90.00,1000.04,100.15,3624.17,56.0
2026-08-19 16:21:45,ZONE_A,28.90,90.00,1000.05,100.06,899.17,58.0
2026-08-19 16:21:47,ZONE_A,28.91,90.00,1000.03,100.27,496.67,59.0
2026-08-19 16:21:49,ZONE_A,28.92,90.00,1000.03,100.25,511.67,62.0
2026-08-19 16:21:51,ZONE_A,28.93,90.00,1000.06,100.00,508.33,59.0
2026-08-19 16:21:53,ZONE_A,28.94,90.00,1000.05,100.11,460.83,58.0
2026-08-19 16:21:55,ZONE_A,28.94,90.00,1000.04,100.16,550.00,55.0
2026-08-19 16:21:57,ZONE_A,28.95,90.00,1000.06,100.03,582.50,57.0
2026-08-19 16:21:59,ZONE_A,28.95,90.00,1000.04,100.19,589.17,60.0
2026-08-19 16:22:01,ZONE_A,28.96,90.00,1000.05,100.09,577.50,49.0
2026-08-19 16:22:03,ZONE_A,28.96,90.00,1000.05,100.05,513.33,63.0
2026-08-19 16:22:05,ZONE_A,28.95,90.00,1000.03,100.24,559.17,39.0
2026-08-19 16:22:07,ZONE_A,28.96,90.00,1000.04,100.17,555.83,56.0
2026-08-19 16:22:09,ZONE_A,28.96,90.00,1000.04,100.14,546.67,64.0
2026-08-19 16:22:11,ZONE_A,28.95,90.00,1000.02,100.33,557.50,74.0
2026-08-19 16:22:13,ZONE_A,28.94,90.00,1000.06,100.00,551.67,83.0
2026-08-19 16:22:15,ZONE_A,28.94,90.00,1000.05,100.13,546.67,59.0
2026-08-19 16:22:17,ZONE_A,28.95,90.00,1000.06,99.97,548.33,59.0
2026-08-19 16:22:19,ZONE_A,28.96,90.00,1000.06,99.97,545.00,32.0
2026-08-19 16:22:21,ZONE_A,28.97,90.00,1000.03,100.26,545.00,58.0
2026-08-19 16:22:23,ZONE_A,28.99,90.00,1000.05,100.12,555.00,55.0
2026-08-19 16:22:25,ZONE_A,29.00,90.00,1000.04,100.21,548.33,51.0
2026-08-19 16:22:27,ZONE_A,28.99,90.00,1000.05,100.12,528.33,57.0
2026-08-19 16:22:29,ZONE_A,28.99,90.00,1000.05,100.11,520.83,59.0
2026-08-19 16:22:31,ZONE_A,28.99,90.00,1000.07,99.93,571.67,54.0
2026-08-19 16:22:33,ZONE_A,29.01,90.00,1000.05,100.06,138.33,54.0
2026-08-19 16:22:35,ZONE_A,28.96,90.00,1000.03,100.25,462.50,56.0
2026-08-19 16:22:37,ZONE_A,28.94,90.00,1000.02,100.32,275.83,61.0
2026-08-19 16:22:39,ZONE_A,28.93,90.00,1000.05,100.10,522.50,66.0
2026-08-19 16:22:41,ZONE_A,28.89,90.00,1000.08,99.87,715.00,46.0
2026-08-19 16:22:43,ZONE_A,28.88,90.00,1000.06,100.04,808.33,58.0
2026-08-19 16:22:45,ZONE_A,28.89,90.00,1000.08,99.80,870.00,55.0
2026-08-19 16:22:47,ZONE_A,28.89,90.00,1000.03,100.27,860.00,56.0
2026-08-19 16:22:49,ZONE_A,28.89,90.00,1000.06,100.03,783.33,54.0
2026-08-19 16:22:51,ZONE_A,28.88,90.00,1000.06,100.00,714.17,64.0
2026-08-19 16:22:53,ZONE_A,28.86,90.00,1000.04,100.16,685.00,59.0
2026-08-19 16:22:55,ZONE_A,28.87,90.00,1000.06,100.01,538.33,52.0
2026-08-19 16:22:57,ZONE_A,28.85,90.00,1000.03,100.28,463.33,56.0
2026-08-19 16:22:59,ZONE_A,28.86,90.00,1000.01,100.45,183.33,58.0
2026-08-19 16:23:01,ZONE_A,28.86,90.00,1000.03,100.23,155.83,53.0
2026-08-19 16:23:03,ZONE_A,28.86,90.00,1000.04,100.15,252.50,56.0
2026-08-19 16:23:05,ZONE_A,28.86,90.00,1000.03,100.30,447.50,59.0
2026-08-19 16:23:07,ZONE_A,28.86,90.00,1000.03,100.23,669.17,64.0
2026-08-19 16:23:09,ZONE_A,28.88,90.00,1000.03,100.24,840.00,55.0
2026-08-19 16:23:11,ZONE_A,28.87,90.00,1000.04,100.20,788.33,53.0
2026-08-19 16:23:13,ZONE_A,28.85,90.00,999.99,100.63,641.67,55.0
2026-08-19 16:23:15,ZONE_A,28.84,90.00,999.99,100.62,553.33,59.0
2026-08-19 16:23:17,ZONE_A,28.82,90.00,999.99,100.60,719.17,58.0
2026-08-19 16:23:19,ZONE_A,28.79,90.00,1000.02,100.37,664.17,58.0
2026-08-19 16:23:21,ZONE_A,28.76,90.00,999.99,100.59,576.67,57.0
2026-08-19 16:23:23,ZONE_A,28.76,90.00,999.99,100.60,700.00,60.0
2026-08-19 16:23:25,ZONE_A,28.72,90.00,999.99,100.56,679.17,53.0
2026-08-19 16:23:27,ZONE_A,28.73,90.00,1000.03,100.28,778.33,52.0
2026-08-19 16:23:29,ZONE_A,28.73,90.00,999.99,100.59,690.83,54.0
2026-08-19 16:23:31,ZONE_A,28.75,90.00,1000.02,100.38,755.00,53.0
2026-08-19 16:23:33,ZONE_A,28.77,90.00,1000.03,100.25,983.33,56.0
2026-08-19 16:23:35,ZONE_A,28.78,90.00,1000.03,100.24,780.00,58.0
2026-08-19 16:23:37,ZONE_A,28.80,90.00,999.98,100.70,790.83,63.0
2026-08-19 16:23:39,ZONE_A,28.81,90.00,999.99,100.57,556.67,64.0
2026-08-19 16:23:41,ZONE_A,28.81,90.00,1000.00,100.49,582.50,64.0
2026-08-19 16:23:43,ZONE_A,28.83,90.00,1000.01,100.46,533.33,59.0
2026-08-19 16:23:45,ZONE_A,28.83,90.00,1000.02,100.33,292.50,70.0
2026-08-19 16:23:47,ZONE_A,28.84,90.00,999.97,100.77,310.00,61.0
2026-08-19 16:23:49,ZONE_A,28.84,90.00,1000.01,100.42,257.50,54.0
2026-08-19 16:23:51,ZONE_A,28.85,90.00,1000.02,100.37,446.67,59.0
2026-08-19 16:23:53,ZONE_A,28.86,90.00,1000.02,100.33,575.83,54.0
2026-08-19 16:23:55,ZONE_A,28.88,90.00,1000.05,100.09,640.83,64.0
2026-08-19 16:23:57,ZONE_A,28.88,90.00,1000.03,100.27,855.83,54.0
2026-08-19 16:23:59,ZONE_A,28.88,90.00,1000.05,100.07,380.00,63.0
2026-08-19 16:24:01,ZONE_A,28.88,90.00,1000.06,100.05,614.17,64.0
2026-08-19 16:24:03,ZONE_A,28.86,90.00,1000.01,100.45,647.50,59.0
2026-08-19 16:24:05,ZONE_A,28.84,90.00,1000.00,100.49,460.00,58.0
2026-08-19 16:24:07,ZONE_A,28.81,90.00,1000.01,100.46,295.83,58.0
2026-08-19 16:24:09,ZONE_A,28.80,90.00,999.96,100.84,150.83,55.0
2026-08-19 16:24:11,ZONE_A,28.79,90.00,999.86,101.73,2376.67,61.0
2026-08-19 16:24:13,ZONE_A,28.80,90.00,999.89,101.40,2380.00,55.0
2026-08-19 16:24:15,ZONE_A,28.81,90.00,999.90,101.38,2160.83,58.0
2026-08-19 16:24:17,ZONE_A,28.79,90.00,999.87,101.61,50.00,58.0
2026-08-19 16:24:19,ZONE_A,28.81,90.00,999.91,101.24,48.33,57.0
2026-08-19 16:24:21,ZONE_A,28.81,90.00,999.92,101.18,76.67,59.0
2026-08-19 16:24:23,ZONE_A,28.82,90.00,999.92,101.15,74.17,56.0
2026-08-19 16:24:25,ZONE_A,28.83,90.00,999.93,101.08,73.33,52.0
2026-08-19 16:24:27,ZONE_A,28.83,90.00,999.93,101.10,71.67,54.0
2026-08-19 16:24:29,ZONE_A,28.83,90.00,999.92,101.17,65.83,53.0
2026-08-19 16:24:31,ZONE_A,28.84,90.00,999.94,101.01,65.83,53.0
2026-08-19 16:24:33,ZONE_A,28.84,89.00,999.92,101.17,66.67,58.0
2026-08-19 16:24:35,ZONE_A,28.85,89.00,999.90,101.34,63.33,58.0
2026-08-19 16:24:37,ZONE_A,28.86,89.00,999.91,101.21,61.67,55.0
2026-08-19 16:24:39,ZONE_A,28.86,89.00,999.93,101.13,61.67,56.0
2026-08-19 16:24:41,ZONE_A,28.86,89.00,999.91,101.31,60.83,63.0
2026-08-19 16:24:43,ZONE_A,28.87,89.00,999.92,101.20,60.83,59.0
2026-08-19 16:24:45,ZONE_A,28.87,89.00,999.90,101.32,61.67,59.0
2026-08-19 16:24:47,ZONE_A,28.87,90.00,999.90,101.34,60.83,56.0
2026-08-19 16:24:49,ZONE_A,28.88,89.00,999.95,100.98,61.67,53.0
2026-08-19 16:24:51,ZONE_A,28.88,90.00,999.90,101.35,59.17,45.0
2026-08-19 16:24:53,ZONE_A,28.90,90.00,999.89,101.46,56.67,62.0
2026-08-19 16:24:55,ZONE_A,28.91,90.00,999.89,101.43,59.17,50.0
2026-08-19 16:24:57,ZONE_A,28.93,90.00,999.88,101.49,64.17,50.0
2026-08-19 16:24:59,ZONE_A,28.94,90.00,999.89,101.44,65.00,52.0
2026-08-19 16:25:01,ZONE_A,28.95,90.00,999.93,101.13,65.00,51.0
2026-08-19 16:25:03,ZONE_A,28.95,90.00,999.91,101.26,64.17,57.0
2026-08-19 16:25:05,ZONE_A,28.96,89.00,999.89,101.42,64.17,57.0
2026-08-19 16:25:07,ZONE_A,28.96,89.00,999.90,101.35,64.17,56.0
2026-08-19 16:25:09,ZONE_A,28.97,89.00,999.88,101.52,64.17,62.0
2026-08-19 16:25:11,ZONE_A,28.97,89.00,999.88,101.52,64.17,58.0
2026-08-19 16:25:13,ZONE_A,28.98,89.00,999.88,101.56,63.33,58.0
2026-08-19 16:25:15,ZONE_A,29.00,89.00,999.89,101.44,63.33,57.0
2026-08-19 16:25:17,ZONE_A,29.00,89.00,999.88,101.54,63.33,63.0
2026-08-19 16:25:19,ZONE_A,29.01,89.00,999.90,101.36,63.33,59.0
2026-08-19 16:25:21,ZONE_A,29.02,89.00,999.90,101.37,63.33,55.0
2026-08-19 16:25:23,ZONE_A,29.03,89.00,999.93,101.12,63.33,54.0
2026-08-19 16:25:25,ZONE_A,29.02,89.00,999.90,101.38,63.33,53.0
2026-08-19 16:25:27,ZONE_A,29.03,89.00,999.92,101.22,62.50,57.0
2026-08-19 16:25:29,ZONE_A,29.03,89.00,999.92,101.22,62.50,53.0
2026-08-19 16:25:31,ZONE_A,29.02,89.00,999.89,101.41,62.50,61.0
2026-08-19 16:25:33,ZONE_A,29.03,89.00,999.92,101.16,62.50,54.0
2026-08-19 16:25:35,ZONE_A,29.02,89.00,999.91,101.24,62.50,67.0
2026-08-19 16:25:37,ZONE_A,29.03,89.00,999.93,101.12,62.50,54.0
2026-08-19 16:25:39,ZONE_A,29.03,89.00,999.91,101.24,62.50,59.0
2026-08-19 16:25:41,ZONE_A,29.03,89.00,999.90,101.33,61.67,56.0
2026-08-19 16:25:43,ZONE_A,29.03,89.00,999.90,101.33,61.67,57.0
2026-08-19 16:25:45,ZONE_A,29.03,89.00,999.92,101.22,61.67,56.0
2026-08-19 16:25:47,ZONE_A,29.03,89.00,999.92,101.16,61.67,56.0
2026-08-19 16:25:49,ZONE_A,29.03,89.00,999.91,101.27,61.67,59.0
2026-08-19 16:25:51,ZONE_A,29.04,89.00,999.92,101.22,61.67,67.0
2026-08-19 16:25:53,ZONE_A,29.03,89.00,999.92,101.21,61.67,57.0
2026-08-19 16:25:55,ZONE_A,29.04,89.00,999.93,101.07,61.67,53.0
2026-08-19 16:25:57,ZONE_A,29.04,89.00,999.93,101.12,60.83,64.0
2026-08-19 16:25:59,ZONE_A,29.04,89.00,999.90,101.37,60.83,58.0
2026-08-19 16:26:01,ZONE_A,29.05,89.00,999.91,101.29,60.83,56.0
2026-08-19 16:26:03,ZONE_A,29.06,89.00,999.91,101.23,60.83,53.0
2026-08-19 16:26:05,ZONE_A,29.07,89.00,999.90,101.37,60.83,56.0
2026-08-19 16:26:07,ZONE_A,29.06,89.00,999.88,101.50,60.83,63.0
2026-08-19 16:26:09,ZONE_A,29.07,89.00,999.90,101.40,60.83,55.0
2026-08-19 16:26:11,ZONE_A,29.08,89.00,999.93,101.12,60.83,55.0
2026-08-19 16:26:13,ZONE_A,29.07,89.00,999.92,101.15,60.00,59.0
2026-08-19 16:26:15,ZONE_A,29.08,89.00,999.90,101.39,60.00,62.0
2026-08-19 16:26:17,ZONE_A,29.07,88.00,999.93,101.10,60.00,60.0
2026-08-19 16:26:19,ZONE_A,29.07,88.00,999.90,101.34,60.00,57.0
2026-08-19 16:26:21,ZONE_A,29.06,88.00,999.89,101.43,56.67,57.0
2026-08-19 16:26:23,ZONE_A,29.05,88.00,999.89,101.43,57.50,56.0
2026-08-19 16:26:25,ZONE_A,29.06,88.00,999.90,101.32,59.17,56.0
2026-08-19 16:26:27,ZONE_A,29.06,88.00,999.88,101.52,59.17,56.0
2026-08-19 16:26:29,ZONE_A,29.06,88.00,999.89,101.42,60.00,66.0
2026-08-19 16:26:31,ZONE_A,29.06,88.00,999.92,101.22,60.00,56.0
2026-08-19 16:26:33,ZONE_A,29.06,88.00,999.92,101.20,59.17,56.0
2026-08-19 16:26:35,ZONE_A,29.05,88.00,999.91,101.24,60.00,68.0
2026-08-19 16:26:37,ZONE_A,29.05,88.00,999.92,101.20,60.00,51.0
2026-08-19 16:26:39,ZONE_A,29.05,88.00,999.94,101.03,60.00,50.0
2026-08-19 16:26:41,ZONE_A,29.04,88.00,999.92,101.18,58.33,50.0
2026-08-19 16:26:43,ZONE_A,29.03,88.00,999.91,101.24,59.17,71.0
2026-08-19 16:26:45,ZONE_A,29.04,88.00,999.92,101.18,58.33,49.0
2026-08-19 16:26:47,ZONE_A,29.03,88.00,999.91,101.24,59.17,62.0
2026-08-19 16:26:49,ZONE_A,29.03,88.00,999.91,101.26,59.17,59.0
2026-08-19 16:26:51,ZONE_A,29.03,88.00,999.91,101.24,60.00,54.0
2026-08-19 16:26:53,ZONE_A,29.03,88.00,999.90,101.36,60.00,56.0
2026-08-19 16:26:55,ZONE_A,29.03,88.00,999.92,101.20,60.00,53.0
2026-08-19 16:26:57,ZONE_A,29.02,88.00,999.89,101.47,60.00,53.0
2026-08-19 16:26:59,ZONE_A,29.02,88.00,999.88,101.54,60.00,55.0
2026-08-19 16:27:01,ZONE_A,29.01,88.00,999.89,101.43,60.00,56.0
2026-08-19 16:27:03,ZONE_A,29.01,88.00,999.89,101.44,60.00,60.0
2026-08-19 16:27:05,ZONE_A,29.00,88.00,999.87,101.65,60.00,58.0
2026-08-19 16:27:07,ZONE_A,29.00,88.00,999.88,101.51,60.00,51.0
2026-08-19 16:27:09,ZONE_A,29.00,88.00,999.91,101.27,60.00,58.0
2026-08-19 16:27:11,ZONE_A,29.01,88.00,999.91,101.29,60.00,56.0
2026-08-19 16:27:13,ZONE_A,29.01,88.00,999.89,101.41,60.00,55.0
2026-08-19 16:27:15,ZONE_A,29.01,88.00,999.91,101.27,60.00,59.0
2026-08-19 16:27:17,ZONE_A,29.01,88.00,999.93,101.11,60.00,58.0
2026-08-19 16:27:19,ZONE_A,29.01,88.00,999.89,101.42,60.00,57.0
2026-08-19 16:27:21,ZONE_A,29.00,88.00,999.88,101.50,60.83,55.0
2026-08-19 16:27:23,ZONE_A,29.00,88.00,999.90,101.33,60.83,45.0
2026-08-19 16:27:25,ZONE_A,29.01,88.00,999.87,101.59,60.83,57.0
2026-08-19 16:27:27,ZONE_A,29.02,88.00,999.89,101.46,60.83,53.0
2026-08-19 16:27:29,ZONE_A,29.02,88.00,999.88,101.51,60.83,56.0
2026-08-19 16:27:31,ZONE_A,29.02,88.00,999.86,101.71,60.83,53.0
2026-08-19 16:27:33,ZONE_A,29.02,88.00,999.90,101.37,60.83,55.0
2026-08-19 16:27:35,ZONE_A,29.02,88.00,999.91,101.29,60.83,61.0
2026-08-19 16:27:37,ZONE_A,29.02,88.00,999.88,101.50,60.83,63.0
2026-08-19 16:27:39,ZONE_A,29.01,88.00,999.94,101.02,60.83,52.0
2026-08-19 16:27:41,ZONE_A,29.01,88.00,999.91,101.31,60.83,54.0
2026-08-19 16:27:43,ZONE_A,29.00,88.00,999.89,101.47,61.67,59.0
2026-08-19 16:27:45,ZONE_A,29.01,88.00,999.88,101.50,61.67,47.0
2026-08-19 16:27:47,ZONE_A,29.01,88.00,999.90,101.35,61.67,54.0
2026-08-19 16:27:49,ZONE_A,29.01,88.00,999.91,101.31,61.67,52.0
2026-08-19 16:27:51,ZONE_A,29.01,88.00,999.91,101.25,61.67,61.0
2026-08-19 16:27:53,ZONE_A,29.00,88.00,999.91,101.28,62.50,50.0
2026-08-19 16:27:55,ZONE_A,29.00,88.00,999.89,101.44,61.67,59.0
2026-08-19 16:27:57,ZONE_A,29.01,88.00,999.90,101.36,62.50,55.0
2026-08-19 16:27:59,ZONE_A,29.00,88.00,999.88,101.51,62.50,55.0
2026-08-19 16:28:01,ZONE_A,29.00,88.00,999.90,101.34,62.50,53.0
2026-08-19 16:28:03,ZONE_A,29.00,88.00,999.91,101.30,62.50,54.0
2026-08-19 16:28:05,ZONE_A,29.00,88.00,999.89,101.43,62.50,58.0
2026-08-19 16:28:07,ZONE_A,29.01,88.00,999.93,101.14,62.50,54.0
2026-08-19 16:28:09,ZONE_A,29.01,88.00,999.90,101.37,62.50,59.0
2026-08-19 16:28:11,ZONE_A,29.01,88.00,999.95,100.96,62.50,65.0
2026-08-19 16:28:13,ZONE_A,29.01,88.00,999.92,101.19,62.50,58.0
2026-08-19 16:28:15,ZONE_A,29.01,88.00,999.93,101.12,62.50,56.0
2026-08-19 16:28:17,ZONE_A,29.00,88.00,999.91,101.28,62.50,61.0
2026-08-19 16:28:19,ZONE_A,29.00,88.00,999.91,101.25,62.50,70.0
2026-08-19 16:28:21,ZONE_A,29.00,88.00,999.91,101.31,62.50,61.0
2026-08-19 16:28:23,ZONE_A,29.00,88.00,999.89,101.42,62.50,49.0
2026-08-19 16:28:25,ZONE_A,28.99,88.00,999.89,101.42,62.50,58.0
2026-08-19 16:28:27,ZONE_A,29.00,88.00,999.88,101.31,59.17,44.0
2026-08-19 16:28:29,ZONE_A,28.98,88.00,999.88,101.52,55.00,49.0
2026-08-19 16:28:31,ZONE_A,28.99,88.00,999.92,101.22,59.17,61.0
2026-08-19 16:28:33,ZONE_A,29.00,88.00,999.91,101.27,62.50,57.0
2026-08-19 16:28:35,ZONE_A,29.00,88.00,999.90,101.33,61.67,53.0
2026-08-19 16:28:37,ZONE_A,29.00,88.00,999.89,101.45,59.17,55.0
2026-08-19 16:28:39,ZONE_A,28.99,88.00,999.89,101.42,55.83,55.0
2026-08-19 16:28:41,ZONE_A,29.00,88.00,999.90,101.36,57.50,54.0
2026-08-19 16:28:43,ZONE_A,28.99,88.00,999.92,101.21,59.17,54.0
2026-08-19 16:28:45,ZONE_A,29.02,88.00,999.91,101.28,62.50,52.0
2026-08-19 16:28:47,ZONE_A,29.01,88.00,999.91,101.25,62.50,61.0
2026-08-19 16:28:49,ZONE_A,29.00,88.00,999.92,101.15,59.17,56.0
2026-08-19 16:28:51,ZONE_A,29.00,88.00,999.90,101.37,61.67,58.0
2026-08-19 16:28:53,ZONE_A,29.01,88.00,999.92,101.28,61.67,51.0
2026-08-19 16:28:55,ZONE_A,29.01,88.00,999.91,101.26,62.50,52.0
2026-08-19 16:28:57,ZONE_A,29.02,88.00,999.91,101.24,62.50,57.0
2026-08-19 16:28:59,ZONE_A,29.03,87.00,999.93,101.14,63.33,56.0
2026-08-19 16:29:01,ZONE_A,29.03,87.00,999.91,101.30,63.33,61.0
2026-08-19 16:29:03,ZONE_A,29.04,88.00,999.91,101.29,63.33,56.0
2026-08-19 16:29:05,ZONE_A,29.03,88.00,999.91,101.23,63.33,53.0
2026-08-19 16:29:07,ZONE_A,29.05,88.00,999.90,101.35,63.33,58.0
2026-08-19 16:29:09,ZONE_A,29.06,88.00,999.92,101.16,63.33,58.0
2026-08-19 16:29:11,ZONE_A,29.07,88.00,999.90,101.40,63.33,56.0
2026-08-19 16:29:13,ZONE_A,29.08,87.00,999.93,101.08,63.33,53.0
2026-08-19 16:29:15,ZONE_A,29.09,87.00,999.90,101.33,63.33,54.0
2026-08-19 16:29:17,ZONE_A,29.09,87.00,999.93,101.09,63.33,56.0
2026-08-19 16:29:19,ZONE_A,29.08,87.00,999.91,101.30,63.33,53.0
2026-08-19 16:29:21,ZONE_A,29.09,87.00,999.95,100.95,63.33,60.0
2026-08-19 16:29:23,ZONE_A,29.09,87.00,999.93,101.15,64.17,58.0
2026-08-19 16:29:25,ZONE_A,29.08,87.00,999.94,101.05,64.17,62.0
2026-08-19 16:29:27,ZONE_A,29.07,87.00,999.92,101.17,64.17,53.0
2026-08-19 16:29:29,ZONE_A,29.08,87.00,999.95,100.93,64.17,58.0
2026-08-19 16:29:31,ZONE_A,29.08,87.00,999.95,100.97,64.17,57.0
2026-08-19 16:29:33,ZONE_A,29.08,87.00,999.93,101.11,64.17,53.0
2026-08-19 16:29:35,ZONE_A,29.08,87.00,999.95,100.95,64.17,59.0
2026-08-19 16:29:37,ZONE_A,29.07,88.00,999.95,100.98,64.17,62.0
2026-08-19 16:29:39,ZONE_A,29.07,88.00,999.91,101.27,64.17,59.0
2026-08-19 16:29:41,ZONE_A,29.06,88.00,999.93,101.09,64.17,58.0
2026-08-19 16:29:43,ZONE_A,29.06,88.00,999.92,101.15,64.17,61.0
2026-08-19 16:29:45,ZONE_A,29.05,88.00,999.93,101.09,64.17,60.0
2026-08-19 16:29:47,ZONE_A,29.05,87.00,999.94,101.03,64.17,56.0
2026-08-19 16:29:49,ZONE_A,29.05,87.00,999.94,101.00,64.17,62.0
2026-08-19 16:29:51,ZONE_A,29.05,87.00,999.92,101.18,64.17,59.0
2026-08-19 16:29:53,ZONE_A,29.04,87.00,999.94,101.03,64.17,44.0
2026-08-19 16:29:55,ZONE_A,29.04,87.00,999.94,101.05,64.17,45.0
2026-08-19 16:29:57,ZONE_A,29.04,87.00,999.97,100.79,64.17,56.0
2026-08-19 16:29:59,ZONE_A,29.03,87.00,999.94,101.04,64.17,62.0
2026-08-19 16:30:01,ZONE_A,29.03,87.00,999.94,101.03,64.17,57.0
2026-08-19 16:30:03,ZONE_A,29.02,87.00,999.93,101.07,65.00,51.0
2026-08-19 16:30:05,ZONE_A,29.02,87.00,999.94,100.98,64.17,58.0
2026-08-19 16:30:07,ZONE_A,29.02,87.00,999.92,101.18,65.00,67.0
2026-08-19 16:30:09,ZONE_A,29.02,87.00,999.93,101.07,65.00,75.0
2026-08-19 16:30:11,ZONE_A,29.02,87.00,999.93,101.09,65.00,52.0
2026-08-19 16:30:13,ZONE_A,29.02,87.00,999.93,101.08,65.00,55.0
2026-08-19 16:30:15,ZONE_A,29.03,87.00,999.95,100.93,65.00,64.0
2026-08-19 16:30:17,ZONE_A,29.03,87.00,999.93,101.07,65.00,69.0
2026-08-19 16:30:19,ZONE_A,29.04,87.00,999.94,101.05,65.00,51.0
2026-08-19 16:30:21,ZONE_A,29.03,87.00,999.96,100.85,65.00,53.0
2026-08-19 16:30:23,ZONE_A,29.03,87.00,999.96,100.87,65.00,51.0
2026-08-19 16:30:25,ZONE_A,29.03,87.00,999.94,101.05,65.00,58.0
2026-08-19 16:30:27,ZONE_A,29.04,87.00,999.96,100.95,64.17,54.0
2026-08-19 16:30:29,ZONE_A,29.03,87.00,999.93,101.14,65.00,53.0
2026-08-19 16:30:31,ZONE_A,29.04,87.00,999.95,100.94,65.00,56.0
2026-08-19 16:30:33,ZONE_A,29.03,87.00,999.93,101.15,65.00,50.0
2026-08-19 16:30:35,ZONE_A,29.03,87.00,999.93,101.14,65.00,55.0
2026-08-19 16:30:37,ZONE_A,29.03,87.00,999.97,100.73,65.00,58.0
2026-08-19 16:30:39,ZONE_A,29.03,87.00,999.96,100.82,65.00,59.0
2026-08-19 16:30:41,ZONE_A,29.03,87.00,999.95,100.95,65.00,55.0
2026-08-19 16:30:43,ZONE_A,29.03,87.00,999.93,101.15,65.00,59.0
2026-08-19 16:30:45,ZONE_A,29.04,87.00,999.97,100.77,65.00,60.0
2026-08-19 16:30:47,ZONE_A,29.04,87.00,999.96,100.86,65.00,54.0
2026-08-19 16:30:49,ZONE_A,29.04,87.00,999.94,101.01,65.83,56.0
2026-08-19 16:30:51,ZONE_A,29.04,87.00,999.97,100.75,65.83,59.0
2026-08-19 16:30:53,ZONE_A,29.04,87.00,999.97,100.77,65.00,64.0
2026-08-19 16:30:55,ZONE_A,29.04,87.00,999.95,100.92,65.83,56.0
2026-08-19 16:30:57,ZONE_A,29.04,87.00,999.94,101.00,65.83,63.0
2026-08-19 16:30:59,ZONE_A,29.04,87.00,999.96,100.84,65.83,55.0
2026-08-19 16:31:01,ZONE_A,29.04,87.00,999.95,100.90,65.83,53.0
2026-08-19 16:31:03,ZONE_A,29.04,87.00,999.95,100.92,65.83,48.0
2026-08-19 16:31:05,ZONE_A,29.04,87.00,999.96,100.86,65.83,51.0
2026-08-19 16:31:07,ZONE_A,29.04,87.00,999.96,100.85,65.83,61.0
2026-08-19 16:31:09,ZONE_A,29.04,87.00,999.96,100.85,65.83,52.0
2026-08-19 16:31:11,ZONE_A,29.04,87.00,999.97,100.76,65.83,61.0
2026-08-19 16:31:13,ZONE_A,29.04,87.00,999.97,100.79,65.83,56.0
2026-08-19 16:31:15,ZONE_A,29.04,87.00,999.97,100.81,65.83,61.0
2026-08-19 16:31:17,ZONE_A,29.04,87.00,999.93,101.08,65.83,56.0
2026-08-19 16:31:19,ZONE_A,29.04,87.00,999.95,100.96,65.83,55.0
2026-08-19 16:31:21,ZONE_A,29.04,87.00,999.99,100.63,65.83,61.0
2026-08-19 16:31:23,ZONE_A,29.04,87.00,999.98,100.64,65.83,62.0
2026-08-19 16:31:25,ZONE_A,29.04,87.00,999.99,100.57,65.83,53.0
2026-08-19 16:31:27,ZONE_A,29.04,87.00,999.96,100.86,65.83,60.0
2026-08-19 16:31:29,ZONE_A,29.04,87.00,999.99,100.58,65.83,59.0
2026-08-19 16:31:31,ZONE_A,29.04,87.00,999.98,100.69,65.83,56.0
2026-08-19 16:31:33,ZONE_A,29.04,87.00,999.95,100.92,65.83,68.0
2026-08-19 16:31:35,ZONE_A,29.04,87.00,999.96,100.85,65.83,58.0
2026-08-19 16:31:37,ZONE_A,29.04,87.00,999.97,100.77,65.83,56.0
2026-08-19 16:31:39,ZONE_A,29.04,87.00,999.96,100.88,65.83,58.0
2026-08-19 16:31:41,ZONE_A,29.04,87.00,999.96,100.89,65.83,52.0
2026-08-19 16:31:43,ZONE_A,29.04,87.00,999.95,100.93,65.83,57.0
2026-08-19 16:31:45,ZONE_A,29.04,87.00,999.97,100.75,66.67,64.0
2026-08-19 16:31:47,ZONE_A,29.04,87.00,999.96,100.82,66.67,58.0
2026-08-19 16:31:49,ZONE_A,29.04,87.00,999.98,100.68,66.67,52.0
2026-08-19 16:31:51,ZONE_A,29.04,87.00,999.97,100.78,66.67,61.0
2026-08-19 16:31:53,ZONE_A,29.04,87.00,999.95,100.97,66.67,59.0
2026-08-19 16:31:55,ZONE_A,29.04,87.00,999.98,100.69,66.67,59.0
2026-08-19 16:31:57,ZONE_A,29.04,87.00,999.97,100.80,66.67,63.0
2026-08-19 16:31:59,ZONE_A,29.04,87.00,999.97,100.74,66.67,59.0
2026-08-19 16:32:01,ZONE_A,29.05,87.00,999.97,100.81,66.67,57.0
2026-08-19 16:32:03,ZONE_A,29.05,87.00,999.97,100.80,66.67,57.0
2026-08-19 16:32:05,ZONE_A,29.05,87.00,999.96,100.83,66.67,56.0
2026-08-19 16:32:07,ZONE_A,29.04,87.00,999.96,100.85,66.67,58.0
2026-08-19 16:32:09,ZONE_A,29.04,87.00,999.99,100.59,66.67,63.0
2026-08-19 16:32:11,ZONE_A,29.05,87.00,999.97,100.79,66.67,58.0
2026-08-19 16:32:13,ZONE_A,29.04,87.00,999.96,100.83,66.67,52.0
2026-08-19 16:32:15,ZONE_A,29.05,87.00,999.94,101.01,66.67,57.0
2026-08-19 16:32:17,ZONE_A,29.05,87.00,999.98,100.71,66.67,59.0
2026-08-19 16:32:19,ZONE_A,29.05,87.00,999.99,100.63,66.67,59.0
2026-08-19 16:32:21,ZONE_A,29.05,87.00,999.99,100.60,66.67,54.0
2026-08-19 16:32:23,ZONE_A,29.05,87.00,999.99,100.60,66.67,51.0
2026-08-19 16:32:25,ZONE_A,29.05,87.00,999.98,100.72,66.67,65.0
2026-08-19 16:32:27,ZONE_A,29.05,87.00,999.98,100.72,67.50,59.0
2026-08-19 16:32:29,ZONE_A,29.05,87.00,999.97,100.80,67.50,58.0
2026-08-19 16:32:31,ZONE_A,29.05,87.00,999.97,100.74,66.67,56.0
2026-08-19 16:32:33,ZONE_A,29.06,87.00,999.96,100.82,67.50,57.0
2026-08-19 16:32:35,ZONE_A,29.05,87.00,999.98,100.71,67.50,49.0
2026-08-19 16:32:37,ZONE_A,29.05,87.00,999.97,100.76,67.50,45.0
2026-08-19 16:32:39,ZONE_A,29.06,87.00,999.97,100.80,67.50,56.0
2026-08-19 16:32:41,ZONE_A,29.06,87.00,999.97,100.79,67.50,54.0
2026-08-19 16:32:43,ZONE_A,29.06,87.00,999.98,100.71,67.50,44.0
2026-08-19 16:32:45,ZONE_A,29.05,87.00,999.99,100.63,67.50,56.0
2026-08-19 16:32:47,ZONE_A,29.05,87.00,999.97,100.74,67.50,52.0
2026-08-19 16:32:49,ZONE_A,29.06,87.00,1000.00,100.49,67.50,55.0
2026-08-19 16:32:51,ZONE_A,29.06,87.00,999.96,100.87,67.50,59.0
2026-08-19 16:32:53,ZONE_A,29.06,87.00,999.96,100.83,67.50,56.0
2026-08-19 16:32:55,ZONE_A,29.06,87.00,999.97,100.65,67.50,53.0
2026-08-19 16:32:57,ZONE_A,29.06,86.00,999.99,100.59,67.50,56.0
2026-08-19 16:32:59,ZONE_A,29.06,86.00,999.99,100.64,67.50,57.0
2026-08-19 16:33:01,ZONE_A,29.06,87.00,999.97,100.75,67.50,45.0
2026-08-19 16:33:03,ZONE_A,29.06,87.00,999.98,100.70,67.50,53.0
2026-08-19 16:33:05,ZONE_A,29.06,87.00,999.99,100.59,67.50,65.0
2026-08-19 16:33:07,ZONE_A,29.06,86.00,1000.01,100.46,67.50,54.0
2026-08-19 16:33:09,ZONE_A,29.07,86.00,1000.03,100.23,67.50,59.0
2026-08-19 16:33:11,ZONE_A,29.07,86.00,1000.00,100.56,67.50,59.0
2026-08-19 16:33:13,ZONE_A,29.08,86.00,1000.00,100.47,68.33,64.0
2026-08-19 16:33:15,ZONE_A,29.09,86.00,999.99,100.57,68.33,59.0
2026-08-19 16:33:17,ZONE_A,29.09,86.00,999.99,100.59,68.33,59.0
2026-08-19 16:33:19,ZONE_A,29.10,86.00,999.98,100.66,68.33,59.0
2026-08-19 16:33:21,ZONE_A,29.11,86.00,1000.01,100.40,68.33,52.0
2026-08-19 16:33:23,ZONE_A,29.10,86.00,999.99,100.60,68.33,62.0
2026-08-19 16:33:25,ZONE_A,29.11,86.00,999.98,100.72,68.33,49.0
2026-08-19 16:33:27,ZONE_A,29.10,86.00,999.99,100.62,68.33,63.0
2026-08-19 16:33:29,ZONE_A,29.10,86.00,1000.01,100.42,68.33,49.0
2026-08-19 16:33:31,ZONE_A,29.10,86.00,1000.00,100.49,68.33,52.0
2026-08-19 16:33:33,ZONE_A,29.10,86.00,999.97,100.75,68.33,53.0
2026-08-19 16:33:35,ZONE_A,29.10,86.00,1000.00,100.54,68.33,64.0
2026-08-19 16:33:37,ZONE_A,29.10,86.00,999.97,100.79,68.33,59.0
2026-08-19 16:33:39,ZONE_A,29.10,86.00,1000.01,100.40,68.33,63.0
2026-08-19 16:33:41,ZONE_A,29.09,86.00,1000.01,100.44,68.33,58.0
2026-08-19 16:33:43,ZONE_A,29.10,86.00,1000.06,100.03,68.33,52.0
2026-08-19 16:33:45,ZONE_A,29.10,86.00,1000.01,100.45,68.33,56.0
2026-08-19 16:33:47,ZONE_A,29.11,86.00,1000.02,100.35,68.33,59.0
2026-08-19 16:33:49,ZONE_A,29.11,86.00,1000.04,100.20,68.33,54.0
2026-08-19 16:33:51,ZONE_A,29.11,86.00,1000.00,100.49,68.33,56.0
2026-08-19 16:33:53,ZONE_A,29.12,86.00,1000.00,100.50,68.33,57.0
2026-08-19 16:33:55,ZONE_A,29.13,86.00,1000.03,100.28,68.33,52.0
2026-08-19 16:33:57,ZONE_A,29.13,86.00,1000.02,100.32,70.00,51.0
2026-08-19 16:33:59,ZONE_A,29.12,86.00,999.99,100.56,60.00,62.0
2026-08-19 16:34:01,ZONE_A,29.14,86.00,1000.03,100.26,67.50,69.0
2026-08-19 16:34:03,ZONE_A,29.15,86.00,1000.02,100.33,68.33,59.0
2026-08-19 16:34:05,ZONE_A,29.15,86.00,1000.04,100.18,68.33,55.0
2026-08-19 16:34:07,ZONE_A,29.16,86.00,1000.00,100.51,68.33,57.0
2026-08-19 16:34:09,ZONE_A,29.17,86.00,1000.04,100.15,69.17,61.0
2026-08-19 16:34:11,ZONE_A,29.18,86.00,999.99,100.64,69.17,59.0
2026-08-19 16:34:13,ZONE_A,29.18,86.00,1000.01,100.43,69.17,59.0
2026-08-19 16:34:15,ZONE_A,29.19,86.00,1000.01,100.45,68.33,59.0
2026-08-19 16:34:17,ZONE_A,29.19,86.00,1000.02,100.34,68.33,61.0
2026-08-19 16:34:19,ZONE_A,29.19,86.00,1000.02,100.39,68.33,60.0
2026-08-19 16:34:21,ZONE_A,29.20,86.00,1000.01,100.40,65.83,54.0
2026-08-19 16:34:23,ZONE_A,29.20,86.00,1000.02,100.35,65.83,51.0
2026-08-19 16:34:25,ZONE_A,29.21,86.00,999.99,100.57,59.17,60.0
2026-08-19 16:34:27,ZONE_A,29.22,86.00,999.98,100.68,62.50,61.0
2026-08-19 16:34:29,ZONE_A,29.23,86.00,999.99,100.62,68.33,55.0
2026-08-19 16:34:31,ZONE_A,29.24,86.00,1000.00,100.55,68.33,64.0
2026-08-19 16:34:33,ZONE_A,29.25,86.00,1000.01,100.43,50.83,58.0
2026-08-19 16:34:35,ZONE_A,29.26,86.00,999.99,100.58,50.83,52.0
2026-08-19 16:34:37,ZONE_A,29.26,86.00,1000.01,100.46,50.83,50.0
2026-08-19 16:34:39,ZONE_A,29.27,86.00,1000.02,100.32,59.17,59.0
2026-08-19 16:34:41,ZONE_A,29.28,86.00,1000.04,100.27,64.17,47.0
2026-08-19 16:34:43,ZONE_A,29.27,85.00,1000.03,100.23,65.00,55.0
2026-08-19 16:34:45,ZONE_A,29.26,85.00,1000.03,100.22,45.83,49.0
2026-08-19 16:34:47,ZONE_A,29.27,85.00,1000.03,100.30,63.33,54.0
2026-08-19 16:34:49,ZONE_A,29.27,85.00,1000.01,100.41,64.17,53.0
2026-08-19 16:34:51,ZONE_A,29.29,85.00,1000.03,100.29,69.17,62.0
2026-08-19 16:34:53,ZONE_A,29.28,86.00,1000.03,100.24,69.17,58.0
2026-08-19 16:34:55,ZONE_A,29.26,86.00,1000.05,100.05,70.00,49.0
2026-08-19 16:34:57,ZONE_A,29.28,86.00,1000.03,100.30,70.00,62.0
2026-08-19 16:34:59,ZONE_A,29.28,86.00,1000.01,100.41,70.00,52.0
2026-08-19 16:35:01,ZONE_A,29.28,85.00,1000.02,100.31,70.00,63.0
2026-08-19 16:35:03,ZONE_A,29.26,85.00,1000.01,100.42,70.00,67.0
2026-08-19 16:35:05,ZONE_A,29.26,85.00,1000.01,100.40,70.00,61.0
2026-08-19 16:35:07,ZONE_A,29.26,85.00,1000.04,100.18,70.00,63.0
2026-08-19 16:35:09,ZONE_A,29.25,85.00,1000.02,100.37,70.00,53.0
2026-08-19 16:35:11,ZONE_A,29.23,85.00,1000.01,100.40,70.00,58.0
2026-08-19 16:35:13,ZONE_A,29.23,85.00,1000.00,100.48,70.00,61.0
2026-08-19 16:35:15,ZONE_A,29.23,85.00,1000.04,100.17,70.00,64.0
2026-08-19 16:35:17,ZONE_A,29.23,85.00,1000.04,100.16,70.00,61.0
2026-08-19 16:35:19,ZONE_A,29.21,85.00,1000.02,100.33,70.00,58.0
2026-08-19 16:35:21,ZONE_A,29.21,85.00,1000.01,100.43,70.83,62.0
2026-08-19 16:35:23,ZONE_A,29.21,85.00,1000.00,100.50,70.00,54.0
2026-08-19 16:35:25,ZONE_A,29.21,85.00,1000.03,100.29,70.83,54.0
2026-08-19 16:35:27,ZONE_A,29.20,85.00,1000.02,100.38,70.83,56.0
2026-08-19 16:35:29,ZONE_A,29.20,85.00,1000.03,100.29,70.83,57.0
2026-08-19 16:35:31,ZONE_A,29.20,85.00,1000.00,100.48,70.83,46.0
2026-08-19 16:35:33,ZONE_A,29.21,85.00,1000.02,100.35,70.83,55.0
2026-08-19 16:35:35,ZONE_A,29.21,85.00,1000.01,100.43,70.83,56.0
2026-08-19 16:35:37,ZONE_A,29.21,85.00,1000.02,100.31,70.83,55.0
2026-08-19 16:35:39,ZONE_A,29.21,85.00,1000.05,100.12,70.83,48.0
2026-08-19 16:35:41,ZONE_A,29.22,85.00,1000.05,100.07,70.83,50.0
2026-08-19 16:35:43,ZONE_A,29.23,85.00,1000.04,100.17,70.83,49.0
2026-08-19 16:35:45,ZONE_A,29.23,85.00,1000.05,100.09,70.83,51.0
2026-08-19 16:35:47,ZONE_A,29.23,85.00,1000.03,100.23,70.83,61.0
2026-08-19 16:35:49,ZONE_A,29.23,85.00,1000.06,100.01,70.83,61.0
2026-08-19 16:35:51,ZONE_A,29.25,85.00,1000.03,100.23,70.83,65.0
2026-08-19 16:35:53,ZONE_A,29.25,85.00,1000.04,100.15,70.83,60.0
2026-08-19 16:35:55,ZONE_A,29.25,85.00,1000.05,100.06,70.83,57.0
2026-08-19 16:35:57,ZONE_A,29.25,85.00,1000.03,100.24,70.83,64.0
2026-08-19 16:35:59,ZONE_A,29.26,85.00,1000.04,100.14,70.83,63.0
2026-08-19 16:36:01,ZONE_A,29.26,85.00,1000.03,100.28,70.83,51.0
2026-08-19 16:36:03,ZONE_A,29.25,85.00,1000.03,100.30,70.83,61.0
2026-08-19 16:36:05,ZONE_A,29.26,85.00,1000.04,100.18,70.83,52.0
2026-08-19 16:36:07,ZONE_A,29.26,85.00,1000.01,100.42,70.83,54.0
2026-08-19 16:36:09,ZONE_A,29.26,85.00,1000.02,100.39,70.83,58.0
2026-08-19 16:36:11,ZONE_A,29.26,85.00,1000.01,100.47,70.83,59.0
2026-08-19 16:36:13,ZONE_A,29.26,85.00,1000.03,100.25,70.83,51.0
2026-08-19 16:36:15,ZONE_A,29.27,85.00,1000.06,99.98,70.83,56.0
2026-08-19 16:36:17,ZONE_A,29.27,85.00,1000.04,100.16,70.83,65.0
2026-08-19 16:36:19,ZONE_A,29.26,85.00,1000.04,100.20,70.83,59.0
2026-08-19 16:36:21,ZONE_A,29.26,85.00,1000.04,100.18,70.83,59.0
2026-08-19 16:36:23,ZONE_A,29.26,85.00,1000.03,100.26,70.83,57.0
2026-08-19 16:36:25,ZONE_A,29.27,85.00,1000.08,99.88,70.83,57.0
2026-08-19 16:36:27,ZONE_A,29.27,85.00,1000.05,100.14,70.83,57.0
2026-08-19 16:36:29,ZONE_A,29.27,85.00,1000.02,100.36,70.83,59.0
2026-08-19 16:36:31,ZONE_A,29.27,85.00,1000.07,99.90,70.83,60.0
2026-08-19 16:36:33,ZONE_A,29.27,85.00,1000.07,99.94,70.83,52.0
2026-08-19 16:36:35,ZONE_A,29.27,85.00,1000.08,99.80,70.83,46.0
2026-08-19 16:36:37,ZONE_A,29.27,85.00,1000.04,100.21,70.83,63.0
2026-08-19 16:36:39,ZONE_A,29.27,85.00,1000.04,100.19,70.83,50.0
2026-08-19 16:36:41,ZONE_A,29.27,85.00,1000.04,100.15,71.67,57.0
2026-08-19 16:36:43,ZONE_A,29.27,85.00,1000.02,100.31,71.67,46.0
2026-08-19 16:36:45,ZONE_A,29.28,85.00,1000.05,100.07,71.67,59.0
2026-08-19 16:36:47,ZONE_A,29.28,85.00,1000.03,100.22,71.67,54.0
2026-08-19 16:36:49,ZONE_A,29.28,85.00,1000.04,100.18,71.67,53.0
2026-08-19 16:36:51,ZONE_A,29.28,85.00,1000.06,99.98,71.67,54.0
2026-08-19 16:36:53,ZONE_A,29.28,85.00,1000.08,99.86,71.67,62.0
2026-08-19 16:36:55,ZONE_A,29.28,85.00,1000.07,99.96,71.67,55.0
2026-08-19 16:36:57,ZONE_A,29.28,85.00,1000.05,100.06,71.67,63.0
2026-08-19 16:36:59,ZONE_A,29.28,85.00,1000.04,100.15,71.67,62.0
2026-08-19 16:37:01,ZONE_A,29.28,85.00,1000.04,100.17,71.67,49.0
2026-08-19 16:37:03,ZONE_A,29.28,85.00,1000.06,100.02,71.67,49.0
2026-08-19 16:37:05,ZONE_A,29.28,85.00,1000.06,100.01,71.67,56.0
2026-08-19 16:37:07,ZONE_A,29.28,85.00,1000.05,100.07,71.67,37.0
2026-08-19 16:37:09,ZONE_A,29.28,84.00,1000.05,100.10,71.67,59.0
2026-08-19 16:37:11,ZONE_A,29.29,84.00,1000.05,100.10,71.67,56.0
2026-08-19 16:37:13,ZONE_A,29.29,84.00,1000.03,100.26,71.67,48.0
2026-08-19 16:37:15,ZONE_A,29.30,84.00,1000.05,99.76,71.67,61.0
2026-08-19 16:37:17,ZONE_A,29.31,84.00,1000.07,99.95,71.67,63.0
2026-08-19 16:37:19,ZONE_A,29.31,84.00,1000.06,99.99,71.67,52.0
2026-08-19 16:37:21,ZONE_A,29.32,84.00,1000.06,99.98,71.67,68.0
2026-08-19 16:37:23,ZONE_A,29.33,84.00,1000.05,100.06,71.67,54.0
2026-08-19 16:37:25,ZONE_A,29.33,84.00,1000.06,100.05,71.67,53.0
2026-08-19 16:37:27,ZONE_A,29.34,84.00,1000.06,100.03,71.67,61.0
2026-08-19 16:37:29,ZONE_A,29.35,84.00,1000.08,99.81,71.67,72.0
2026-08-19 16:37:31,ZONE_A,29.35,84.00,1000.07,99.92,71.67,52.0
2026-08-19 16:37:33,ZONE_A,29.35,84.00,1000.06,100.01,71.67,61.0
2026-08-19 16:37:35,ZONE_A,29.35,84.00,1000.06,100.00,71.67,55.0
2026-08-19 16:37:37,ZONE_A,29.35,84.00,1000.08,99.81,71.67,62.0
2026-08-19 16:37:39,ZONE_A,29.35,84.00,1000.08,99.81,71.67,50.0
2026-08-19 16:37:41,ZONE_A,29.36,84.00,1000.11,99.63,71.67,58.0
2026-08-19 16:37:43,ZONE_A,29.36,84.00,1000.10,99.65,71.67,70.0
2026-08-19 16:37:45,ZONE_A,29.36,84.00,1000.10,99.71,71.67,64.0
2026-08-19 16:37:47,ZONE_A,29.36,84.00,1000.07,99.93,71.67,59.0
2026-08-19 16:37:49,ZONE_A,29.36,84.00,1000.09,99.74,71.67,55.0
2026-08-19 16:37:51,ZONE_A,29.35,84.00,1000.10,99.68,71.67,68.0
2026-08-19 16:37:53,ZONE_A,29.35,84.00,1000.07,99.91,71.67,68.0
2026-08-19 16:37:55,ZONE_A,29.35,84.00,1000.08,99.80,71.67,59.0
2026-08-19 16:37:57,ZONE_A,29.35,84.00,1000.08,99.81,71.67,55.0
2026-08-19 16:37:59,ZONE_A,29.35,84.00,1000.08,99.82,71.67,50.0
2026-08-19 16:38:01,ZONE_A,29.35,84.00,1000.07,99.92,71.67,60.0
2026-08-19 16:38:03,ZONE_A,29.37,84.00,1000.05,100.11,71.67,56.0
2026-08-19 16:38:05,ZONE_A,29.40,84.00,1000.08,99.86,71.67,46.0
2026-08-19 16:38:07,ZONE_A,29.43,84.00,1000.10,99.71,71.67,49.0
2026-08-19 16:38:09,ZONE_A,29.43,84.00,1000.09,99.77,71.67,58.0
2026-08-19 16:38:11,ZONE_A,29.42,84.00,1000.06,100.03,70.83,59.0
2026-08-19 16:38:13,ZONE_A,29.41,84.00,1000.07,99.91,65.00,66.0
2026-08-19 16:38:15,ZONE_A,29.40,84.00,1000.04,100.20,67.50,55.0
2026-08-19 16:38:17,ZONE_A,29.40,84.00,1000.09,99.72,75.83,52.0
2026-08-19 16:38:19,ZONE_A,29.38,84.00,1000.07,99.92,73.33,64.0
2026-08-19 16:38:21,ZONE_A,29.37,84.00,1000.07,99.93,72.50,64.0
2026-08-19 16:38:23,ZONE_A,29.36,84.00,1000.06,100.02,72.50,54.0
2026-08-19 16:38:25,ZONE_A,29.36,84.00,1000.08,99.87,72.50,65.0
2026-08-19 16:38:27,ZONE_A,29.36,84.00,1000.08,99.83,72.50,45.0
2026-08-19 16:38:29,ZONE_A,29.36,84.00,1000.06,99.98,72.50,53.0
2026-08-19 16:38:31,ZONE_A,29.37,84.00,1000.07,99.96,72.50,54.0
2026-08-19 16:38:33,ZONE_A,29.38,84.00,1000.08,99.83,72.50,57.0
2026-08-19 16:38:35,ZONE_A,29.37,84.00,1000.09,99.77,72.50,53.0
2026-08-19 16:38:37,ZONE_A,29.37,84.00,1000.08,99.83,72.50,74.0
2026-08-19 16:38:39,ZONE_A,29.37,84.00,1000.11,99.61,72.50,54.0
2026-08-19 16:38:41,ZONE_A,29.37,84.00,1000.12,99.54,72.50,63.0
2026-08-19 16:38:43,ZONE_A,29.36,84.00,1000.08,99.86,72.50,54.0
2026-08-19 16:38:45,ZONE_A,29.36,84.00,1000.07,99.89,72.50,63.0
2026-08-19 16:38:47,ZONE_A,29.36,84.00,1000.06,99.99,72.50,59.0
2026-08-19 16:38:49,ZONE_A,29.36,84.00,1000.06,100.14,72.50,54.0
2026-08-19 16:38:51,ZONE_A,29.37,84.00,1000.09,99.77,72.50,53.0
2026-08-19 16:38:53,ZONE_A,29.37,84.00,1000.09,99.77,72.50,46.0
2026-08-19 16:38:55,ZONE_A,29.37,84.00,1000.05,100.06,72.50,65.0
2026-08-19 16:38:57,ZONE_A,29.37,84.00,1000.04,100.19,72.50,56.0
2026-08-19 16:38:59,ZONE_A,29.38,84.00,1000.06,100.02,72.50,52.0
2026-08-19 16:39:01,ZONE_A,29.38,84.00,1000.07,99.90,72.50,63.0
2026-08-19 16:39:03,ZONE_A,29.38,84.00,1000.07,99.90,72.50,63.0
2026-08-19 16:39:05,ZONE_A,29.38,84.00,1000.07,99.94,72.50,59.0
2026-08-19 16:39:07,ZONE_A,29.38,84.00,1000.08,99.86,72.50,52.0
2026-08-19 16:39:09,ZONE_A,29.38,84.00,1000.09,99.77,72.50,53.0
2026-08-19 16:39:11,ZONE_A,29.39,84.00,1000.05,100.12,72.50,58.0
2026-08-19 16:39:13,ZONE_A,29.39,84.00,1000.06,99.98,72.50,53.0
2026-08-19 16:39:15,ZONE_A,29.40,84.00,1000.07,99.93,72.50,56.0
2026-08-19 16:39:17,ZONE_A,29.41,84.00,1000.07,99.89,72.50,63.0
2026-08-19 16:39:19,ZONE_A,29.42,84.00,1000.07,99.77,71.67,58.0
2026-08-19 16:39:21,ZONE_A,29.43,84.00,1000.07,99.95,70.83,51.0
2026-08-19 16:39:23,ZONE_A,29.43,84.00,1000.07,99.94,71.67,55.0
2026-08-19 16:39:25,ZONE_A,29.44,84.00,1000.04,100.19,75.83,59.0
2026-08-19 16:39:27,ZONE_A,29.44,84.00,1000.06,100.04,80.83,43.0
2026-08-19 16:39:29,ZONE_A,29.44,84.00,1000.05,100.09,76.67,58.0
2026-08-19 16:39:31,ZONE_A,29.44,84.00,1000.05,100.08,101.67,55.0
2026-08-19 16:39:33,ZONE_A,29.45,84.00,1000.06,100.00,104.17,54.0
2026-08-19 16:39:35,ZONE_A,29.45,84.00,1000.08,99.83,105.00,53.0
2026-08-19 16:39:37,ZONE_A,29.45,84.00,1000.05,100.11,109.17,47.0
Time Sync Error,ZONE_A,29.46,84.00,1000.06,100.03,76.67,51.0
Time Sync Error,ZONE_A,29.46,84.00,1000.09,99.78,78.33,50.0
Time Sync Error,ZONE_A,29.50,84.00,1000.08,99.87,78.33,60.0
Time Sync Error,ZONE_A,29.51,84.00,1000.03,100.29,78.33,54.0
Time Sync Error,ZONE_A,29.58,84.00,1000.07,99.93,78.33,54.0
Time Sync Error,ZONE_A,29.58,84.00,1000.05,100.12,78.33,62.0
Time Sync Error,ZONE_A,29.57,84.00,1000.04,100.21,78.33,58.0
Time Sync Error,ZONE_A,29.58,84.00,1000.01,100.47,78.33,60.0
Time Sync Error,ZONE_A,29.56,84.00,1000.04,100.16,79.17,54.0
Time Sync Error,ZONE_A,29.55,84.00,1000.06,100.05,79.17,41.0
Time Sync Error,ZONE_A,29.54,84.00,1000.03,100.23,78.33,68.0
Time Sync Error,ZONE_A,29.58,84.00,1000.01,100.46,78.33,52.0
Time Sync Error,ZONE_A,29.62,84.00,1000.03,100.30,75.83,44.0
Time Sync Error,ZONE_A,29.60,84.00,1000.04,100.16,80.00,60.0
Time Sync Error,ZONE_A,29.57,84.00,1000.06,100.04,80.83,59.0
2026-08-19 16:41:17,ZONE_A,29.57,84.00,1000.04,100.15,75.00,54.0
2026-08-19 16:41:18,ZONE_A,29.57,84.00,1000.05,100.08,77.50,57.0
2026-08-19 16:41:20,ZONE_A,29.59,84.00,1000.01,100.42,81.67,54.0
2026-08-19 16:41:22,ZONE_A,29.60,84.00,1000.02,100.36,82.50,62.0
2026-08-19 16:41:24,ZONE_A,29.61,84.00,1000.03,100.29,76.67,60.0
2026-08-19 16:41:26,ZONE_A,29.65,84.00,1000.03,100.26,88.33,61.0
2026-08-19 16:41:28,ZONE_A,29.65,84.00,1000.03,100.23,83.33,59.0
2026-08-19 16:41:30,ZONE_A,29.64,84.00,999.99,100.63,83.33,65.0
2026-08-19 16:41:32,ZONE_A,29.64,84.00,1000.00,100.56,83.33,64.0
2026-08-19 16:41:34,ZONE_A,29.64,84.00,1000.03,100.30,83.33,61.0
2026-08-19 16:41:36,ZONE_A,29.65,84.00,1000.03,100.24,83.33,55.0
2026-08-19 16:41:38,ZONE_A,29.64,84.00,1000.05,100.08,83.33,62.0
2026-08-19 16:41:40,ZONE_A,29.64,84.00,1000.02,100.36,86.67,62.0
2026-08-19 16:41:42,ZONE_A,29.63,84.00,1000.05,100.06,136.67,55.0
2026-08-19 16:41:44,ZONE_A,29.63,84.00,1000.04,100.17,135.00,37.0
2026-08-19 16:41:46,ZONE_A,29.62,84.00,1000.03,100.27,128.33,65.0
2026-08-19 16:41:48,ZONE_A,29.62,84.00,1000.00,100.52,45.83,59.0
2026-08-19 16:41:50,ZONE_A,29.62,84.00,999.98,100.67,47.50,62.0
2026-08-19 16:41:52,ZONE_A,29.64,84.00,1000.00,100.49,1008.33,55.0
2026-08-19 16:41:54,ZONE_A,29.66,84.00,1000.01,100.43,1822.50,58.0
2026-08-19 16:41:56,ZONE_A,29.71,84.00,1000.00,100.52,2105.83,57.0
2026-08-19 16:41:58,ZONE_A,29.74,84.00,1000.01,100.42,1528.33,57.0
2026-08-19 16:42:00,ZONE_A,29.76,84.00,1000.01,100.43,33.33,52.0
2026-08-19 16:42:02,ZONE_A,29.77,84.00,1000.01,100.46,23.33,38.0
2026-08-19 16:42:04,ZONE_A,29.80,84.00,1000.02,100.37,39.17,58.0
2026-08-19 16:42:06,ZONE_A,29.81,85.00,999.98,100.72,43.33,59.0
2026-08-19 16:42:08,ZONE_A,29.81,85.00,1000.02,100.36,41.67,56.0
2026-08-19 16:42:10,ZONE_A,29.81,85.00,999.99,100.56,40.00,73.0
2026-08-19 16:42:12,ZONE_A,29.80,85.00,1000.00,100.49,41.67,69.0
2026-08-19 16:42:14,ZONE_A,29.79,85.00,1000.00,100.59,39.17,55.0
2026-08-19 16:42:16,ZONE_A,29.79,85.00,999.98,100.67,70.00,55.0
2026-08-19 16:42:18,ZONE_A,29.83,85.00,1000.00,100.51,61.67,53.0
2026-08-19 16:42:20,ZONE_A,29.82,85.00,999.97,100.80,518.33,59.0
2026-08-19 16:42:22,ZONE_A,29.83,85.00,999.96,100.84,650.83,46.0
2026-08-19 16:42:24,ZONE_A,29.85,85.00,1000.00,100.54,18.33,52.0
2026-08-19 16:42:26,ZONE_A,29.85,85.00,1000.03,100.29,120.83,56.0
2026-08-19 16:42:28,ZONE_A,29.85,85.00,1000.01,100.41,135.83,55.0
2026-08-19 16:42:30,ZONE_A,29.85,85.00,1000.06,100.02,136.67,56.0
2026-08-19 16:42:32,ZONE_A,29.85,85.00,1000.02,100.33,138.33,50.0
2026-08-19 16:42:34,ZONE_A,29.85,85.00,1000.01,100.40,139.17,52.0
2026-08-19 16:42:36,ZONE_A,29.85,85.00,1000.03,100.30,139.17,51.0
2026-08-19 16:42:38,ZONE_A,29.85,85.00,1000.05,100.13,142.50,30.0
2026-08-19 16:42:40,ZONE_A,29.88,85.00,1000.04,100.14,162.50,44.0
2026-08-19 16:42:42,ZONE_A,29.86,85.00,1000.04,100.17,164.17,58.0
2026-08-19 16:42:44,ZONE_A,29.85,85.00,1000.03,100.25,163.33,63.0
2026-08-19 16:42:46,ZONE_A,29.85,85.00,1000.06,100.05,163.33,55.0
2026-08-19 16:42:48,ZONE_A,29.87,85.00,1000.03,100.23,163.33,51.0
2026-08-19 16:42:50,ZONE_A,29.86,85.00,1000.00,100.50,163.33,60.0
2026-08-19 16:42:52,ZONE_A,29.87,85.00,1000.00,100.55,163.33,64.0
2026-08-19 16:42:54,ZONE_A,29.87,85.00,1000.04,100.18,163.33,63.0
2026-08-19 16:42:56,ZONE_A,29.88,85.00,1000.04,100.21,163.33,57.0
2026-08-19 16:42:58,ZONE_A,29.87,85.00,1000.01,100.42,163.33,54.0
2026-08-19 16:43:00,ZONE_A,29.88,85.00,1000.01,100.43,163.33,54.0
2026-08-19 16:43:02,ZONE_A,29.89,85.00,1000.02,100.38,163.33,57.0
2026-08-19 16:43:04,ZONE_A,29.90,85.00,999.98,100.67,163.33,62.0
2026-08-19 16:43:06,ZONE_A,29.96,84.00,999.99,100.61,163.33,53.0
2026-08-19 16:43:08,ZONE_A,29.94,84.00,999.97,100.81,163.33,57.0
2026-08-19 16:43:10,ZONE_A,29.94,84.00,999.96,100.83,163.33,48.0
2026-08-19 16:43:12,ZONE_A,29.92,84.00,999.98,100.66,163.33,65.0
2026-08-19 16:43:14,ZONE_A,29.93,84.00,999.97,100.77,163.33,60.0
2026-08-19 16:43:16,ZONE_A,29.95,84.00,999.96,100.85,162.50,63.0
2026-08-19 16:43:18,ZONE_A,29.97,84.00,1000.01,100.44,162.50,48.0
2026-08-19 16:43:20,ZONE_A,29.97,84.00,1000.03,100.30,162.50,50.0
2026-08-19 16:43:22,ZONE_A,29.97,84.00,1000.01,100.46,163.33,61.0
2026-08-19 16:43:24,ZONE_A,29.96,84.00,1000.02,100.34,163.33,62.0
2026-08-19 16:43:26,ZONE_A,29.97,84.00,1000.03,100.26,162.50,51.0
2026-08-19 16:43:28,ZONE_A,29.96,84.00,1000.02,100.39,162.50,47.0
2026-08-19 16:43:30,ZONE_A,29.96,84.00,1000.01,100.43,161.67,54.0
2026-08-19 16:43:32,ZONE_A,29.94,84.00,1000.01,100.46,151.67,50.0
2026-08-19 16:43:34,ZONE_A,29.94,84.00,1000.01,100.44,150.00,58.0
2026-08-19 16:43:36,ZONE_A,29.94,84.00,1000.04,100.16,139.17,57.0
2026-08-19 16:43:38,ZONE_A,29.94,84.00,1000.02,100.53,144.17,56.0
2026-08-19 16:43:40,ZONE_A,29.93,84.00,1000.02,100.34,142.50,55.0
2026-08-19 16:43:42,ZONE_A,29.93,84.00,999.97,100.74,143.33,58.0
2026-08-19 16:43:44,ZONE_A,29.92,84.00,1000.02,100.38,60.00,55.0
2026-08-19 16:43:46,ZONE_A,29.91,84.00,1000.00,100.55,60.00,46.0
2026-08-19 16:43:48,ZONE_A,29.92,84.00,1000.00,100.51,65.83,48.0
2026-08-19 16:43:50,ZONE_A,29.93,84.00,1000.01,100.40,65.83,61.0
2026-08-19 16:43:52,ZONE_A,29.93,84.00,1000.01,100.43,65.83,49.0
2026-08-19 16:43:54,ZONE_A,29.93,84.00,1000.02,100.36,65.83,62.0
2026-08-19 16:43:56,ZONE_A,29.92,84.00,1000.02,100.49,65.83,59.0
2026-08-19 16:43:58,ZONE_A,29.92,84.00,999.98,100.64,67.50,58.0
2026-08-19 16:44:00,ZONE_A,29.93,84.00,1000.02,100.33,67.50,61.0
2026-08-19 16:44:02,ZONE_A,29.92,84.00,1000.01,100.45,66.67,60.0
2026-08-19 16:44:04,ZONE_A,29.93,84.00,1000.01,100.41,67.50,58.0
2026-08-19 16:44:06,ZONE_A,29.93,84.00,1000.02,100.34,67.50,54.0
2026-08-19 16:44:08,ZONE_A,29.94,84.00,1000.00,100.53,67.50,62.0
2026-08-19 16:44:10,ZONE_A,29.95,84.00,1000.02,100.36,67.50,65.0
2026-08-19 16:44:12,ZONE_A,29.95,84.00,1000.03,100.24,67.50,53.0
2026-08-19 16:44:14,ZONE_A,29.95,84.00,999.98,100.68,67.50,55.0
2026-08-19 16:44:16,ZONE_A,29.95,84.00,1000.00,100.49,67.50,58.0
2026-08-19 16:44:18,ZONE_A,29.95,84.00,1000.01,100.40,67.50,66.0
2026-08-19 16:44:20,ZONE_A,29.95,84.00,1000.02,100.37,67.50,54.0
2026-08-19 16:44:22,ZONE_A,29.95,83.00,1000.00,100.48,66.67,58.0
2026-08-19 16:44:24,ZONE_A,29.96,83.00,1000.03,100.26,66.67,54.0
2026-08-19 16:44:26,ZONE_A,29.96,83.00,1000.01,100.41,66.67,62.0
2026-08-19 16:44:28,ZONE_A,29.95,83.00,1000.03,100.29,66.67,57.0
2026-08-19 16:44:30,ZONE_A,29.96,83.00,1000.00,100.49,66.67,50.0
2026-08-19 16:44:32,ZONE_A,29.96,83.00,999.99,100.61,66.67,56.0
2026-08-19 16:44:34,ZONE_A,29.96,83.00,1000.02,100.32,66.67,66.0
2026-08-19 16:44:36,ZONE_A,29.96,83.00,1000.02,100.32,66.67,50.0
2026-08-19 16:44:38,ZONE_A,29.95,83.00,1000.02,100.32,66.67,58.0
2026-08-19 16:44:40,ZONE_A,29.96,83.00,1000.04,100.21,66.67,66.0
2026-08-19 16:44:42,ZONE_A,29.94,83.00,999.99,100.61,66.67,58.0
2026-08-19 16:44:44,ZONE_A,29.95,83.00,1000.00,100.50,66.67,55.0
2026-08-19 16:44:46,ZONE_A,29.95,83.00,1000.01,100.44,66.67,65.0
2026-08-19 16:44:48,ZONE_A,29.95,83.00,999.99,100.63,66.67,44.0
2026-08-19 16:44:50,ZONE_A,29.94,83.00,1000.02,100.33,66.67,46.0
2026-08-19 16:44:52,ZONE_A,29.93,83.00,1000.01,100.45,66.67,55.0
2026-08-19 16:44:54,ZONE_A,29.96,83.00,999.99,100.63,66.67,52.0
2026-08-19 16:44:56,ZONE_A,29.98,83.00,1000.01,100.47,66.67,61.0
2026-08-19 16:44:58,ZONE_A,29.97,83.00,999.97,100.77,66.67,64.0
2026-08-19 16:45:00,ZONE_A,29.97,83.00,999.99,100.57,66.67,51.0
2026-08-19 16:45:02,ZONE_A,29.98,83.00,999.99,100.59,66.67,58.0
2026-08-19 16:45:04,ZONE_A,29.98,83.00,1000.01,100.47,66.67,57.0
2026-08-19 16:45:06,ZONE_A,30.01,83.00,1000.00,100.49,66.67,67.0
2026-08-19 16:45:08,ZONE_A,30.01,83.00,1000.03,100.25,66.67,58.0
2026-08-19 16:45:10,ZONE_A,30.00,83.00,1000.02,100.37,66.67,56.0
2026-08-19 16:45:12,ZONE_A,30.01,83.00,1000.02,100.34,66.67,56.0
2026-08-19 16:45:14,ZONE_A,30.02,83.00,1000.00,100.51,66.67,58.0
2026-08-19 16:45:16,ZONE_A,30.01,83.00,1000.02,100.38,63.33,62.0
2026-08-19 16:45:18,ZONE_A,30.01,83.00,1000.03,100.27,63.33,50.0
2026-08-19 16:45:20,ZONE_A,30.01,83.00,1000.02,100.36,63.33,62.0
2026-08-19 16:45:22,ZONE_A,30.00,83.00,1000.02,100.35,63.33,54.0
2026-08-19 16:45:24,ZONE_A,30.00,83.00,1000.01,100.43,63.33,58.0
2026-08-19 16:45:26,ZONE_A,30.00,83.00,1000.04,100.21,63.33,51.0
2026-08-19 16:45:28,ZONE_A,30.00,83.00,1000.02,100.34,63.33,58.0
2026-08-19 16:45:30,ZONE_A,29.99,83.00,1000.00,100.39,62.50,57.0
2026-08-19 16:45:32,ZONE_A,29.99,83.00,1000.03,100.29,62.50,57.0
2026-08-19 16:45:34,ZONE_A,29.99,83.00,1000.04,100.16,62.50,61.0
2026-08-19 16:45:36,ZONE_A,29.98,83.00,1000.03,100.30,62.50,57.0
2026-08-19 16:45:38,ZONE_A,29.97,83.00,1000.02,100.37,62.50,55.0
2026-08-19 16:45:40,ZONE_A,29.97,83.00,1000.04,100.18,62.50,64.0
2026-08-19 16:45:42,ZONE_A,29.96,83.00,1000.02,100.36,62.50,63.0
2026-08-19 16:45:44,ZONE_A,29.97,83.00,1000.04,100.21,62.50,59.0
2026-08-19 16:45:46,ZONE_A,29.96,83.00,1000.03,100.29,62.50,51.0
2026-08-19 16:45:48,ZONE_A,29.96,83.00,1000.00,100.49,62.50,64.0
2026-08-19 16:45:50,ZONE_A,29.95,83.00,1000.03,100.28,62.50,58.0
2026-08-19 16:45:52,ZONE_A,29.95,83.00,1000.00,100.54,62.50,53.0
2026-08-19 16:45:54,ZONE_A,29.95,83.00,999.98,100.68,61.67,59.0
2026-08-19 16:45:56,ZONE_A,29.95,83.00,1000.04,100.18,61.67,56.0
2026-08-19 16:45:58,ZONE_A,29.96,83.00,1000.03,100.30,61.67,64.0
2026-08-19 16:46:00,ZONE_A,29.97,83.00,1000.01,100.44,61.67,55.0
2026-08-19 16:46:02,ZONE_A,29.98,83.00,1000.01,100.41,61.67,49.0
2026-08-19 16:46:04,ZONE_A,29.98,83.00,1000.03,100.25,61.67,67.0
2026-08-19 16:46:06,ZONE_A,29.99,83.00,1000.00,100.53,61.67,62.0
2026-08-19 16:46:08,ZONE_A,29.99,83.00,1000.03,100.28,61.67,63.0
2026-08-19 16:46:10,ZONE_A,29.99,83.00,1000.06,100.05,61.67,59.0
2026-08-19 16:46:12,ZONE_A,29.99,83.00,1000.04,100.16,61.67,65.0
2026-08-19 16:46:14,ZONE_A,29.99,83.00,1000.06,100.04,61.67,63.0
2026-08-19 16:46:16,ZONE_A,29.98,83.00,1000.03,100.27,62.50,30.0
2026-08-19 16:46:18,ZONE_A,29.98,83.00,1000.04,100.18,62.50,56.0
2026-08-19 16:46:20,ZONE_A,29.98,83.00,1000.03,100.29,62.50,45.0
2026-08-19 16:46:22,ZONE_A,29.98,83.00,1000.03,100.23,62.50,55.0
2026-08-19 16:46:24,ZONE_A,29.98,83.00,1000.02,100.39,62.50,59.0
2026-08-19 16:46:26,ZONE_A,29.98,83.00,1000.01,100.39,61.67,50.0
2026-08-19 16:46:28,ZONE_A,29.99,83.00,1000.01,100.42,62.50,59.0
2026-08-19 16:46:30,ZONE_A,30.00,83.00,1000.03,100.30,62.50,56.0
2026-08-19 16:46:32,ZONE_A,30.01,83.00,1000.02,100.34,61.67,55.0
2026-08-19 16:46:34,ZONE_A,30.02,83.00,1000.03,100.25,61.67,59.0
2026-08-19 16:46:36,ZONE_A,30.01,83.00,1000.02,100.36,61.67,61.0
2026-08-19 16:46:38,ZONE_A,30.02,83.00,1000.01,100.42,61.67,57.0
2026-08-19 16:46:40,ZONE_A,30.02,83.00,1000.01,100.40,61.67,48.0
2026-08-19 16:46:42,ZONE_A,30.02,83.00,1000.01,100.41,61.67,58.0
2026-08-19 16:46:44,ZONE_A,30.02,83.00,1000.01,100.41,61.67,40.0
2026-08-19 16:46:46,ZONE_A,30.01,83.00,1000.01,100.44,60.83,50.0
2026-08-19 16:46:48,ZONE_A,30.01,83.00,1000.03,100.25,60.83,54.0
2026-08-19 16:46:50,ZONE_A,30.01,83.00,1000.02,100.34,60.83,57.0
2026-08-19 16:46:52,ZONE_A,30.01,83.00,1000.01,100.47,60.83,56.0
2026-08-19 16:46:54,ZONE_A,30.01,83.00,1000.00,100.51,60.83,54.0
2026-08-19 16:46:56,ZONE_A,30.01,83.00,1000.00,100.53,60.83,56.0
2026-08-19 16:46:58,ZONE_A,30.01,83.00,1000.02,100.37,60.83,54.0
2026-08-19 16:47:00,ZONE_A,30.01,83.00,1000.00,100.53,60.83,60.0
2026-08-19 16:47:02,ZONE_A,30.01,83.00,1000.01,100.43,60.83,59.0
2026-08-19 16:47:04,ZONE_A,30.01,83.00,1000.01,100.43,60.83,43.0
2026-08-19 16:47:06,ZONE_A,30.01,83.00,1000.03,100.24,60.83,57.0
2026-08-19 16:47:08,ZONE_A,30.02,83.00,1000.04,100.21,60.83,59.0
2026-08-19 16:47:10,ZONE_A,30.02,83.00,1000.03,100.27,60.83,54.0
2026-08-19 16:47:12,ZONE_A,30.02,83.00,1000.02,100.35,60.83,54.0
2026-08-19 16:47:14,ZONE_A,30.02,83.00,999.99,100.58,60.83,58.0
2026-08-19 16:47:16,ZONE_A,30.02,83.00,1000.02,100.39,60.83,62.0
2026-08-19 16:47:18,ZONE_A,30.02,83.00,1000.04,100.20,60.83,60.0
2026-08-19 16:47:20,ZONE_A,30.02,83.00,1000.03,100.24,60.83,49.0
2026-08-19 16:47:22,ZONE_A,30.03,83.00,1000.03,100.25,60.83,56.0
2026-08-19 16:47:24,ZONE_A,30.04,83.00,1000.05,100.09,60.83,55.0
2026-08-19 16:47:26,ZONE_A,30.03,83.00,1000.02,100.38,60.83,60.0
2026-08-19 16:47:28,ZONE_A,30.03,83.00,1000.00,100.55,60.83,62.0
2026-08-19 16:47:30,ZONE_A,30.02,83.00,1000.00,100.49,60.83,57.0
2026-08-19 16:47:32,ZONE_A,30.02,83.00,999.99,100.58,60.83,59.0
2026-08-19 16:47:34,ZONE_A,30.02,83.00,1000.01,100.44,60.83,52.0
2026-08-19 16:47:36,ZONE_A,30.01,83.00,1000.01,100.45,60.83,60.0
2026-08-19 16:47:38,ZONE_A,30.01,83.00,999.99,100.61,60.83,61.0
2026-08-19 16:47:40,ZONE_A,30.02,83.00,999.99,100.57,60.83,54.0
2026-08-19 16:47:42,ZONE_A,30.02,83.00,1000.02,100.35,60.00,63.0
2026-08-19 16:47:44,ZONE_A,30.01,83.00,999.98,100.67,60.00,55.0
2026-08-19 16:47:46,ZONE_A,30.01,83.00,999.97,100.76,60.00,64.0
2026-08-19 16:47:48,ZONE_A,30.01,83.00,999.98,100.65,60.00,57.0
2026-08-19 16:47:50,ZONE_A,30.02,83.00,1000.04,100.19,60.00,62.0
2026-08-19 16:47:52,ZONE_A,30.02,83.00,1000.01,100.40,60.00,58.0
2026-08-19 16:47:54,ZONE_A,30.03,83.00,1000.02,100.36,60.00,43.0
2026-08-19 16:47:56,ZONE_A,30.04,83.00,1000.01,100.47,60.00,56.0
2026-08-19 16:47:58,ZONE_A,30.04,83.00,999.97,100.77,60.83,57.0
2026-08-19 16:48:00,ZONE_A,30.05,83.00,1000.02,100.37,60.83,55.0
2026-08-19 16:48:02,ZONE_A,30.06,83.00,1000.02,100.36,60.83,52.0
2026-08-19 16:48:04,ZONE_A,30.06,83.00,999.97,100.74,60.83,67.0
2026-08-19 16:48:06,ZONE_A,30.06,83.00,1000.02,100.31,60.83,66.0
2026-08-19 16:48:08,ZONE_A,30.06,83.00,999.98,100.68,60.83,59.0
2026-08-19 16:48:10,ZONE_A,30.06,83.00,1000.01,100.44,60.83,62.0
2026-08-19 16:48:12,ZONE_A,30.05,83.00,999.99,100.57,60.83,55.0
2026-08-19 16:48:14,ZONE_A,30.05,83.00,1000.03,100.24,60.83,51.0
2026-08-19 16:48:16,ZONE_A,30.05,83.00,999.99,100.61,60.83,55.0
2026-08-19 16:48:18,ZONE_A,30.05,83.00,1000.00,100.48,60.83,46.0
2026-08-19 16:48:20,ZONE_A,30.05,83.00,1000.03,100.26,60.83,65.0
2026-08-19 16:48:22,ZONE_A,30.05,83.00,1000.01,100.44,60.83,61.0
2026-08-19 16:48:24,ZONE_A,30.04,83.00,999.99,100.57,60.83,50.0
2026-08-19 16:48:26,ZONE_A,30.04,83.00,999.98,100.70,60.83,53.0
2026-08-19 16:48:28,ZONE_A,30.04,83.00,1000.00,100.51,60.83,53.0
2026-08-19 16:48:30,ZONE_A,30.05,83.00,1000.01,100.47,60.83,54.0
2026-08-19 16:48:32,ZONE_A,30.04,83.00,1000.03,100.26,60.83,59.0
2026-08-19 16:48:34,ZONE_A,30.04,83.00,1000.01,100.45,60.83,53.0
2026-08-19 16:48:36,ZONE_A,30.05,83.00,999.98,100.65,60.83,60.0
2026-08-19 16:48:38,ZONE_A,30.05,83.00,1000.00,100.55,60.83,59.0
2026-08-19 16:48:40,ZONE_A,30.05,83.00,999.98,100.69,60.83,54.0
2026-08-19 16:48:42,ZONE_A,30.05,83.00,1000.01,100.45,60.83,56.0
2026-08-19 16:48:44,ZONE_A,30.06,83.00,1000.01,100.42,60.83,56.0
2026-08-19 16:48:46,ZONE_A,30.07,83.00,999.97,100.79,60.83,51.0
2026-08-19 16:48:48,ZONE_A,30.07,83.00,999.99,100.56,60.83,56.0
2026-08-19 16:48:50,ZONE_A,30.08,83.00,999.99,100.60,60.83,63.0
2026-08-19 16:48:52,ZONE_A,30.08,83.00,999.99,100.57,60.83,58.0
2026-08-19 16:48:54,ZONE_A,30.08,83.00,1000.00,100.55,60.83,59.0
2026-08-19 16:48:56,ZONE_A,30.08,83.00,1000.02,100.36,60.00,50.0
2026-08-19 16:48:58,ZONE_A,30.08,83.00,1000.01,100.40,60.00,65.0
2026-08-19 16:49:00,ZONE_A,30.09,83.00,1000.01,100.45,60.00,57.0
2026-08-19 16:49:02,ZONE_A,30.08,83.00,1000.01,100.42,60.00,64.0
2026-08-19 16:49:04,ZONE_A,30.07,83.00,999.97,100.73,60.00,54.0
2026-08-19 16:49:06,ZONE_A,30.08,83.00,1000.01,100.40,60.00,51.0
2026-08-19 16:49:08,ZONE_A,30.08,83.00,1000.00,100.55,60.00,63.0
2026-08-19 16:49:10,ZONE_A,30.08,83.00,999.96,100.84,60.00,59.0
2026-08-19 16:49:12,ZONE_A,30.09,83.00,999.98,100.67,60.00,67.0
2026-08-19 16:49:14,ZONE_A,30.09,83.00,999.98,100.69,60.00,47.0
2026-08-19 16:49:16,ZONE_A,30.09,83.00,999.99,100.62,60.00,58.0
2026-08-19 16:49:18,ZONE_A,30.08,83.00,999.94,100.99,60.00,54.0
2026-08-19 16:49:20,ZONE_A,30.08,83.00,999.99,100.59,60.00,68.0
2026-08-19 16:49:22,ZONE_A,30.08,83.00,999.99,100.58,60.00,57.0
2026-08-19 16:49:24,ZONE_A,30.07,83.00,999.99,100.58,60.00,62.0
2026-08-19 16:49:26,ZONE_A,30.09,83.00,1000.01,100.47,60.00,58.0
2026-08-19 16:49:28,ZONE_A,30.09,83.00,999.98,100.70,60.00,55.0
2026-08-19 16:49:30,ZONE_A,30.09,83.00,999.99,100.56,59.17,51.0
2026-08-19 16:49:32,ZONE_A,30.08,83.00,1000.00,100.53,59.17,59.0
2026-08-19 16:49:34,ZONE_A,30.08,83.00,1000.01,100.44,59.17,49.0
2026-08-19 16:49:36,ZONE_A,30.08,83.00,999.98,100.61,59.17,58.0
2026-08-19 16:49:38,ZONE_A,30.07,83.00,1000.01,100.40,59.17,54.0
2026-08-19 16:49:40,ZONE_A,30.07,83.00,1000.00,100.54,59.17,60.0
2026-08-19 16:49:42,ZONE_A,30.07,83.00,999.99,100.63,59.17,54.0
2026-08-19 16:49:44,ZONE_A,30.07,83.00,999.99,100.63,59.17,63.0
2026-08-19 16:49:46,ZONE_A,30.07,83.00,999.99,100.56,58.33,69.0
2026-08-19 16:49:48,ZONE_A,30.08,83.00,999.98,100.70,58.33,64.0
2026-08-19 16:49:50,ZONE_A,30.08,83.00,1000.00,100.50,57.50,61.0
2026-08-19 16:49:52,ZONE_A,30.08,83.00,999.98,100.70,59.17,61.0
2026-08-19 16:49:54,ZONE_A,30.09,83.00,1000.00,100.50,59.17,53.0
2026-08-19 16:49:56,ZONE_A,30.08,83.00,999.99,100.59,59.17,59.0
2026-08-19 16:49:58,ZONE_A,30.08,83.00,999.99,100.62,59.17,54.0
2026-08-19 16:50:00,ZONE_A,30.08,83.00,999.98,100.65,60.00,54.0
2026-08-19 16:50:02,ZONE_A,30.08,83.00,999.99,100.59,60.00,73.0
2026-08-19 16:50:04,ZONE_A,30.08,83.00,1000.00,100.54,60.00,54.0
2026-08-19 16:50:06,ZONE_A,30.08,82.00,999.98,100.70,60.00,51.0
2026-08-19 16:50:08,ZONE_A,30.08,82.00,1000.00,100.49,60.00,49.0
2026-08-19 16:50:10,ZONE_A,30.07,82.00,1000.03,100.29,60.00,58.0
2026-08-19 16:50:12,ZONE_A,30.08,82.00,999.99,100.57,60.00,65.0
2026-08-19 16:50:14,ZONE_A,30.08,82.00,999.98,100.71,60.00,61.0
2026-08-19 16:50:16,ZONE_A,30.07,82.00,999.97,100.75,60.00,69.0
2026-08-19 16:50:18,ZONE_A,30.08,82.00,1000.00,100.52,60.00,52.0
2026-08-19 16:50:20,ZONE_A,30.07,82.00,999.98,100.70,60.00,52.0
2026-08-19 16:50:22,ZONE_A,30.07,82.00,999.96,100.83,60.00,69.0
2026-08-19 16:50:24,ZONE_A,30.08,82.00,1000.00,100.49,60.00,63.0
2026-08-19 16:50:26,ZONE_A,30.10,82.00,999.98,100.68,60.00,54.0
2026-08-19 16:50:28,ZONE_A,30.09,82.00,999.96,100.87,60.00,52.0
2026-08-19 16:50:30,ZONE_A,30.10,82.00,1000.00,100.51,60.00,68.0
2026-08-19 16:50:32,ZONE_A,30.10,82.00,999.97,100.75,59.17,47.0
2026-08-19 16:50:34,ZONE_A,30.10,82.00,999.96,100.85,59.17,54.0
2026-08-19 16:50:36,ZONE_A,30.10,82.00,999.96,100.83,59.17,59.0
2026-08-19 16:50:38,ZONE_A,30.10,82.00,999.98,100.68,59.17,60.0
2026-08-19 16:50:40,ZONE_A,30.09,82.00,999.96,100.86,59.17,54.0
2026-08-19 16:50:42,ZONE_A,30.10,82.00,999.97,100.80,59.17,62.0
2026-08-19 16:50:44,ZONE_A,30.10,83.00,999.98,100.72,59.17,52.0
2026-08-19 16:50:46,ZONE_A,30.10,83.00,999.98,100.69,59.17,68.0
2026-08-19 16:50:48,ZONE_A,30.10,83.00,999.96,100.82,58.33,50.0
2026-08-19 16:50:50,ZONE_A,30.10,83.00,999.99,100.56,58.33,54.0
2026-08-19 16:50:52,ZONE_A,30.09,83.00,999.95,100.90,58.33,59.0
2026-08-19 16:50:54,ZONE_A,30.10,83.00,1000.00,100.55,58.33,57.0
2026-08-19 16:50:56,ZONE_A,30.10,83.00,1000.01,100.41,58.33,56.0
2026-08-19 16:50:58,ZONE_A,30.10,83.00,999.98,100.72,58.33,60.0
2026-08-19 16:51:00,ZONE_A,30.10,83.00,1000.00,100.53,58.33,63.0
2026-08-19 16:51:02,ZONE_A,30.10,83.00,999.99,100.58,58.33,58.0
2026-08-19 16:51:04,ZONE_A,30.10,83.00,999.99,100.56,58.33,58.0
2026-08-19 16:51:06,ZONE_A,30.10,83.00,999.94,100.99,58.33,52.0
2026-08-19 16:51:08,ZONE_A,30.10,83.00,999.94,101.04,59.17,55.0
2026-08-19 16:51:10,ZONE_A,30.09,83.00,999.98,100.66,59.17,54.0
2026-08-19 16:51:12,ZONE_A,30.10,83.00,999.94,101.04,59.17,52.0
2026-08-19 16:51:14,ZONE_A,30.10,83.00,999.97,100.81,59.17,39.0
2026-08-19 16:51:16,ZONE_A,30.11,83.00,1000.00,100.55,59.17,62.0
2026-08-19 16:51:18,ZONE_A,30.12,83.00,999.97,100.76,59.17,60.0
2026-08-19 16:51:20,ZONE_A,30.14,83.00,999.99,100.59,59.17,61.0
2026-08-19 16:51:22,ZONE_A,30.16,83.00,999.94,101.02,59.17,57.0
2026-08-19 16:51:24,ZONE_A,30.18,83.00,999.97,100.75,59.17,58.0
2026-08-19 16:51:26,ZONE_A,30.19,83.00,999.97,100.78,59.17,49.0
2026-08-19 16:51:28,ZONE_A,30.19,83.00,999.96,100.86,59.17,59.0
2026-08-19 16:51:30,ZONE_A,30.20,83.00,1000.01,100.41,59.17,62.0
2026-08-19 16:51:32,ZONE_A,30.21,83.00,1000.00,100.47,59.17,56.0
2026-08-19 16:51:34,ZONE_A,30.19,83.00,999.96,100.87,59.17,56.0
2026-08-19 16:51:36,ZONE_A,30.19,83.00,999.97,100.76,59.17,59.0
2026-08-19 16:51:38,ZONE_A,30.19,83.00,999.98,100.68,60.00,58.0
2026-08-19 16:51:40,ZONE_A,30.20,83.00,999.95,100.92,60.00,60.0
2026-08-19 16:51:42,ZONE_A,30.22,83.00,999.96,100.89,60.00,62.0
2026-08-19 16:51:44,ZONE_A,30.22,83.00,999.94,101.02,60.00,58.0
2026-08-19 16:51:46,ZONE_A,30.22,83.00,999.94,100.99,60.00,60.0
2026-08-19 16:51:48,ZONE_A,30.22,83.00,999.94,101.03,60.00,61.0
2026-08-19 16:51:50,ZONE_A,30.20,83.00,999.97,100.74,60.00,48.0
2026-08-19 16:51:52,ZONE_A,30.20,83.00,999.95,100.97,60.83,58.0
2026-08-19 16:51:54,ZONE_A,30.19,83.00,999.96,100.86,60.83,65.0
2026-08-19 16:51:56,ZONE_A,30.19,83.00,999.95,100.92,60.83,50.0
2026-08-19 16:51:58,ZONE_A,30.19,83.00,999.97,100.76,60.83,56.0
2026-08-19 16:52:00,ZONE_A,30.19,83.00,999.95,101.01,60.83,39.0
2026-08-19 16:52:02,ZONE_A,30.19,83.00,999.95,100.96,60.83,49.0
2026-08-19 16:52:04,ZONE_A,30.18,83.00,999.93,101.09,60.83,61.0
2026-08-19 16:52:06,ZONE_A,30.17,83.00,999.94,101.05,61.67,52.0
2026-08-19 16:52:08,ZONE_A,30.18,83.00,999.95,100.93,61.67,52.0
2026-08-19 16:52:10,ZONE_A,30.17,83.00,999.99,100.63,61.67,57.0
2026-08-19 16:52:12,ZONE_A,30.17,83.00,999.96,100.84,61.67,58.0
2026-08-19 16:52:14,ZONE_A,30.16,83.00,999.93,101.08,61.67,41.0
2026-08-19 16:52:16,ZONE_A,30.16,83.00,999.95,100.97,62.50,52.0
2026-08-19 16:52:18,ZONE_A,30.16,83.00,999.96,100.84,62.50,67.0
2026-08-19 16:52:20,ZONE_A,30.16,83.00,999.97,100.80,62.50,61.0
2026-08-19 16:52:22,ZONE_A,30.16,83.00,999.96,100.84,62.50,48.0
2026-08-19 16:52:24,ZONE_A,30.16,82.00,999.94,101.04,62.50,59.0
2026-08-19 16:52:26,ZONE_A,30.16,82.00,999.97,100.78,62.50,57.0
2026-08-19 16:52:28,ZONE_A,30.16,82.00,999.96,100.88,62.50,52.0
2026-08-19 16:52:30,ZONE_A,30.16,82.00,999.95,100.96,62.50,59.0
2026-08-19 16:52:32,ZONE_A,30.17,82.00,999.98,100.67,62.50,61.0
2026-08-19 16:52:34,ZONE_A,30.17,82.00,999.99,100.60,62.50,47.0
2026-08-19 16:52:36,ZONE_A,30.18,82.00,999.97,100.77,62.50,60.0
2026-08-19 16:52:38,ZONE_A,30.17,82.00,999.98,100.72,62.50,62.0
2026-08-19 16:52:40,ZONE_A,30.17,82.00,999.98,100.72,62.50,47.0
2026-08-19 16:52:42,ZONE_A,30.17,82.00,1000.00,100.53,62.50,51.0
2026-08-19 16:52:44,ZONE_A,30.18,82.00,999.95,100.96,62.50,57.0
2026-08-19 16:52:46,ZONE_A,30.18,82.00,999.96,100.88,62.50,57.0
2026-08-19 16:52:48,ZONE_A,30.18,82.00,1000.00,100.55,62.50,58.0
2026-08-19 16:52:50,ZONE_A,30.18,82.00,999.96,100.77,63.33,65.0
2026-08-19 16:52:52,ZONE_A,30.18,82.00,999.94,101.01,62.50,57.0
2026-08-19 16:52:54,ZONE_A,30.17,82.00,999.94,101.04,62.50,57.0
2026-08-19 16:52:56,ZONE_A,30.17,82.00,999.94,101.03,63.33,59.0
2026-08-19 16:52:58,ZONE_A,30.20,82.00,999.96,100.85,63.33,60.0
2026-08-19 16:53:00,ZONE_A,30.20,82.00,999.96,100.85,63.33,56.0
2026-08-19 16:53:02,ZONE_A,30.20,82.00,999.96,100.81,63.33,55.0
2026-08-19 16:53:04,ZONE_A,30.20,82.00,999.96,100.89,63.33,62.0
2026-08-19 16:53:06,ZONE_A,30.20,82.00,999.94,101.06,63.33,61.0
2026-08-19 16:53:08,ZONE_A,30.21,82.00,999.96,100.88,63.33,45.0
2026-08-19 16:53:10,ZONE_A,30.22,82.00,999.98,100.69,64.17,61.0
2026-08-19 16:53:12,ZONE_A,30.21,82.00,999.94,101.01,64.17,63.0
2026-08-19 16:53:14,ZONE_A,30.21,82.00,999.96,100.85,64.17,62.0
2026-08-19 16:53:16,ZONE_A,30.21,82.00,999.98,100.72,64.17,61.0
2026-08-19 16:53:18,ZONE_A,30.22,82.00,1000.00,100.55,64.17,62.0
2026-08-19 16:53:20,ZONE_A,30.23,82.00,999.98,100.68,63.33,55.0
2026-08-19 16:53:22,ZONE_A,30.22,82.00,999.97,100.79,63.33,57.0
2026-08-19 16:53:24,ZONE_A,30.23,82.00,999.99,100.63,63.33,71.0
2026-08-19 16:53:26,ZONE_A,30.23,82.00,999.94,101.02,63.33,59.0
2026-08-19 16:53:28,ZONE_A,30.22,82.00,999.95,100.94,62.50,53.0
2026-08-19 16:53:30,ZONE_A,30.22,82.00,999.95,100.94,62.50,64.0
2026-08-19 16:53:32,ZONE_A,30.22,82.00,999.94,101.00,62.50,59.0
2026-08-19 16:53:34,ZONE_A,30.22,82.00,999.97,100.80,62.50,59.0
2026-08-19 16:53:36,ZONE_A,30.22,82.00,999.96,100.88,61.67,60.0
2026-08-19 16:53:38,ZONE_A,30.22,82.00,999.95,100.93,61.67,49.0
2026-08-19 16:53:40,ZONE_A,30.21,82.00,999.92,101.21,61.67,57.0
2026-08-19 16:53:42,ZONE_A,30.21,82.00,999.95,100.97,60.83,58.0
2026-08-19 16:53:44,ZONE_A,30.21,82.00,999.97,100.79,61.67,59.0
2026-08-19 16:53:46,ZONE_A,30.22,82.00,999.98,100.68,60.83,63.0
2026-08-19 16:53:48,ZONE_A,30.21,82.00,999.94,101.00,60.83,51.0
2026-08-19 16:53:50,ZONE_A,30.22,82.00,999.97,100.77,60.83,55.0
2026-08-19 16:53:52,ZONE_A,30.22,82.00,999.96,100.89,60.83,49.0
2026-08-19 16:53:54,ZONE_A,30.20,82.00,999.94,101.03,61.67,53.0
2026-08-19 16:53:56,ZONE_A,30.21,82.00,999.97,100.75,61.67,50.0
2026-08-19 16:53:58,ZONE_A,30.21,82.00,999.97,100.77,61.67,64.0
2026-08-19 16:54:00,ZONE_A,30.21,82.00,999.97,100.76,61.67,63.0
2026-08-19 16:54:02,ZONE_A,30.21,82.00,999.97,100.77,61.67,57.0
2026-08-19 16:54:04,ZONE_A,30.20,82.00,999.98,100.69,61.67,58.0
2026-08-19 16:54:06,ZONE_A,30.20,82.00,999.94,101.01,61.67,57.0
2026-08-19 16:54:08,ZONE_A,30.20,82.00,999.93,101.12,61.67,54.0
2026-08-19 16:54:10,ZONE_A,30.19,82.00,999.95,100.96,62.50,60.0
2026-08-19 16:54:12,ZONE_A,30.20,82.00,999.92,101.19,62.50,59.0
2026-08-19 16:54:14,ZONE_A,30.21,82.00,999.94,101.03,62.50,61.0
2026-08-19 16:54:16,ZONE_A,30.21,82.00,999.92,101.20,62.50,53.0
2026-08-19 16:54:18,ZONE_A,30.21,82.00,999.97,100.81,62.50,75.0
2026-08-19 16:54:20,ZONE_A,30.21,82.00,999.95,100.96,62.50,58.0
2026-08-19 16:54:22,ZONE_A,30.20,82.00,999.94,101.01,62.50,56.0
2026-08-19 16:54:24,ZONE_A,30.20,82.00,999.94,101.04,62.50,55.0
2026-08-19 16:54:26,ZONE_A,30.20,82.00,999.96,100.88,62.50,58.0
2026-08-19 16:54:28,ZONE_A,30.20,82.00,999.94,101.01,62.50,65.0
2026-08-19 16:54:30,ZONE_A,30.20,82.00,999.95,100.94,62.50,53.0
2026-08-19 16:54:32,ZONE_A,30.20,82.00,999.96,100.88,62.50,51.0
2026-08-19 16:54:34,ZONE_A,30.20,82.00,999.97,100.77,62.50,59.0
2026-08-19 16:54:36,ZONE_A,30.20,82.00,999.96,100.88,62.50,51.0
2026-08-19 16:54:38,ZONE_A,30.21,82.00,999.97,100.78,62.50,60.0
2026-08-19 16:54:40,ZONE_A,30.21,82.00,999.96,100.87,62.50,68.0
2026-08-19 16:54:42,ZONE_A,30.21,82.00,999.93,101.08,62.50,52.0
2026-08-19 16:54:44,ZONE_A,30.21,82.00,999.92,101.18,62.50,47.0
2026-08-19 16:54:46,ZONE_A,30.22,82.00,999.95,100.94,62.50,52.0
2026-08-19 16:54:48,ZONE_A,30.22,82.00,999.93,101.14,60.83,46.0
2026-08-19 16:54:50,ZONE_A,30.22,82.00,999.94,101.00,59.17,56.0
2026-08-19 16:54:52,ZONE_A,30.23,82.00,999.93,101.07,47.50,52.0
2026-08-19 16:54:54,ZONE_A,30.23,82.00,999.94,101.01,60.00,60.0
2026-08-19 16:54:56,ZONE_A,30.23,82.00,999.94,101.02,59.17,54.0
2026-08-19 16:54:58,ZONE_A,30.22,82.00,999.95,100.98,60.00,62.0
2026-08-19 16:55:00,ZONE_A,30.22,82.00,999.96,100.82,60.00,55.0
2026-08-19 16:55:02,ZONE_A,30.22,82.00,999.94,100.99,60.00,51.0
2026-08-19 16:55:04,ZONE_A,30.23,82.00,999.94,101.03,60.00,62.0
2026-08-19 16:55:06,ZONE_A,30.24,82.00,999.97,100.80,60.00,68.0
2026-08-19 16:55:08,ZONE_A,30.23,82.00,999.93,101.14,59.17,62.0
2026-08-19 16:55:10,ZONE_A,30.23,82.00,999.94,100.99,59.17,58.0
2026-08-19 16:55:12,ZONE_A,30.24,82.00,999.96,100.89,59.17,59.0
2026-08-19 16:55:14,ZONE_A,30.24,82.00,999.95,100.92,59.17,55.0
2026-08-19 16:55:16,ZONE_A,30.24,82.00,999.92,101.23,58.33,58.0
2026-08-19 16:55:18,ZONE_A,30.25,82.00,999.94,101.02,58.33,62.0
2026-08-19 16:55:20,ZONE_A,30.25,82.00,999.93,101.08,57.50,62.0
2026-08-19 16:55:22,ZONE_A,30.25,82.00,999.93,101.09,56.67,57.0
2026-08-19 16:55:24,ZONE_A,30.24,82.00,999.92,101.18,58.33,58.0
2026-08-19 16:55:26,ZONE_A,30.25,82.00,999.96,100.81,59.17,59.0
2026-08-19 16:55:28,ZONE_A,30.25,82.00,999.97,100.78,58.33,55.0
2026-08-19 16:55:30,ZONE_A,30.25,82.00,999.95,100.92,58.33,47.0
2026-08-19 16:55:32,ZONE_A,30.26,82.00,999.98,100.71,58.33,60.0
2026-08-19 16:55:34,ZONE_A,30.26,82.00,999.96,100.85,58.33,50.0
2026-08-19 16:55:36,ZONE_A,30.25,82.00,999.94,101.02,59.17,60.0
2026-08-19 16:55:38,ZONE_A,30.26,82.00,999.96,100.87,59.17,59.0
2026-08-19 16:55:40,ZONE_A,30.26,82.00,999.93,101.14,59.17,59.0
2026-08-19 16:55:42,ZONE_A,30.26,82.00,999.96,100.84,59.17,61.0
2026-08-19 16:55:44,ZONE_A,30.26,82.00,999.96,100.87,59.17,56.0
2026-08-19 16:55:46,ZONE_A,30.25,82.00,999.94,101.04,59.17,50.0
2026-08-19 16:55:48,ZONE_A,30.25,82.00,999.95,100.95,59.17,58.0
2026-08-19 16:55:50,ZONE_A,30.25,82.00,999.95,100.92,59.17,58.0
2026-08-19 16:55:52,ZONE_A,30.25,82.00,999.89,101.41,58.33,53.0
2026-08-19 16:55:54,ZONE_A,30.25,82.00,999.93,101.12,58.33,62.0
2026-08-19 16:55:56,ZONE_A,30.26,82.00,999.92,101.17,59.17,57.0
2026-08-19 16:55:58,ZONE_A,30.26,82.00,999.93,101.06,59.17,62.0
2026-08-19 16:56:00,ZONE_A,30.26,82.00,999.94,100.99,59.17,52.0
2026-08-19 16:56:02,ZONE_A,30.26,82.00,999.94,101.05,58.33,70.0
2026-08-19 16:56:04,ZONE_A,30.26,82.00,999.94,101.04,59.17,54.0
2026-08-19 16:56:06,ZONE_A,30.26,82.00,999.94,101.00,58.33,52.0
2026-08-19 16:56:08,ZONE_A,30.25,82.00,999.92,101.20,58.33,61.0
2026-08-19 16:56:10,ZONE_A,30.25,82.00,999.92,101.21,58.33,54.0
2026-08-19 16:56:12,ZONE_A,30.26,82.00,999.94,101.03,58.33,56.0
2026-08-19 16:56:14,ZONE_A,30.28,82.00,999.95,100.95,58.33,71.0
2026-08-19 16:56:16,ZONE_A,30.28,81.00,999.98,100.64,58.33,56.0
2026-08-19 16:56:18,ZONE_A,30.28,81.00,999.92,101.20,58.33,53.0
2026-08-19 16:56:20,ZONE_A,30.28,81.00,999.96,100.86,57.50,64.0
2026-08-19 16:56:22,ZONE_A,30.28,81.00,999.95,100.97,57.50,57.0
2026-08-19 16:56:24,ZONE_A,30.28,81.00,999.92,101.18,57.50,65.0
2026-08-19 16:56:26,ZONE_A,30.27,81.00,999.94,101.03,57.50,58.0
2026-08-19 16:56:28,ZONE_A,30.26,81.00,999.94,101.04,57.50,54.0
2026-08-19 16:56:30,ZONE_A,30.26,81.00,999.94,101.02,57.50,57.0
2026-08-19 16:56:32,ZONE_A,30.26,81.00,999.90,101.34,57.50,58.0
2026-08-19 16:56:34,ZONE_A,30.25,81.00,999.91,101.28,56.67,68.0
2026-08-19 16:56:36,ZONE_A,30.25,81.00,999.93,101.12,56.67,61.0
2026-08-19 16:56:38,ZONE_A,30.26,81.00,999.93,101.09,56.67,57.0
2026-08-19 16:56:40,ZONE_A,30.26,81.00,999.92,101.18,56.67,54.0
2026-08-19 16:56:42,ZONE_A,30.27,81.00,999.93,101.07,56.67,58.0
2026-08-19 16:56:44,ZONE_A,30.27,81.00,999.92,101.17,56.67,55.0
2026-08-19 16:56:46,ZONE_A,30.27,81.00,999.94,101.05,56.67,59.0
2026-08-19 16:56:48,ZONE_A,30.27,81.00,999.94,100.99,57.50,60.0
2026-08-19 16:56:50,ZONE_A,30.26,81.00,999.92,101.19,57.50,53.0
2026-08-19 16:56:52,ZONE_A,30.26,81.00,999.93,101.11,57.50,58.0
2026-08-19 16:56:54,ZONE_A,30.26,81.00,999.94,101.04,57.50,54.0
2026-08-19 16:56:56,ZONE_A,30.26,81.00,999.94,101.05,57.50,57.0
2026-08-19 16:56:58,ZONE_A,30.26,81.00,999.93,101.13,58.33,54.0
2026-08-19 16:57:00,ZONE_A,30.25,81.00,999.93,101.07,58.33,58.0
2026-08-19 16:57:02,ZONE_A,30.25,81.00,999.94,101.04,58.33,58.0
2026-08-19 16:57:04,ZONE_A,30.25,81.00,999.93,101.13,58.33,59.0
2026-08-19 16:57:06,ZONE_A,30.25,81.00,999.93,101.10,58.33,57.0
2026-08-19 16:57:08,ZONE_A,30.25,81.00,999.93,101.12,59.17,55.0
2026-08-19 16:57:10,ZONE_A,30.25,81.00,999.95,100.94,59.17,54.0
2026-08-19 16:57:12,ZONE_A,30.25,81.00,999.91,101.31,59.17,62.0
2026-08-19 16:57:14,ZONE_A,30.26,81.00,999.93,101.10,59.17,61.0
2026-08-19 16:57:16,ZONE_A,30.26,81.00,999.94,101.05,59.17,56.0
2026-08-19 16:57:18,ZONE_A,30.26,81.00,999.92,101.16,60.00,44.0
2026-08-19 16:57:20,ZONE_A,30.27,81.00,999.94,101.02,60.00,57.0
2026-08-19 16:57:22,ZONE_A,30.26,81.00,999.94,100.98,60.83,55.0
2026-08-19 16:57:24,ZONE_A,30.26,81.00,999.94,101.06,60.83,51.0
2026-08-19 16:57:26,ZONE_A,30.26,81.00,999.91,101.29,60.83,57.0
2026-08-19 16:57:28,ZONE_A,30.26,81.00,999.92,101.20,60.83,59.0
2026-08-19 16:57:30,ZONE_A,30.26,81.00,999.92,101.18,61.67,51.0
2026-08-19 16:57:32,ZONE_A,30.26,81.00,999.93,101.09,61.67,54.0
2026-08-19 16:57:34,ZONE_A,30.25,81.00,999.93,101.07,61.67,61.0
2026-08-19 16:57:36,ZONE_A,30.25,81.00,999.93,101.14,61.67,56.0
2026-08-19 16:57:38,ZONE_A,30.25,81.00,999.92,101.18,61.67,53.0
2026-08-19 16:57:40,ZONE_A,30.26,81.00,999.93,101.08,61.67,60.0
2026-08-19 16:57:42,ZONE_A,30.25,81.00,999.92,101.22,62.50,51.0
2026-08-19 16:57:44,ZONE_A,30.24,81.00,999.93,101.14,62.50,58.0
2026-08-19 16:57:46,ZONE_A,30.24,81.00,999.91,101.31,62.50,64.0
2026-08-19 16:57:48,ZONE_A,30.24,81.00,999.90,101.40,62.50,59.0
2026-08-19 16:57:50,ZONE_A,30.24,81.00,999.89,101.45,62.50,47.0
2026-08-19 16:57:52,ZONE_A,30.24,81.00,999.91,101.25,62.50,46.0
2026-08-19 16:57:54,ZONE_A,30.23,81.00,999.90,101.38,62.50,55.0
2026-08-19 16:57:56,ZONE_A,30.23,81.00,999.90,101.35,62.50,60.0
2026-08-19 16:57:58,ZONE_A,30.23,81.00,999.89,101.46,62.50,70.0
2026-08-19 16:58:00,ZONE_A,30.23,81.00,999.88,101.51,62.50,50.0
2026-08-19 16:58:02,ZONE_A,30.22,81.00,999.88,101.53,62.50,62.0
2026-08-19 16:58:04,ZONE_A,30.22,81.00,999.87,101.57,62.50,60.0
2026-08-19 16:58:06,ZONE_A,30.22,81.00,999.89,101.42,62.50,57.0
2026-08-19 16:58:08,ZONE_A,30.22,81.00,999.88,101.50,62.50,52.0
2026-08-19 16:58:10,ZONE_A,30.22,81.00,999.90,101.34,62.50,56.0
2026-08-19 16:58:12,ZONE_A,30.21,81.00,999.90,101.38,62.50,55.0
2026-08-19 16:58:14,ZONE_A,30.22,81.00,999.90,101.38,62.50,54.0
2026-08-19 16:58:16,ZONE_A,30.23,82.00,999.91,101.23,62.50,52.0
2026-08-19 16:58:18,ZONE_A,30.23,82.00,999.89,101.42,62.50,63.0
2026-08-19 16:58:20,ZONE_A,30.23,82.00,999.92,101.22,61.67,57.0
2026-08-19 16:58:22,ZONE_A,30.24,82.00,999.88,101.51,60.83,59.0
2026-08-19 16:58:24,ZONE_A,30.24,82.00,999.94,101.06,60.83,58.0
2026-08-19 16:58:26,ZONE_A,30.24,82.00,999.89,101.43,60.83,53.0
2026-08-19 16:58:28,ZONE_A,30.23,82.00,999.88,101.49,61.67,52.0
2026-08-19 16:58:30,ZONE_A,30.24,82.00,999.91,101.27,61.67,58.0
2026-08-19 16:58:32,ZONE_A,30.25,82.00,999.90,101.32,62.50,57.0
2026-08-19 16:58:34,ZONE_A,30.24,82.00,999.88,101.50,62.50,59.0
2026-08-19 16:58:36,ZONE_A,30.25,82.00,999.90,101.37,62.50,55.0
2026-08-19 16:58:38,ZONE_A,30.25,82.00,999.91,101.28,62.50,55.0
2026-08-19 16:58:40,ZONE_A,30.26,82.00,999.93,101.14,62.50,57.0
2026-08-19 16:58:42,ZONE_A,30.26,82.00,999.95,100.95,62.50,53.0
2026-08-19 16:58:44,ZONE_A,30.26,82.00,999.93,101.08,62.50,50.0
2026-08-19 16:58:46,ZONE_A,30.26,82.00,999.89,101.41,62.50,56.0
2026-08-19 16:58:48,ZONE_A,30.26,82.00,999.92,101.21,62.50,55.0
2026-08-19 16:58:50,ZONE_A,30.26,82.00,999.91,101.18,62.50,56.0
2026-08-19 16:58:52,ZONE_A,30.27,82.00,999.92,101.17,62.50,56.0
2026-08-19 16:58:54,ZONE_A,30.26,82.00,999.91,101.27,62.50,59.0
2026-08-19 16:58:56,ZONE_A,30.26,82.00,999.88,101.54,62.50,56.0
2026-08-19 16:58:58,ZONE_A,30.26,82.00,999.88,101.48,62.50,59.0
2026-08-19 16:59:00,ZONE_A,30.26,82.00,999.92,101.23,62.50,54.0
2026-08-19 16:59:02,ZONE_A,30.27,82.00,999.93,101.07,62.50,58.0
2026-08-19 16:59:04,ZONE_A,30.27,82.00,999.91,101.30,63.33,60.0
2026-08-19 16:59:06,ZONE_A,30.27,82.00,999.91,101.24,63.33,55.0
2026-08-19 16:59:08,ZONE_A,30.27,82.00,999.90,101.63,63.33,56.0
2026-08-19 16:59:10,ZONE_A,30.27,82.00,999.89,101.42,63.33,55.0
2026-08-19 16:59:12,ZONE_A,30.28,82.00,999.88,101.49,63.33,61.0
2026-08-19 16:59:14,ZONE_A,30.29,82.00,999.90,101.34,63.33,62.0
2026-08-19 16:59:16,ZONE_A,30.28,82.00,999.88,101.50,64.17,54.0
2026-08-19 16:59:18,ZONE_A,30.29,82.00,999.90,101.34,63.33,66.0
2026-08-19 16:59:20,ZONE_A,30.29,82.00,999.91,101.31,64.17,58.0
2026-08-19 16:59:22,ZONE_A,30.29,82.00,999.95,100.92,64.17,57.0
2026-08-19 16:59:24,ZONE_A,30.29,82.00,999.91,101.25,64.17,58.0
2026-08-19 16:59:26,ZONE_A,30.30,82.00,999.92,101.18,64.17,57.0
2026-08-19 16:59:28,ZONE_A,30.29,82.00,999.92,101.19,64.17,59.0
2026-08-19 16:59:30,ZONE_A,30.29,82.00,999.90,101.37,64.17,43.0
2026-08-19 16:59:32,ZONE_A,30.29,82.00,999.91,101.24,65.00,59.0
2026-08-19 16:59:34,ZONE_A,30.29,82.00,999.92,101.22,65.00,59.0
2026-08-19 16:59:36,ZONE_A,30.30,82.00,999.93,101.11,64.17,57.0
2026-08-19 16:59:38,ZONE_A,30.30,82.00,999.88,101.53,61.67,54.0
2026-08-19 16:59:40,ZONE_A,30.29,82.00,999.91,101.27,52.50,70.0
2026-08-19 16:59:42,ZONE_A,30.28,82.00,999.90,101.39,52.50,56.0
2026-08-19 16:59:44,ZONE_A,30.28,82.00,999.89,101.44,53.33,68.0
2026-08-19 16:59:46,ZONE_A,30.28,82.00,999.91,101.27,54.17,53.0
2026-08-19 16:59:48,ZONE_A,30.28,82.00,999.90,101.40,53.33,52.0
2026-08-19 16:59:50,ZONE_A,30.29,82.00,999.91,101.28,53.33,48.0
2026-08-19 16:59:52,ZONE_A,30.29,82.00,999.95,100.94,55.00,48.0
2026-08-19 16:59:54,ZONE_A,30.30,82.00,999.95,100.98,61.67,54.0
2026-08-19 16:59:56,ZONE_A,30.29,82.00,999.95,100.97,65.83,59.0
2026-08-19 16:59:58,ZONE_A,30.30,82.00,999.93,100.97,65.83,57.0
2026-08-19 17:00:00,ZONE_A,30.31,82.00,999.96,100.87,66.67,52.0
2026-08-19 17:00:02,ZONE_A,30.32,82.00,999.88,101.51,66.67,56.0
2026-08-19 17:00:04,ZONE_A,30.31,82.00,999.92,101.20,67.50,53.0
2026-08-19 17:00:06,ZONE_A,30.33,81.00,999.92,101.21,67.50,55.0
2026-08-19 17:00:08,ZONE_A,30.33,81.00,999.93,101.14,67.50,53.0
2026-08-19 17:00:10,ZONE_A,30.34,81.00,999.92,101.22,67.50,67.0
2026-08-19 17:00:12,ZONE_A,30.34,81.00,999.92,101.18,67.50,64.0
2026-08-19 17:00:14,ZONE_A,30.32,82.00,999.92,101.21,68.33,57.0
2026-08-19 17:00:16,ZONE_A,30.31,82.00,999.90,101.39,68.33,66.0
2026-08-19 17:00:18,ZONE_A,30.30,82.00,999.92,101.20,68.33,52.0
2026-08-19 17:00:20,ZONE_A,30.31,82.00,999.90,101.39,68.33,58.0
2026-08-19 17:00:22,ZONE_A,30.30,82.00,999.91,101.28,68.33,53.0
2026-08-19 17:00:24,ZONE_A,30.30,82.00,999.95,100.97,68.33,56.0
2026-08-19 17:00:26,ZONE_A,30.29,82.00,999.98,100.72,68.33,60.0
2026-08-19 17:00:28,ZONE_A,30.27,82.00,999.96,100.87,68.33,57.0
2026-08-19 17:00:30,ZONE_A,30.26,82.00,999.91,101.26,68.33,63.0
2026-08-19 17:00:32,ZONE_A,30.29,82.00,999.91,101.29,68.33,62.0
2026-08-19 17:00:34,ZONE_A,30.30,82.00,999.94,101.02,68.33,55.0
2026-08-19 17:00:36,ZONE_A,30.32,82.00,999.93,101.12,68.33,54.0
2026-08-19 17:00:38,ZONE_A,30.33,82.00,999.92,101.20,68.33,73.0
2026-08-19 17:00:40,ZONE_A,30.35,82.00,999.93,101.10,67.50,59.0
2026-08-19 17:00:42,ZONE_A,30.37,82.00,999.91,101.27,67.50,65.0
2026-08-19 17:00:44,ZONE_A,30.35,82.00,999.94,101.05,58.33,60.0
2026-08-19 17:00:46,ZONE_A,30.36,82.00,999.94,101.04,64.17,53.0
2026-08-19 17:00:48,ZONE_A,30.36,82.00,999.92,101.20,67.50,56.0
2026-08-19 17:00:50,ZONE_A,30.36,82.00,999.91,101.27,68.33,52.0
2026-08-19 17:00:52,ZONE_A,30.36,82.00,999.92,101.21,68.33,71.0
2026-08-19 17:00:54,ZONE_A,30.37,82.00,999.93,101.10,68.33,55.0
2026-08-19 17:00:56,ZONE_A,30.37,82.00,999.92,101.20,68.33,56.0
2026-08-19 17:00:58,ZONE_A,30.37,82.00,999.95,100.94,68.33,54.0
2026-08-19 17:01:00,ZONE_A,30.37,82.00,999.89,101.45,69.17,58.0
2026-08-19 17:01:02,ZONE_A,30.38,82.00,999.90,101.38,69.17,58.0
2026-08-19 17:01:04,ZONE_A,30.38,82.00,999.95,100.96,69.17,57.0
2026-08-19 17:01:06,ZONE_A,30.38,82.00,999.95,100.94,69.17,49.0
2026-08-19 17:01:08,ZONE_A,30.40,82.00,999.96,100.84,69.17,53.0
2026-08-19 17:01:10,ZONE_A,30.41,82.00,999.92,101.20,69.17,60.0
2026-08-19 17:01:12,ZONE_A,30.42,82.00,999.92,101.17,69.17,54.0
2026-08-19 17:01:14,ZONE_A,30.41,82.00,999.91,101.24,69.17,61.0
2026-08-19 17:01:16,ZONE_A,30.41,82.00,999.94,100.99,69.17,61.0
2026-08-19 17:01:18,ZONE_A,30.40,82.00,999.95,100.98,69.17,60.0
2026-08-19 17:01:20,ZONE_A,30.40,82.00,999.93,101.11,69.17,57.0
2026-08-19 17:01:22,ZONE_A,30.39,82.00,999.93,101.13,69.17,54.0
2026-08-19 17:01:24,ZONE_A,30.38,82.00,999.90,101.37,69.17,55.0
2026-08-19 17:01:26,ZONE_A,30.37,82.00,999.94,100.99,69.17,64.0
2026-08-19 17:01:28,ZONE_A,30.37,82.00,999.92,101.16,70.00,39.0
2026-08-19 17:01:30,ZONE_A,30.37,82.00,999.93,101.10,69.17,48.0
2026-08-19 17:01:32,ZONE_A,30.36,82.00,999.93,101.08,70.00,67.0
2026-08-19 17:01:34,ZONE_A,30.36,82.00,999.94,101.00,70.00,59.0
2026-08-19 17:01:36,ZONE_A,30.36,82.00,999.93,101.13,70.00,58.0
2026-08-19 17:01:38,ZONE_A,30.37,82.00,999.94,101.33,70.00,53.0
2026-08-19 17:01:40,ZONE_A,30.37,82.00,999.94,101.04,71.67,58.0
2026-08-19 17:01:42,ZONE_A,30.41,82.00,999.91,101.30,184.17,49.0
2026-08-19 17:01:44,ZONE_A,30.39,82.00,999.92,101.20,186.67,68.0
2026-08-19 17:01:46,ZONE_A,30.38,82.00,999.92,101.20,186.67,57.0
2026-08-19 17:01:48,ZONE_A,30.38,82.00,999.89,101.41,185.83,60.0
2026-08-19 17:01:50,ZONE_A,30.37,82.00,999.93,101.13,185.83,64.0
2026-08-19 17:01:52,ZONE_A,30.35,82.00,999.92,101.17,185.83,67.0
2026-08-19 17:01:54,ZONE_A,30.35,82.00,999.94,101.04,186.67,61.0
2026-08-19 17:01:56,ZONE_A,30.34,82.00,999.92,101.15,189.17,57.0
2026-08-19 17:01:58,ZONE_A,30.34,82.00,999.92,101.17,186.67,56.0
2026-08-19 17:02:00,ZONE_A,30.33,82.00,999.91,101.27,185.83,53.0
2026-08-19 17:02:02,ZONE_A,30.34,82.00,999.93,101.09,185.83,65.0
2026-08-19 17:02:04,ZONE_A,30.34,82.00,999.93,101.11,185.83,62.0
2026-08-19 17:02:06,ZONE_A,30.34,82.00,999.94,101.06,185.00,64.0
2026-08-19 17:02:08,ZONE_A,30.35,82.00,999.93,101.12,185.83,53.0
2026-08-19 17:02:10,ZONE_A,30.37,82.00,999.93,101.07,185.00,53.0
2026-08-19 17:02:12,ZONE_A,30.38,82.00,999.95,100.92,184.17,58.0
2026-08-19 17:02:14,ZONE_A,30.38,82.00,999.93,101.07,184.17,56.0
2026-08-19 17:02:16,ZONE_A,30.39,82.00,999.91,101.23,183.33,59.0
2026-08-19 17:02:18,ZONE_A,30.39,82.00,999.93,101.11,182.50,69.0
2026-08-19 17:02:20,ZONE_A,30.39,82.00,999.94,101.04,182.50,56.0
2026-08-19 17:02:22,ZONE_A,30.39,82.00,999.94,100.98,181.67,61.0
2026-08-19 17:02:24,ZONE_A,30.42,82.00,999.94,101.01,180.83,68.0
2026-08-19 17:02:26,ZONE_A,30.47,82.00,999.92,101.22,177.50,55.0
2026-08-19 17:02:28,ZONE_A,30.45,82.00,999.94,101.06,176.67,56.0
2026-08-19 17:02:30,ZONE_A,30.44,82.00,999.93,101.10,176.67,53.0
2026-08-19 17:02:32,ZONE_A,30.44,82.00,999.93,101.10,175.83,53.0
2026-08-19 17:02:34,ZONE_A,30.43,82.00,999.93,101.11,175.83,58.0
2026-08-19 17:02:36,ZONE_A,30.42,82.00,999.94,101.01,175.83,55.0
2026-08-19 17:02:38,ZONE_A,30.42,82.00,999.91,101.28,175.83,61.0
2026-08-19 17:02:40,ZONE_A,30.44,82.00,999.90,101.33,175.00,58.0
2026-08-19 17:02:42,ZONE_A,30.44,82.00,999.90,101.40,85.00,59.0
2026-08-19 17:02:44,ZONE_A,30.44,82.00,999.92,101.20,215.00,59.0
2026-08-19 17:02:46,ZONE_A,30.49,82.00,999.91,101.26,70.83,51.0
2026-08-19 17:02:48,ZONE_A,30.43,82.00,999.96,100.83,1088.33,59.0
2026-08-19 17:02:50,ZONE_A,30.42,82.00,999.98,100.67,1450.83,53.0
2026-08-19 17:02:52,ZONE_A,30.42,82.00,999.92,101.22,1269.17,58.0
2026-08-19 17:02:54,ZONE_A,30.39,82.00,999.96,100.87,733.33,60.0
2026-08-19 17:02:56,ZONE_A,30.36,82.00,999.93,101.08,548.33,58.0
2026-08-19 17:02:58,ZONE_A,30.30,82.00,999.93,101.10,1080.83,54.0
2026-08-19 17:03:00,ZONE_A,30.22,82.00,999.99,100.56,2455.00,66.0
2026-08-19 17:03:02,ZONE_A,30.19,82.00,1000.05,100.07,3992.50,55.0
2026-08-19 17:03:04,ZONE_A,30.14,82.00,1000.08,99.83,4934.17,52.0
2026-08-19 17:03:06,ZONE_A,30.14,82.00,1000.07,99.91,4788.33,56.0
2026-08-19 17:03:08,ZONE_A,30.10,82.00,1000.13,99.39,5365.00,57.0
2026-08-19 17:03:10,ZONE_A,30.05,82.00,1000.12,99.50,4850.83,53.0
2026-08-19 17:03:12,ZONE_A,30.02,82.00,1000.09,99.76,4637.50,51.0
2026-08-19 17:03:14,ZONE_A,29.96,82.00,1000.07,99.91,4200.00,62.0
2026-08-19 17:03:16,ZONE_A,29.92,82.00,1000.05,100.13,4711.67,44.0
2026-08-19 17:03:18,ZONE_A,29.89,82.00,1000.06,100.00,4680.00,57.0
2026-08-19 17:03:20,ZONE_A,29.87,82.00,1000.05,100.05,4208.33,61.0
2026-08-19 17:03:22,ZONE_A,29.86,82.00,1000.10,99.81,4862.50,60.0
2026-08-19 17:03:24,ZONE_A,29.81,82.00,1000.08,99.83,4714.17,71.0
2026-08-19 17:03:26,ZONE_A,29.74,82.00,1000.10,99.69,4649.17,53.0
2026-08-19 17:03:28,ZONE_A,29.67,82.00,1000.11,99.57,4916.67,53.0
2026-08-19 17:03:30,ZONE_A,29.59,82.00,1000.14,99.36,4656.67,51.0
2026-08-19 17:03:32,ZONE_A,29.55,82.00,1000.11,99.57,4962.50,54.0
2026-08-19 17:03:34,ZONE_A,29.49,82.00,1000.11,99.60,5025.83,49.0
2026-08-19 17:03:36,ZONE_A,29.48,82.00,1000.15,99.25,4460.00,57.0
2026-08-19 17:03:38,ZONE_A,29.47,82.00,1000.11,99.61,8505.83,57.0
2026-08-19 17:03:40,ZONE_A,29.44,82.00,1000.11,99.62,7985.00,58.0
2026-08-19 17:03:42,ZONE_A,29.38,82.00,1000.16,99.21,5524.17,57.0
2026-08-19 17:03:44,ZONE_A,29.34,82.00,1000.10,99.69,6000.00,62.0
2026-08-19 17:03:46,ZONE_A,29.28,82.00,1000.14,99.36,5583.33,56.0
2026-08-19 17:03:48,ZONE_A,29.23,82.00,1000.11,99.67,5380.00,54.0
2026-08-19 17:03:50,ZONE_A,29.21,82.00,1000.11,99.55,5630.00,57.0
2026-08-19 17:03:52,ZONE_A,29.24,82.00,1000.11,99.58,5741.67,40.0
2026-08-19 17:03:54,ZONE_A,29.26,82.00,1000.12,99.47,5829.17,73.0
2026-08-19 17:03:56,ZONE_A,29.23,82.00,1000.13,99.43,5542.50,55.0
2026-08-19 17:03:58,ZONE_A,29.30,82.00,1000.12,99.49,5050.00,54.0
2026-08-19 17:04:00,ZONE_A,29.31,82.00,1000.08,99.88,9324.17,58.0
2026-08-19 17:04:02,ZONE_A,29.37,82.00,1000.04,100.18,8826.67,57.0
2026-08-19 17:04:04,ZONE_A,29.43,82.00,1000.04,100.19,9136.67,55.0
2026-08-19 17:04:06,ZONE_A,29.50,82.00,1000.06,100.02,8891.67,51.0
2026-08-19 17:04:08,ZONE_A,29.51,82.00,1000.03,100.25,8857.50,69.0
2026-08-19 17:04:10,ZONE_A,29.53,82.00,1000.03,100.25,8840.83,66.0
2026-08-19 17:04:12,ZONE_A,29.57,82.00,1000.06,99.98,8950.83,74.0
2026-08-19 17:04:14,ZONE_A,29.58,83.00,1000.03,100.24,9021.67,61.0
2026-08-19 17:04:16,ZONE_A,29.61,83.00,1000.06,100.04,9073.33,64.0
2026-08-19 17:04:18,ZONE_A,29.65,83.00,1000.04,100.19,9092.50,55.0
2026-08-19 17:04:20,ZONE_A,29.65,83.00,1000.06,100.01,9066.67,50.0
2026-08-19 17:04:22,ZONE_A,29.69,83.00,1000.07,99.97,9108.33,65.0
2026-08-19 17:04:24,ZONE_A,29.73,83.00,1000.06,100.04,9154.17,62.0
2026-08-19 17:04:26,ZONE_A,29.75,83.00,1000.08,99.83,9196.67,65.0
2026-08-19 17:04:28,ZONE_A,29.80,83.00,1000.06,100.01,9245.83,65.0
2026-08-19 17:04:30,ZONE_A,29.82,83.00,1000.04,100.21,9162.50,59.0
2026-08-19 17:04:32,ZONE_A,29.84,83.00,1000.04,100.16,9377.50,61.0
2026-08-19 17:04:34,ZONE_A,29.86,83.00,1000.01,100.42,9338.33,55.0
2026-08-19 17:04:36,ZONE_A,29.87,83.00,1000.00,100.64,9352.50,67.0
2026-08-19 17:04:38,ZONE_A,29.86,83.00,1000.02,100.37,9395.83,59.0
2026-08-19 17:04:40,ZONE_A,29.83,83.00,1000.02,100.38,9527.50,64.0
2026-08-19 17:04:42,ZONE_A,29.81,83.00,1000.03,100.30,9433.33,55.0
2026-08-19 17:04:44,ZONE_A,29.79,83.00,1000.03,100.25,9421.67,53.0
2026-08-19 17:04:46,ZONE_A,29.78,84.00,1000.02,100.34,9421.67,59.0
2026-08-19 17:04:48,ZONE_A,29.81,84.00,1000.02,100.33,9230.00,58.0
2026-08-19 17:04:50,ZONE_A,29.73,84.00,1000.03,100.25,9996.67,44.0
2026-08-19 17:04:52,ZONE_A,29.78,84.00,1000.04,100.14,9755.83,56.0
2026-08-19 17:04:54,ZONE_A,29.81,84.00,1000.06,100.02,9352.50,47.0
2026-08-19 17:04:56,ZONE_A,29.80,84.00,1000.02,100.37,9412.50,57.0
2026-08-19 17:04:58,ZONE_A,29.81,84.00,1000.05,100.21,9328.33,61.0
2026-08-19 17:05:00,ZONE_A,29.80,84.00,1000.04,100.18,9279.17,57.0
2026-08-19 17:05:02,ZONE_A,29.85,84.00,1000.02,100.33,9233.33,54.0
2026-08-19 17:05:04,ZONE_A,29.85,84.00,1000.01,100.42,9188.33,58.0
2026-08-19 17:05:06,ZONE_A,29.83,84.00,1000.03,100.22,9180.00,65.0
2026-08-19 17:05:08,ZONE_A,29.83,84.00,1000.02,100.32,9205.00,61.0
2026-08-19 17:05:10,ZONE_A,29.87,84.00,1000.04,100.15,9262.50,58.0
2026-08-19 17:05:12,ZONE_A,29.89,84.00,1000.03,100.25,9210.00,51.0
2026-08-19 17:05:14,ZONE_A,29.92,84.00,1000.00,100.51,9208.33,45.0
2026-08-19 17:05:16,ZONE_A,29.95,84.00,1000.03,100.24,9130.00,55.0
2026-08-19 17:05:18,ZONE_A,29.97,84.00,1000.03,100.23,9217.50,56.0
2026-08-19 17:05:20,ZONE_A,29.98,84.00,1000.03,100.28,9173.33,58.0
2026-08-19 17:05:22,ZONE_A,29.97,84.00,1000.02,100.36,9185.00,61.0
2026-08-19 17:05:24,ZONE_A,29.97,84.00,1000.04,100.19,9162.50,55.0
2026-08-19 17:05:26,ZONE_A,29.95,84.00,1000.08,99.80,9731.67,54.0
2026-08-19 17:05:28,ZONE_A,29.94,84.00,1000.01,100.39,10051.67,44.0
2026-08-19 17:05:30,ZONE_A,29.95,84.00,1000.03,100.26,9308.33,64.0
2026-08-19 17:05:32,ZONE_A,29.93,84.00,1000.02,100.38,9594.17,52.0
2026-08-19 17:05:34,ZONE_A,29.92,84.00,1000.04,100.21,9965.00,59.0
2026-08-19 17:05:36,ZONE_A,29.90,84.00,1000.07,99.91,9600.83,73.0
2026-08-19 17:05:38,ZONE_A,29.87,84.00,1000.00,100.52,9485.00,61.0
2026-08-19 17:05:40,ZONE_A,29.84,84.00,999.98,100.65,9405.83,58.0
2026-08-19 17:05:42,ZONE_A,29.82,84.00,1000.02,100.35,9278.33,64.0
2026-08-19 17:05:44,ZONE_A,29.79,84.00,1000.01,100.46,9369.17,30.0
2026-08-19 17:05:46,ZONE_A,29.73,84.00,1000.01,100.47,10051.67,58.0
2026-08-19 17:05:48,ZONE_A,29.67,84.00,999.98,100.70,10184.17,61.0
2026-08-19 17:05:50,ZONE_A,29.61,84.00,999.99,100.58,10008.33,87.0
2026-08-19 17:05:52,ZONE_A,29.59,84.00,999.99,100.60,9978.33,55.0
2026-08-19 17:05:54,ZONE_A,29.56,84.00,999.98,100.66,9862.50,75.0
2026-08-19 17:05:56,ZONE_A,29.53,84.00,999.98,100.66,9920.00,49.0
2026-08-19 17:05:58,ZONE_A,29.56,84.00,999.96,100.84,9860.00,59.0
2026-08-19 17:06:00,ZONE_A,29.57,84.00,1000.00,100.52,9827.50,56.0
2026-08-19 17:06:02,ZONE_A,29.60,84.00,1000.02,100.38,9811.67,54.0
2026-08-19 17:06:04,ZONE_A,29.60,84.00,999.99,100.63,9822.50,58.0
2026-08-19 17:06:06,ZONE_A,29.60,84.00,999.93,101.13,9745.00,61.0
2026-08-19 17:06:08,ZONE_A,29.56,84.00,1000.01,100.42,9783.33,56.0
2026-08-19 17:06:10,ZONE_A,29.62,84.00,1000.02,100.35,9790.83,51.0
2026-08-19 17:06:12,ZONE_A,29.63,84.00,1000.01,100.45,9789.17,57.0
2026-08-19 17:06:14,ZONE_A,29.65,84.00,1000.01,100.44,8933.33,54.0
2026-08-19 17:06:16,ZONE_A,29.64,84.00,999.99,100.62,9130.83,42.0
2026-08-19 17:06:18,ZONE_A,29.64,84.00,1000.01,100.39,9150.00,66.0
2026-08-19 17:06:20,ZONE_A,29.64,84.00,1000.01,100.43,9135.83,75.0
2026-08-19 17:06:22,ZONE_A,29.62,84.00,1000.00,100.52,9040.00,47.0
2026-08-19 17:06:24,ZONE_A,29.62,84.00,1000.00,100.52,9030.83,59.0
2026-08-19 17:06:26,ZONE_A,29.63,84.00,1000.04,100.14,8523.33,47.0
2026-08-19 17:06:28,ZONE_A,29.64,84.00,1000.06,100.01,8846.67,55.0
2026-08-19 17:06:30,ZONE_A,29.65,84.00,1000.08,99.94,9335.00,56.0
2026-08-19 17:06:32,ZONE_A,29.69,84.00,1000.06,100.00,8996.67,50.0
2026-08-19 17:06:34,ZONE_A,29.69,84.00,1000.05,100.11,8617.50,51.0
2026-08-19 17:06:36,ZONE_A,29.68,84.00,1000.06,99.97,8870.83,59.0
2026-08-19 17:06:38,ZONE_A,29.69,84.00,1000.06,99.99,8493.33,64.0
2026-08-19 17:06:40,ZONE_A,29.69,84.00,1000.04,100.18,8510.83,54.0
2026-08-19 17:06:42,ZONE_A,29.71,84.00,1000.06,100.04,8448.33,57.0
2026-08-19 17:06:44,ZONE_A,29.71,84.00,1000.03,100.23,8438.33,52.0
2026-08-19 17:06:46,ZONE_A,29.68,84.00,1000.02,100.33,8430.00,62.0
2026-08-19 17:06:48,ZONE_A,29.66,84.00,1000.04,100.15,8836.67,55.0
2026-08-19 17:06:50,ZONE_A,29.69,84.00,1000.01,100.45,8873.33,55.0
2026-08-19 17:06:52,ZONE_A,29.67,84.00,1000.03,100.23,8877.50,60.0
2026-08-19 17:06:54,ZONE_A,29.67,84.00,1000.08,99.83,8817.50,56.0
2026-08-19 17:06:56,ZONE_A,29.69,84.00,1000.04,100.17,8787.50,60.0
2026-08-19 17:06:58,ZONE_A,29.69,84.00,1000.03,100.26,9003.33,66.0
2026-08-19 17:07:00,ZONE_A,29.70,84.00,999.98,100.71,8917.50,59.0
2026-08-19 17:07:02,ZONE_A,29.68,84.00,1000.03,100.25,8923.33,57.0
2026-08-19 17:07:04,ZONE_A,29.62,84.00,1000.05,100.12,8699.17,54.0
2026-08-19 17:07:06,ZONE_A,29.62,84.00,1000.01,100.42,8960.83,62.0
2026-08-19 17:07:08,ZONE_A,29.65,84.00,1000.01,100.44,9145.00,54.0
2026-08-19 17:07:10,ZONE_A,29.67,84.00,1000.07,99.92,8520.00,68.0
2026-08-19 17:07:12,ZONE_A,29.64,83.00,1000.05,100.05,7850.83,41.0
2026-08-19 17:07:14,ZONE_A,29.60,83.00,1000.05,100.09,6993.33,57.0
2026-08-19 17:07:16,ZONE_A,29.59,83.00,1000.04,100.16,7587.50,70.0
2026-08-19 17:07:18,ZONE_A,29.56,83.00,1000.06,99.98,7545.83,40.0
2026-08-19 17:07:20,ZONE_A,29.55,83.00,1000.07,99.93,8285.83,74.0
2026-08-19 17:07:22,ZONE_A,29.52,83.00,1000.07,99.94,8195.00,57.0
2026-08-19 17:07:24,ZONE_A,29.48,83.00,1000.07,99.90,8648.33,66.0
2026-08-19 17:07:26,ZONE_A,29.39,83.00,1000.06,100.03,8397.50,30.0
2026-08-19 17:07:28,ZONE_A,29.36,83.00,1000.05,100.07,8117.50,43.0
2026-08-19 17:07:30,ZONE_A,29.34,83.00,1000.03,100.25,8369.17,66.0
2026-08-19 17:07:32,ZONE_A,29.32,83.00,1000.11,99.58,8615.00,71.0
2026-08-19 17:07:34,ZONE_A,29.27,83.00,1000.07,99.94,8125.83,55.0
2026-08-19 17:07:36,ZONE_A,29.26,84.00,1000.09,99.77,8481.67,58.0
2026-08-19 17:07:38,ZONE_A,29.27,84.00,1000.10,99.70,8456.67,51.0
2026-08-19 17:07:40,ZONE_A,29.30,84.00,1000.08,99.87,7935.83,58.0
2026-08-19 17:07:42,ZONE_A,29.29,84.00,1000.10,99.65,7760.00,59.0
2026-08-19 17:07:44,ZONE_A,29.31,84.00,1000.06,99.98,7655.00,72.0
2026-08-19 17:07:46,ZONE_A,29.28,85.00,1000.07,99.94,7486.67,57.0
2026-08-19 17:07:48,ZONE_A,29.29,85.00,1000.09,99.75,7426.67,59.0
2026-08-19 17:07:50,ZONE_A,29.29,85.00,1000.08,99.86,7436.67,56.0
2026-08-19 17:07:52,ZONE_A,29.27,85.00,1000.09,99.80,7925.00,56.0
2026-08-19 17:07:54,ZONE_A,29.27,85.00,1000.09,99.72,7991.67,61.0
2026-08-19 17:07:56,ZONE_A,29.29,85.00,1000.11,99.56,7366.67,67.0
2026-08-19 17:07:58,ZONE_A,29.28,85.00,1000.09,99.78,6837.50,74.0
2026-08-19 17:08:00,ZONE_A,29.28,85.00,1000.09,99.80,6734.17,50.0
2026-08-19 17:08:02,ZONE_A,29.30,85.00,1000.10,99.72,6600.00,53.0
2026-08-19 17:08:04,ZONE_A,29.30,85.00,1000.11,99.61,6277.50,38.0
2026-08-19 17:08:06,ZONE_A,29.33,85.00,1000.09,99.76,6203.33,55.0
2026-08-19 17:08:08,ZONE_A,29.35,85.00,1000.08,99.81,6218.33,53.0
2026-08-19 17:08:10,ZONE_A,29.36,85.00,1000.09,99.80,6120.83,71.0
2026-08-19 17:08:12,ZONE_A,29.40,86.00,1000.07,99.95,6065.00,55.0
2026-08-19 17:08:14,ZONE_A,29.37,86.00,1000.12,99.48,6019.17,52.0
2026-08-19 17:08:16,ZONE_A,29.34,86.00,1000.09,99.78,5914.17,49.0
2026-08-19 17:08:18,ZONE_A,29.35,86.00,1000.11,99.63,5860.00,51.0
2026-08-19 17:08:20,ZONE_A,29.35,86.00,1000.10,99.68,5980.83,47.0
2026-08-19 17:08:22,ZONE_A,29.35,86.00,1000.11,99.63,5810.83,44.0
2026-08-19 17:08:24,ZONE_A,29.37,87.00,1000.13,99.44,6220.83,60.0
2026-08-19 17:08:26,ZONE_A,29.37,87.00,1000.13,99.39,6251.67,56.0
2026-08-19 17:08:28,ZONE_A,29.38,87.00,1000.12,99.47,6166.67,57.0
2026-08-19 17:08:30,ZONE_A,29.39,87.00,1000.10,99.70,6126.67,51.0
2026-08-19 17:08:32,ZONE_A,29.41,87.00,1000.14,99.34,5977.50,58.0
2026-08-19 17:08:34,ZONE_A,29.42,87.00,1000.11,99.62,5940.00,55.0
2026-08-19 17:08:36,ZONE_A,29.42,87.00,1000.08,99.87,5783.33,53.0
2026-08-19 17:08:38,ZONE_A,29.43,87.00,1000.10,99.68,5637.50,61.0
2026-08-19 17:08:40,ZONE_A,29.44,87.00,1000.13,99.46,5510.83,47.0
2026-08-19 17:08:42,ZONE_A,29.44,87.00,1000.10,99.68,5433.33,57.0
2026-08-19 17:08:44,ZONE_A,29.45,87.00,1000.09,99.72,5368.33,55.0
2026-08-19 17:08:46,ZONE_A,29.46,87.00,1000.10,99.66,5308.33,65.0
2026-08-19 17:08:48,ZONE_A,29.47,87.00,1000.12,99.53,5220.00,59.0
2026-08-19 17:08:50,ZONE_A,29.46,87.00,1000.11,99.59,5143.33,52.0
2026-08-19 17:08:52,ZONE_A,29.45,87.00,1000.11,99.61,5086.67,59.0
2026-08-19 17:08:54,ZONE_A,29.46,87.00,1000.13,99.41,4981.67,59.0
2026-08-19 17:08:56,ZONE_A,29.47,87.00,1000.09,99.79,4957.50,57.0
2026-08-19 17:08:58,ZONE_A,29.48,87.00,1000.11,99.56,4869.17,67.0
2026-08-19 17:09:00,ZONE_A,29.48,87.00,1000.13,99.46,4797.50,47.0
2026-08-19 17:09:02,ZONE_A,29.49,87.00,1000.10,99.66,4744.17,54.0
2026-08-19 17:09:04,ZONE_A,29.49,87.00,1000.11,99.59,4695.00,45.0
2026-08-19 17:09:06,ZONE_A,29.51,87.00,1000.10,99.64,4643.33,62.0
2026-08-19 17:09:08,ZONE_A,29.50,87.00,1000.10,99.71,4585.00,57.0
2026-08-19 17:09:10,ZONE_A,29.52,88.00,1000.08,99.87,4529.17,66.0
2026-08-19 17:09:12,ZONE_A,29.54,88.00,1000.09,99.75,4470.83,62.0
2026-08-19 17:09:14,ZONE_A,29.54,88.00,1000.09,99.76,4430.83,57.0
2026-08-19 17:09:16,ZONE_A,29.56,88.00,1000.09,99.73,4390.83,54.0
2026-08-19 17:09:18,ZONE_A,29.57,88.00,1000.09,99.74,4238.33,64.0
2026-08-19 17:09:20,ZONE_A,29.57,88.00,1000.13,99.46,4315.83,59.0
2026-08-19 17:09:22,ZONE_A,29.57,88.00,1000.08,99.87,4445.00,54.0
2026-08-19 17:09:24,ZONE_A,29.56,88.00,1000.12,99.54,4970.83,59.0
2026-08-19 17:09:26,ZONE_A,29.51,88.00,1000.14,99.33,4285.00,59.0
2026-08-19 17:09:28,ZONE_A,29.46,88.00,1000.11,99.58,4525.83,69.0
2026-08-19 17:09:30,ZONE_A,29.41,88.00,1000.10,99.68,4747.50,30.0
2026-08-19 17:09:32,ZONE_A,29.39,88.00,1000.16,99.13,5125.83,52.0
2026-08-19 17:09:34,ZONE_A,29.38,88.00,1000.11,99.57,4890.00,63.0
2026-08-19 17:09:36,ZONE_A,29.37,88.00,1000.12,99.54,4715.00,56.0
2026-08-19 17:09:38,ZONE_A,29.34,88.00,1000.13,99.44,4497.50,55.0
2026-08-19 17:09:40,ZONE_A,29.31,88.00,1000.10,99.67,4420.00,54.0
2026-08-19 17:09:42,ZONE_A,29.30,88.00,1000.14,99.32,4714.17,56.0
2026-08-19 17:09:44,ZONE_A,29.29,88.00,1000.10,99.65,4665.00,48.0
2026-08-19 17:09:46,ZONE_A,29.27,88.00,1000.13,99.39,4347.50,62.0
2026-08-19 17:09:48,ZONE_A,29.30,88.00,1000.10,99.65,4124.17,58.0
2026-08-19 17:09:50,ZONE_A,29.31,88.00,1000.13,99.46,4084.17,54.0
2026-08-19 17:09:52,ZONE_A,29.34,88.00,1000.12,99.54,4036.67,59.0
2026-08-19 17:09:54,ZONE_A,29.35,87.00,1000.12,99.49,3965.83,49.0
2026-08-19 17:09:56,ZONE_A,29.35,87.00,1000.15,99.29,3919.17,63.0
2026-08-19 17:09:58,ZONE_A,29.35,87.00,1000.09,99.75,3906.67,72.0
2026-08-19 17:10:00,ZONE_A,29.36,87.00,1000.08,99.86,3605.83,59.0
2026-08-19 17:10:02,ZONE_A,29.32,87.00,1000.11,99.57,4037.50,55.0
2026-08-19 17:10:04,ZONE_A,29.32,87.00,1000.11,99.63,3641.67,56.0
2026-08-19 17:10:06,ZONE_A,29.34,87.00,1000.11,99.60,3729.17,66.0
2026-08-19 17:10:08,ZONE_A,29.36,87.00,1000.11,99.61,3693.33,53.0
2026-08-19 17:10:10,ZONE_A,29.38,87.00,1000.09,99.74,3620.00,56.0
2026-08-19 17:10:12,ZONE_A,29.40,87.00,1000.11,99.63,3621.67,53.0
2026-08-19 17:10:14,ZONE_A,29.41,87.00,1000.14,99.34,3538.33,59.0
2026-08-19 17:10:16,ZONE_A,29.42,87.00,1000.12,99.46,3545.83,57.0
2026-08-19 17:10:18,ZONE_A,29.40,87.00,1000.11,99.56,3621.67,54.0
2026-08-19 17:10:20,ZONE_A,29.37,87.00,1000.12,99.52,3700.83,59.0
2026-08-19 17:10:22,ZONE_A,29.37,87.00,1000.12,99.54,3755.83,51.0
2026-08-19 17:10:24,ZONE_A,29.36,87.00,1000.11,99.67,3712.50,61.0
2026-08-19 17:10:26,ZONE_A,29.33,87.00,1000.12,99.52,3710.83,62.0
2026-08-19 17:10:28,ZONE_A,29.32,87.00,1000.14,99.35,3712.50,59.0
2026-08-19 17:10:30,ZONE_A,29.34,87.00,1000.10,99.69,3769.17,62.0
2026-08-19 17:10:32,ZONE_A,29.33,88.00,1000.11,99.56,3785.00,59.0
2026-08-19 17:10:34,ZONE_A,29.30,88.00,1000.13,99.44,3805.00,51.0
2026-08-19 17:10:36,ZONE_A,29.33,88.00,1000.14,99.31,3961.67,55.0
2026-08-19 17:10:38,ZONE_A,29.32,88.00,1000.12,99.47,3880.00,53.0
2026-08-19 17:10:40,ZONE_A,29.33,88.00,1000.12,99.47,3854.17,58.0
2026-08-19 17:10:42,ZONE_A,29.34,88.00,1000.13,99.39,3980.00,56.0
2026-08-19 17:10:44,ZONE_A,29.34,88.00,1000.14,99.32,4020.83,60.0
2026-08-19 17:10:46,ZONE_A,29.33,88.00,1000.14,99.32,3856.67,51.0
2026-08-19 17:10:48,ZONE_A,29.31,88.00,1000.10,99.69,3945.83,64.0
2026-08-19 17:10:50,ZONE_A,29.32,88.00,1000.10,99.51,3943.33,59.0
2026-08-19 17:10:52,ZONE_A,29.32,88.00,1000.12,99.52,3911.67,58.0
2026-08-19 17:10:54,ZONE_A,29.31,88.00,1000.12,99.52,3950.83,50.0
2026-08-19 17:10:56,ZONE_A,29.32,88.00,1000.10,99.67,4003.33,63.0
2026-08-19 17:10:58,ZONE_A,29.32,88.00,1000.08,99.81,4039.17,59.0
2026-08-19 17:11:00,ZONE_A,29.36,88.00,1000.11,99.60,4089.17,62.0
2026-08-19 17:11:02,ZONE_A,29.38,88.00,1000.11,99.59,4115.83,64.0
2026-08-19 17:11:04,ZONE_A,29.37,88.00,1000.12,99.49,4168.33,69.0
2026-08-19 17:11:06,ZONE_A,29.40,88.00,1000.11,99.58,4200.00,55.0
2026-08-19 17:11:08,ZONE_A,29.39,88.00,1000.10,99.67,4175.83,52.0
2026-08-19 17:11:10,ZONE_A,29.35,88.00,1000.11,99.62,4028.33,58.0
2026-08-19 17:11:12,ZONE_A,29.32,88.00,1000.11,99.58,4060.00,54.0
2026-08-19 17:11:14,ZONE_A,29.29,88.00,1000.12,99.50,4174.17,55.0
2026-08-19 17:11:16,ZONE_A,29.30,88.00,1000.11,99.57,4116.67,46.0
2026-08-19 17:11:18,ZONE_A,29.32,88.00,1000.14,99.33,4085.00,44.0
2026-08-19 17:11:20,ZONE_A,29.31,88.00,1000.15,99.28,4205.83,56.0
2026-08-19 17:11:22,ZONE_A,29.33,88.00,1000.14,99.32,4085.83,55.0
2026-08-19 17:11:24,ZONE_A,29.30,88.00,1000.13,99.46,4305.00,61.0
2026-08-19 17:11:26,ZONE_A,29.31,88.00,1000.17,99.10,4479.17,59.0
2026-08-19 17:11:28,ZONE_A,29.31,89.00,1000.17,99.07,4463.33,54.0
2026-08-19 17:11:30,ZONE_A,29.33,89.00,1000.15,99.27,4522.50,59.0
2026-08-19 17:11:32,ZONE_A,29.34,89.00,1000.14,99.36,4692.50,49.0
2026-08-19 17:11:34,ZONE_A,29.34,89.00,1000.10,99.64,4765.00,61.0
2026-08-19 17:11:36,ZONE_A,29.37,89.00,1000.16,99.20,4826.67,56.0
2026-08-19 17:11:38,ZONE_A,29.39,89.00,1000.14,99.35,4884.17,55.0
2026-08-19 17:11:40,ZONE_A,29.40,89.00,1000.15,99.25,4956.67,57.0
2026-08-19 17:11:42,ZONE_A,29.42,89.00,1000.15,99.23,5017.50,54.0
2026-08-19 17:11:44,ZONE_A,29.43,89.00,1000.14,99.30,5075.83,58.0
2026-08-19 17:11:46,ZONE_A,29.46,89.00,1000.14,99.31,5129.17,63.0
2026-08-19 17:11:48,ZONE_A,29.49,89.00,1000.17,99.08,5198.33,63.0
2026-08-19 17:11:50,ZONE_A,29.50,89.00,1000.17,99.12,5250.83,57.0
2026-08-19 17:11:52,ZONE_A,29.52,89.00,1000.16,99.14,5327.50,54.0
2026-08-19 17:11:54,ZONE_A,29.53,89.00,1000.14,99.34,5390.83,59.0
2026-08-19 17:11:56,ZONE_A,29.56,89.00,1000.14,99.30,5444.17,52.0
2026-08-19 17:11:58,ZONE_A,29.58,89.00,1000.14,99.35,5122.50,54.0
2026-08-19 17:12:00,ZONE_A,29.59,89.00,1000.15,99.21,5305.83,58.0
2026-08-19 17:12:02,ZONE_A,29.58,89.00,1000.17,99.08,5470.00,54.0
2026-08-19 17:12:04,ZONE_A,29.60,89.00,1000.14,99.30,5598.33,54.0
2026-08-19 17:12:06,ZONE_A,29.61,89.00,1000.19,98.96,5629.17,66.0
2026-08-19 17:12:08,ZONE_A,29.59,89.00,1000.14,99.31,5664.17,52.0
2026-08-19 17:12:10,ZONE_A,29.60,89.00,1000.13,99.42,5766.67,54.0
2026-08-19 17:12:12,ZONE_A,29.61,89.00,1000.13,99.39,5910.00,60.0
2026-08-19 17:12:14,ZONE_A,29.63,89.00,1000.17,99.11,6002.50,63.0
2026-08-19 17:12:16,ZONE_A,29.65,89.00,1000.15,99.22,5790.83,57.0
2026-08-19 17:12:18,ZONE_A,29.66,89.00,1000.17,99.12,6143.33,47.0
2026-08-19 17:12:20,ZONE_A,29.65,89.00,1000.17,99.05,6096.67,59.0
2026-08-19 17:12:22,ZONE_A,29.66,89.00,1000.17,99.10,5687.50,59.0
2026-08-19 17:12:24,ZONE_A,29.66,89.00,1000.14,99.30,5693.33,58.0
2026-08-19 17:12:26,ZONE_A,29.64,89.00,1000.14,99.35,5777.50,60.0
2026-08-19 17:12:28,ZONE_A,29.61,89.00,1000.14,99.30,5832.50,62.0
2026-08-19 17:12:30,ZONE_A,29.59,89.00,1000.15,99.22,5786.67,51.0
2026-08-19 17:12:32,ZONE_A,29.59,89.00,1000.18,99.02,5685.00,59.0
2026-08-19 17:12:34,ZONE_A,29.61,89.00,1000.17,99.06,5698.33,57.0
2026-08-19 17:12:36,ZONE_A,29.62,89.00,1000.19,98.96,5747.50,62.0
2026-08-19 17:12:38,ZONE_A,29.63,89.00,1000.21,98.73,5796.67,62.0
2026-08-19 17:12:40,ZONE_A,29.58,89.00,1000.15,99.25,5808.33,47.0
2026-08-19 17:12:42,ZONE_A,29.53,89.00,1000.16,99.14,5833.33,62.0
2026-08-19 17:12:44,ZONE_A,29.49,89.00,1000.13,99.38,5935.83,57.0
2026-08-19 17:12:46,ZONE_A,29.49,88.00,1000.15,99.24,6000.83,59.0
2026-08-19 17:12:48,ZONE_A,29.45,88.00,1000.16,99.17,6127.50,53.0
2026-08-19 17:12:50,ZONE_A,29.40,88.00,1000.12,99.54,6186.67,63.0
2026-08-19 17:12:52,ZONE_A,29.39,88.00,1000.12,99.51,6121.67,57.0
2026-08-19 17:12:54,ZONE_A,29.38,88.00,1000.13,99.41,6282.50,54.0
2026-08-19 17:12:56,ZONE_A,29.31,88.00,1000.20,98.87,6148.33,44.0
2026-08-19 17:12:58,ZONE_A,29.26,88.00,1000.18,98.99,6200.00,67.0
2026-08-19 17:13:00,ZONE_A,29.23,88.00,1000.19,98.89,6315.00,61.0
2026-08-19 17:13:02,ZONE_A,29.17,88.00,1000.19,98.91,6545.83,59.0
2026-08-19 17:13:04,ZONE_A,29.14,88.00,1000.19,98.91,6700.83,62.0
2026-08-19 17:13:06,ZONE_A,29.14,88.00,1000.19,98.94,6797.50,62.0
2026-08-19 17:13:08,ZONE_A,29.14,88.00,1000.19,99.01,6835.00,53.0
2026-08-19 17:13:10,ZONE_A,29.17,88.00,1000.16,99.14,6865.00,53.0
2026-08-19 17:13:12,ZONE_A,29.19,88.00,1000.17,99.06,6939.17,56.0
2026-08-19 17:13:14,ZONE_A,29.23,88.00,1000.17,99.08,7050.83,56.0
2026-08-19 17:13:16,ZONE_A,29.26,88.00,1000.17,99.12,7169.17,60.0
2026-08-19 17:13:18,ZONE_A,29.27,88.00,1000.18,99.02,7075.00,48.0
2026-08-19 17:13:20,ZONE_A,29.25,88.00,1000.11,99.56,7228.33,59.0
2026-08-19 17:13:22,ZONE_A,29.29,88.00,1000.17,99.12,7306.67,54.0
2026-08-19 17:13:24,ZONE_A,29.33,88.00,1000.19,98.89,6865.83,57.0
2026-08-19 17:13:26,ZONE_A,29.30,88.00,1000.17,99.09,7584.17,56.0
2026-08-19 17:13:28,ZONE_A,29.33,88.00,1000.18,99.01,7469.17,52.0
2026-08-19 17:13:30,ZONE_A,29.36,88.00,1000.14,99.37,7676.67,52.0
2026-08-19 17:13:32,ZONE_A,29.39,88.00,1000.14,99.30,7890.83,63.0
2026-08-19 17:13:34,ZONE_A,29.35,88.00,1000.17,99.05,7794.17,66.0
2026-08-19 17:13:36,ZONE_A,29.36,88.00,1000.16,99.13,8080.00,66.0
2026-08-19 17:13:38,ZONE_A,29.38,88.00,1000.15,99.26,8274.17,52.0
2026-08-19 17:13:40,ZONE_A,29.40,88.00,1000.14,99.31,8528.33,56.0
2026-08-19 17:13:42,ZONE_A,29.35,88.00,1000.20,98.86,8722.50,59.0
2026-08-19 17:13:44,ZONE_A,29.34,88.00,1000.15,99.23,9025.83,55.0
2026-08-19 17:13:46,ZONE_A,29.38,88.00,1000.20,98.85,9219.17,61.0
2026-08-19 17:13:48,ZONE_A,29.38,88.00,1000.19,98.95,9284.17,58.0
2026-08-19 17:13:50,ZONE_A,29.35,88.00,1000.19,98.89,9383.33,53.0
2026-08-19 17:13:52,ZONE_A,29.33,88.00,1000.23,98.56,9224.17,56.0
2026-08-19 17:13:54,ZONE_A,29.30,88.00,1000.20,98.85,9380.83,54.0
2026-08-19 17:13:56,ZONE_A,29.32,88.00,1000.19,98.88,9493.33,57.0
2026-08-19 17:13:58,ZONE_A,29.29,88.00,1000.20,98.80,9562.50,61.0
2026-08-19 17:14:00,ZONE_A,29.28,88.00,1000.23,98.59,9048.33,60.0
2026-08-19 17:14:02,ZONE_A,29.31,88.00,1000.19,98.89,9374.17,59.0
2026-08-19 17:14:04,ZONE_A,29.35,88.00,1000.24,98.52,9430.83,56.0
2026-08-19 17:14:06,ZONE_A,29.37,88.00,1000.19,98.96,7950.83,61.0
2026-08-19 17:14:08,ZONE_A,29.37,88.00,1000.20,98.89,8123.33,52.0
2026-08-19 17:14:10,ZONE_A,29.39,88.00,1000.21,98.74,9041.67,59.0
2026-08-19 17:14:12,ZONE_A,29.41,88.00,1000.18,98.98,8966.67,61.0
2026-08-19 17:14:14,ZONE_A,29.45,88.00,1000.16,99.18,9037.50,64.0
2026-08-19 17:14:16,ZONE_A,29.47,88.00,1000.20,98.85,9085.83,59.0
2026-08-19 17:14:18,ZONE_A,29.50,88.00,1000.21,98.73,9899.17,61.0
2026-08-19 17:14:20,ZONE_A,29.53,88.00,1000.22,98.71,9365.83,53.0
2026-08-19 17:14:22,ZONE_A,29.55,88.00,1000.19,98.88,8553.33,57.0
2026-08-19 17:14:24,ZONE_A,29.57,88.00,1000.20,98.81,8396.67,59.0
2026-08-19 17:14:26,ZONE_A,29.59,88.00,1000.23,98.55,8345.83,58.0
2026-08-19 17:14:28,ZONE_A,29.61,88.00,1000.20,98.85,8736.67,57.0
2026-08-19 17:14:30,ZONE_A,29.62,88.00,1000.20,98.82,7272.50,60.0
2026-08-19 17:14:32,ZONE_A,29.63,88.00,1000.19,98.89,6799.17,53.0
2026-08-19 17:14:34,ZONE_A,29.62,88.00,1000.17,99.09,6244.17,57.0
2026-08-19 17:14:36,ZONE_A,29.64,88.00,1000.20,98.81,5755.83,54.0
2026-08-19 17:14:38,ZONE_A,29.65,88.00,1000.22,98.79,8304.17,55.0
2026-08-19 17:14:40,ZONE_A,29.64,88.00,1000.20,98.86,6815.00,58.0
2026-08-19 17:14:42,ZONE_A,29.65,88.00,1000.20,98.83,5861.67,60.0
2026-08-19 17:14:44,ZONE_A,29.66,88.00,1000.21,98.75,6250.00,58.0
2026-08-19 17:14:46,ZONE_A,29.64,88.00,1000.22,98.64,5665.00,57.0
2026-08-19 17:14:48,ZONE_A,29.58,88.00,1000.22,98.70,7012.50,65.0
2026-08-19 17:14:50,ZONE_A,29.57,88.00,1000.21,98.75,6196.67,58.0
2026-08-19 17:14:52,ZONE_A,29.57,88.00,1000.20,98.85,5616.67,58.0
2026-08-19 17:14:54,ZONE_A,29.56,88.00,1000.19,98.96,6927.50,58.0
2026-08-19 17:14:56,ZONE_A,29.57,88.00,1000.19,98.93,6880.00,60.0
2026-08-19 17:14:58,ZONE_A,29.58,88.00,1000.20,98.82,6985.83,56.0
2026-08-19 17:15:00,ZONE_A,29.59,88.00,1000.18,98.96,6955.00,56.0
2026-08-19 17:15:02,ZONE_A,29.61,88.00,1000.19,98.91,7240.83,61.0
2026-08-19 17:15:04,ZONE_A,29.63,88.00,1000.19,98.82,7179.17,53.0
2026-08-19 17:15:06,ZONE_A,29.62,88.00,1000.20,98.82,8565.00,50.0
2026-08-19 17:15:08,ZONE_A,29.65,88.00,1000.26,98.33,9580.83,54.0
2026-08-19 17:15:10,ZONE_A,29.64,87.00,1000.21,98.73,8235.00,58.0
2026-08-19 17:15:12,ZONE_A,29.57,87.00,1000.19,98.89,7217.50,54.0
2026-08-19 17:15:14,ZONE_A,29.54,87.00,1000.20,98.86,5817.50,62.0
2026-08-19 17:15:16,ZONE_A,29.54,87.00,1000.17,99.06,6412.50,58.0
2026-08-19 17:15:18,ZONE_A,29.55,87.00,1000.20,98.83,6952.50,59.0
2026-08-19 17:15:20,ZONE_A,29.55,87.00,1000.25,98.43,7767.50,56.0
2026-08-19 17:15:22,ZONE_A,29.54,87.00,1000.21,98.73,7020.00,55.0
2026-08-19 17:15:24,ZONE_A,29.52,87.00,1000.19,98.91,7745.83,55.0
2026-08-19 17:15:26,ZONE_A,29.50,87.00,1000.21,98.78,7848.33,51.0
2026-08-19 17:15:28,ZONE_A,29.47,87.00,1000.24,98.51,8015.00,55.0
2026-08-19 17:15:30,ZONE_A,29.46,87.00,1000.24,98.44,7911.67,53.0
2026-08-19 17:15:32,ZONE_A,29.45,87.00,1000.16,99.13,7852.50,55.0
2026-08-19 17:15:34,ZONE_A,29.45,87.00,1000.23,98.54,7991.67,55.0
2026-08-19 17:15:36,ZONE_A,29.45,87.00,1000.24,98.49,7826.67,55.0
2026-08-19 17:15:38,ZONE_A,29.47,87.00,1000.23,98.54,7710.83,54.0
2026-08-19 17:15:40,ZONE_A,29.48,87.00,1000.26,98.30,7683.33,57.0
2026-08-19 17:15:42,ZONE_A,29.50,87.00,1000.25,98.39,7945.83,48.0
2026-08-19 17:15:44,ZONE_A,29.52,87.00,1000.25,98.44,7355.83,49.0
2026-08-19 17:15:46,ZONE_A,29.53,87.00,1000.25,98.37,7423.33,62.0
2026-08-19 17:15:48,ZONE_A,29.55,87.00,1000.22,98.65,7445.83,52.0
2026-08-19 17:15:50,ZONE_A,29.57,86.00,1000.23,98.60,7611.67,56.0
2026-08-19 17:15:52,ZONE_A,29.59,86.00,1000.21,98.74,7683.33,48.0
2026-08-19 17:15:54,ZONE_A,29.62,86.00,1000.24,98.48,8053.33,61.0
2026-08-19 17:15:56,ZONE_A,29.65,87.00,1000.23,98.58,7845.00,51.0
2026-08-19 17:15:58,ZONE_A,29.68,87.00,1000.21,98.77,7906.67,61.0
2026-08-19 17:16:00,ZONE_A,29.69,87.00,1000.26,98.36,7851.67,58.0
2026-08-19 17:16:02,ZONE_A,29.67,87.00,1000.20,98.82,7902.50,49.0
2026-08-19 17:16:04,ZONE_A,29.68,87.00,1000.23,98.56,7752.50,62.0
2026-08-19 17:16:06,ZONE_A,29.66,87.00,1000.22,98.66,7705.83,51.0
2026-08-19 17:16:08,ZONE_A,29.67,87.00,1000.23,98.61,7557.50,60.0
2026-08-19 17:16:10,ZONE_A,29.65,87.00,1000.22,98.65,7755.00,67.0
2026-08-19 17:16:12,ZONE_A,29.64,87.00,1000.21,98.74,7611.67,53.0
2026-08-19 17:16:14,ZONE_A,29.66,87.00,1000.24,98.53,7685.83,55.0
2026-08-19 17:16:16,ZONE_A,29.64,87.00,1000.27,98.28,7535.00,55.0
2026-08-19 17:16:18,ZONE_A,29.61,87.00,1000.24,98.52,7399.17,61.0
2026-08-19 17:16:20,ZONE_A,29.62,87.00,1000.21,98.73,7420.83,58.0
2026-08-19 17:16:22,ZONE_A,29.63,86.00,1000.22,98.66,7367.50,58.0
2026-08-19 17:16:24,ZONE_A,29.63,87.00,1000.22,98.66,7485.83,58.0
2026-08-19 17:16:26,ZONE_A,29.64,87.00,1000.20,98.83,7388.33,59.0
2026-08-19 17:16:28,ZONE_A,29.62,87.00,1000.20,98.82,8250.83,48.0
2026-08-19 17:16:30,ZONE_A,29.64,87.00,1000.22,98.66,7823.33,39.0
2026-08-19 17:16:32,ZONE_A,29.65,87.00,1000.23,98.60,7661.67,57.0
2026-08-19 17:16:34,ZONE_A,29.69,87.00,1000.20,98.80,7707.50,65.0
2026-08-19 17:16:36,ZONE_A,29.71,87.00,1000.22,98.63,7728.33,61.0
2026-08-19 17:16:38,ZONE_A,29.71,87.00,1000.25,98.38,7954.17,58.0
2026-08-19 17:16:40,ZONE_A,29.70,87.00,1000.24,98.54,7305.83,56.0
2026-08-19 17:16:42,ZONE_A,29.70,87.00,1000.24,98.48,6728.33,59.0
2026-08-19 17:16:44,ZONE_A,29.72,86.00,1000.23,98.59,7529.17,63.0
2026-08-19 17:16:46,ZONE_A,29.74,86.00,1000.26,98.36,7709.17,58.0
2026-08-19 17:16:48,ZONE_A,29.75,86.00,1000.20,98.81,8053.33,57.0
2026-08-19 17:16:50,ZONE_A,29.78,86.00,1000.23,98.55,8166.67,52.0
2026-08-19 17:16:52,ZONE_A,29.81,86.00,1000.22,98.65,8084.17,53.0
2026-08-19 17:16:54,ZONE_A,29.83,86.00,1000.25,98.44,8094.17,62.0
2026-08-19 17:16:56,ZONE_A,29.86,86.00,1000.26,98.35,7638.33,57.0
2026-08-19 17:16:58,ZONE_A,29.88,86.00,1000.24,98.47,7965.83,63.0
2026-08-19 17:17:00,ZONE_A,29.90,86.00,1000.24,98.52,7855.00,57.0
2026-08-19 17:17:02,ZONE_A,29.91,86.00,1000.23,98.58,7870.00,54.0
2026-08-19 17:17:04,ZONE_A,29.93,87.00,1000.23,98.57,7835.83,55.0
2026-08-19 17:17:06,ZONE_A,29.95,87.00,1000.25,98.38,7793.33,49.0
2026-08-19 17:17:08,ZONE_A,29.97,87.00,1000.23,98.55,7893.33,62.0
2026-08-19 17:17:10,ZONE_A,29.99,87.00,1000.25,98.43,7975.00,56.0
2026-08-19 17:17:12,ZONE_A,30.00,87.00,1000.24,98.47,7851.67,55.0
2026-08-19 17:17:14,ZONE_A,30.02,87.00,1000.21,98.76,7987.50,54.0
2026-08-19 17:17:16,ZONE_A,30.04,87.00,1000.22,98.69,7945.00,67.0
2026-08-19 17:17:18,ZONE_A,30.05,87.00,1000.27,98.28,7960.00,50.0
2026-08-19 17:17:20,ZONE_A,30.07,87.00,1000.25,98.43,8109.17,62.0
2026-08-19 17:17:22,ZONE_A,30.10,87.00,1000.27,98.22,7721.67,54.0
2026-08-19 17:17:24,ZONE_A,30.07,87.00,1000.23,98.54,7174.17,56.0
2026-08-19 17:17:26,ZONE_A,30.10,87.00,1000.24,98.48,7445.00,55.0
2026-08-19 17:17:28,ZONE_A,30.13,87.00,1000.21,98.72,7506.67,57.0
2026-08-19 17:17:30,ZONE_A,30.11,87.00,1000.16,99.16,7695.00,47.0
2026-08-19 17:17:32,ZONE_A,30.08,87.00,1000.24,98.52,6552.50,60.0
2026-08-19 17:17:34,ZONE_A,29.99,87.00,1000.18,98.98,8118.33,54.0
2026-08-19 17:17:36,ZONE_A,30.00,87.00,1000.18,98.96,8240.00,57.0
2026-08-19 17:17:38,ZONE_A,29.95,87.00,1000.23,98.60,8195.83,67.0
2026-08-19 17:17:40,ZONE_A,29.86,87.00,1000.23,98.58,7740.00,55.0
2026-08-19 17:17:42,ZONE_A,29.85,86.00,1000.27,98.25,7817.50,72.0
2026-08-19 17:17:44,ZONE_A,29.80,86.00,1000.23,98.61,7230.83,56.0
2026-08-19 17:17:46,ZONE_A,29.82,86.00,1000.23,98.55,7357.50,56.0
2026-08-19 17:17:48,ZONE_A,29.80,86.00,1000.22,98.64,7437.50,64.0
2026-08-19 17:17:50,ZONE_A,29.82,86.00,1000.20,98.79,7362.50,54.0
2026-08-19 17:17:52,ZONE_A,29.83,86.00,1000.21,98.71,7335.83,47.0
2026-08-19 17:17:54,ZONE_A,29.79,86.00,1000.22,98.61,7287.50,55.0
2026-08-19 17:17:56,ZONE_A,29.77,86.00,1000.24,98.51,7555.00,62.0
2026-08-19 17:17:58,ZONE_A,29.82,86.00,1000.23,98.57,7440.00,59.0
2026-08-19 17:18:00,ZONE_A,29.84,86.00,1000.24,98.48,7861.67,50.0
2026-08-19 17:18:02,ZONE_A,29.86,86.00,1000.24,98.48,8839.17,57.0
2026-08-19 17:18:04,ZONE_A,29.88,86.00,1000.25,98.39,9016.67,57.0
2026-08-19 17:18:06,ZONE_A,29.90,86.00,1000.27,98.22,9277.50,52.0
2026-08-19 17:18:08,ZONE_A,29.94,86.00,1000.25,98.39,9289.17,57.0
2026-08-19 17:18:10,ZONE_A,29.97,86.00,1000.25,98.38,9544.17,61.0
2026-08-19 17:18:12,ZONE_A,29.99,86.00,1000.23,98.57,8301.67,50.0
2026-08-19 17:18:14,ZONE_A,29.99,86.00,1000.27,98.24,7203.33,53.0
2026-08-19 17:18:16,ZONE_A,30.00,86.00,1000.25,98.43,6126.67,63.0
2026-08-19 17:18:18,ZONE_A,30.01,86.00,1000.22,98.65,5095.00,56.0
2026-08-19 17:18:20,ZONE_A,30.02,86.00,1000.22,98.64,5516.67,57.0
2026-08-19 17:18:22,ZONE_A,30.02,86.00,1000.20,98.87,6100.00,62.0
2026-08-19 17:18:24,ZONE_A,30.03,86.00,1000.25,98.44,5699.17,65.0
2026-08-19 17:18:26,ZONE_A,30.02,86.00,1000.25,98.40,5855.83,55.0
2026-08-19 17:18:28,ZONE_A,30.03,86.00,1000.26,98.36,5442.50,56.0
2026-08-19 17:18:30,ZONE_A,30.05,86.00,1000.20,98.83,4210.83,66.0
2026-08-19 17:18:32,ZONE_A,30.05,86.00,1000.22,98.62,3867.50,42.0
2026-08-19 17:18:34,ZONE_A,30.07,86.00,1000.22,98.67,5052.50,56.0
2026-08-19 17:18:36,ZONE_A,30.08,86.00,1000.21,98.76,5575.00,59.0
2026-08-19 17:18:38,ZONE_A,30.09,86.00,1000.22,98.64,6863.33,60.0
2026-08-19 17:18:40,ZONE_A,30.10,86.00,1000.23,98.60,7765.00,58.0
2026-08-19 17:18:42,ZONE_A,30.10,86.00,1000.25,98.43,8567.50,54.0
2026-08-19 17:18:44,ZONE_A,30.10,86.00,1000.24,98.49,8815.83,61.0
2026-08-19 17:18:46,ZONE_A,30.11,86.00,1000.22,98.67,8899.17,62.0
2026-08-19 17:18:48,ZONE_A,30.10,86.00,1000.21,98.76,7712.50,57.0
2026-08-19 17:18:50,ZONE_A,30.08,86.00,1000.23,98.61,7197.50,49.0
2026-08-19 17:18:52,ZONE_A,30.01,86.00,1000.26,98.36,6863.33,64.0
2026-08-19 17:18:54,ZONE_A,29.98,86.00,1000.24,98.52,6582.50,78.0
2026-08-19 17:18:56,ZONE_A,29.97,86.00,1000.27,98.24,6830.00,61.0
2026-08-19 17:18:58,ZONE_A,29.95,86.00,1000.27,98.25,7643.33,55.0
2026-08-19 17:19:00,ZONE_A,29.96,86.00,1000.26,98.35,8675.83,56.0
2026-08-19 17:19:02,ZONE_A,29.97,86.00,1000.25,98.41,9561.67,67.0
2026-08-19 17:19:04,ZONE_A,29.99,86.00,1000.25,98.45,10282.50,59.0
2026-08-19 17:19:06,ZONE_A,30.01,86.00,1000.25,98.37,11247.50,55.0
2026-08-19 17:19:08,ZONE_A,30.04,86.00,1000.23,98.56,10682.50,49.0
2026-08-19 17:19:10,ZONE_A,30.06,86.00,1000.23,98.55,10205.00,57.0
2026-08-19 17:19:12,ZONE_A,30.08,86.00,1000.23,98.60,10874.17,45.0
2026-08-19 17:19:14,ZONE_A,30.07,86.00,1000.22,98.67,11021.67,60.0
2026-08-19 17:19:16,ZONE_A,30.08,86.00,1000.22,98.70,10850.00,54.0
2026-08-19 17:19:18,ZONE_A,30.09,86.00,1000.22,98.69,10717.50,65.0
2026-08-19 17:19:20,ZONE_A,30.11,86.00,1000.21,98.77,10544.17,58.0
2026-08-19 17:19:22,ZONE_A,30.13,86.00,1000.21,98.74,10496.67,43.0
2026-08-19 17:19:24,ZONE_A,30.16,86.00,1000.21,98.73,10469.17,53.0
2026-08-19 17:19:26,ZONE_A,30.18,86.00,1000.21,98.78,10449.17,56.0
2026-08-19 17:19:28,ZONE_A,30.21,87.00,1000.25,98.39,10352.50,52.0
2026-08-19 17:19:30,ZONE_A,30.22,87.00,1000.23,98.62,10804.17,54.0
2026-08-19 17:19:32,ZONE_A,30.26,87.00,1000.26,98.36,11289.17,59.0
2026-08-19 17:19:34,ZONE_A,30.19,87.00,1000.25,98.39,11159.17,72.0
2026-08-19 17:19:36,ZONE_A,30.17,87.00,1000.26,98.36,11208.33,51.0
2026-08-19 17:19:38,ZONE_A,30.18,87.00,1000.25,98.44,11225.00,59.0
2026-08-19 17:19:40,ZONE_A,30.17,87.00,1000.27,98.27,11120.00,55.0
2026-08-19 17:19:42,ZONE_A,30.18,87.00,1000.26,98.31,11096.67,54.0
2026-08-19 17:19:44,ZONE_A,30.20,86.00,1000.24,98.51,10812.50,65.0
2026-08-19 17:19:46,ZONE_A,30.22,86.00,1000.21,98.76,10000.83,58.0
2026-08-19 17:19:48,ZONE_A,30.23,86.00,1000.20,98.84,10225.00,64.0
2026-08-19 17:19:50,ZONE_A,30.22,86.00,1000.22,98.68,10865.00,67.0
2026-08-19 17:19:52,ZONE_A,30.19,87.00,1000.25,98.42,10856.67,55.0
2026-08-19 17:19:54,ZONE_A,30.18,87.00,1000.21,98.72,10836.67,53.0
2026-08-19 17:19:56,ZONE_A,30.17,87.00,1000.26,98.36,10854.17,58.0
2026-08-19 17:19:58,ZONE_A,30.20,86.00,1000.25,98.40,10849.17,61.0
2026-08-19 17:20:00,ZONE_A,30.24,86.00,1000.26,98.30,10850.00,69.0
2026-08-19 17:20:02,ZONE_A,30.27,86.00,1000.23,98.58,10870.00,60.0
2026-08-19 17:20:04,ZONE_A,30.30,86.00,1000.21,98.72,11083.33,64.0
2026-08-19 17:20:06,ZONE_A,30.33,86.00,1000.23,98.55,10715.83,53.0
2026-08-19 17:20:08,ZONE_A,30.32,86.00,1000.22,98.63,10555.83,63.0
2026-08-19 17:20:10,ZONE_A,30.32,86.00,1000.20,98.87,10228.33,70.0
2026-08-19 17:20:12,ZONE_A,30.34,86.00,1000.24,98.53,10005.00,61.0
2026-08-19 17:20:14,ZONE_A,30.31,86.00,1000.16,99.15,9922.50,47.0
2026-08-19 17:20:16,ZONE_A,30.32,86.00,1000.18,99.00,11138.33,59.0
2026-08-19 17:20:18,ZONE_A,30.32,86.00,1000.19,98.91,9675.83,55.0
2026-08-19 17:20:20,ZONE_A,30.27,86.00,1000.21,98.73,11645.00,58.0
2026-08-19 17:20:22,ZONE_A,30.23,86.00,1000.21,98.74,10175.83,68.0
2026-08-19 17:20:24,ZONE_A,30.19,86.00,1000.25,98.43,11820.00,64.0
2026-08-19 17:20:26,ZONE_A,30.15,86.00,1000.23,98.59,9304.17,51.0
2026-08-19 17:20:28,ZONE_A,30.13,85.00,1000.24,98.47,12060.00,60.0
2026-08-19 17:20:30,ZONE_A,30.02,85.00,1000.26,98.35,10010.83,58.0
2026-08-19 17:20:32,ZONE_A,30.01,85.00,1000.28,98.14,9835.83,59.0
2026-08-19 17:20:34,ZONE_A,29.93,85.00,1000.26,98.30,9642.50,48.0
2026-08-19 17:20:36,ZONE_A,29.93,85.00,1000.25,98.42,12503.33,68.0
2026-08-19 17:20:38,ZONE_A,29.92,85.00,1000.24,98.50,12619.17,81.0
2026-08-19 17:20:40,ZONE_A,29.92,85.00,1000.28,98.16,15349.17,60.0
2026-08-19 17:20:42,ZONE_A,29.88,85.00,1000.32,97.86,16592.50,46.0
2026-08-19 17:20:44,ZONE_A,29.87,85.00,1000.32,97.84,11960.00,30.0
2026-08-19 17:20:46,ZONE_A,29.83,85.00,1000.32,97.84,12000.83,40.0
2026-08-19 17:20:48,ZONE_A,29.84,85.00,1000.32,97.85,11577.50,72.0
2026-08-19 17:20:50,ZONE_A,29.83,85.00,1000.32,97.79,11838.33,54.0
2026-08-19 17:20:52,ZONE_A,29.82,85.00,1000.31,97.94,12494.17,62.0
2026-08-19 17:20:54,ZONE_A,29.83,85.00,1000.32,97.83,13578.33,69.0
2026-08-19 17:20:56,ZONE_A,29.79,85.00,1000.31,97.88,13128.33,40.0
2026-08-19 17:20:58,ZONE_A,29.80,85.00,1000.38,97.28,13731.67,66.0
2026-08-19 17:21:00,ZONE_A,29.80,85.00,1000.33,97.76,12506.67,53.0
2026-08-19 17:21:02,ZONE_A,29.86,85.00,1000.41,97.06,13989.17,62.0
2026-08-19 17:21:04,ZONE_A,29.88,85.00,1000.38,97.34,13952.50,54.0
2026-08-19 17:21:06,ZONE_A,29.87,85.00,1000.31,97.87,13160.00,59.0
2026-08-19 17:21:08,ZONE_A,29.90,85.00,1000.30,97.99,12953.33,53.0
2026-08-19 17:21:10,ZONE_A,29.87,85.00,1000.32,97.84,11755.83,73.0
2026-08-19 17:21:12,ZONE_A,29.82,85.00,1000.34,97.64,11599.17,52.0
2026-08-19 17:21:14,ZONE_A,29.78,85.00,1000.34,97.67,10863.33,52.0
2026-08-19 17:21:16,ZONE_A,29.80,85.00,1000.34,97.66,10527.50,75.0
2026-08-19 17:21:18,ZONE_A,29.80,85.00,1000.36,97.48,12750.00,87.0
2026-08-19 17:21:20,ZONE_A,29.82,85.00,1000.34,97.62,12256.67,66.0
2026-08-19 17:21:22,ZONE_A,29.84,85.00,1000.34,97.69,11352.50,81.0
2026-08-19 17:21:24,ZONE_A,29.83,85.00,1000.33,97.74,10303.33,57.0
2026-08-19 17:21:26,ZONE_A,29.77,86.00,1000.36,97.53,10333.33,46.0
2026-08-19 17:21:28,ZONE_A,29.78,86.00,1000.32,97.80,10580.83,51.0
2026-08-19 17:21:30,ZONE_A,29.80,86.00,1000.35,97.59,10593.33,58.0
2026-08-19 17:21:32,ZONE_A,29.79,86.00,1000.34,97.68,10670.00,56.0
2026-08-19 17:21:34,ZONE_A,29.79,86.00,1000.33,97.74,10384.17,54.0
2026-08-19 17:21:36,ZONE_A,29.78,86.00,1000.32,97.79,10352.50,58.0
2026-08-19 17:21:38,ZONE_A,29.71,86.00,1000.27,98.20,9775.00,62.0
2026-08-19 17:21:40,ZONE_A,29.72,86.00,1000.32,97.85,10275.83,65.0
2026-08-19 17:21:42,ZONE_A,29.69,86.00,1000.31,97.87,10766.67,56.0
2026-08-19 17:21:44,ZONE_A,29.63,85.00,1000.32,97.79,10780.83,34.0
2026-08-19 17:21:46,ZONE_A,29.60,85.00,1000.36,97.45,12858.33,30.0
2026-08-19 17:21:48,ZONE_A,29.53,85.00,1000.34,97.61,10001.67,50.0
2026-08-19 17:21:50,ZONE_A,29.50,85.00,1000.31,97.92,10530.00,57.0
2026-08-19 17:21:52,ZONE_A,29.49,85.00,1000.35,97.55,13100.83,61.0
2026-08-19 17:21:54,ZONE_A,29.50,85.00,1000.41,97.10,14208.33,58.0
2026-08-19 17:21:56,ZONE_A,29.56,85.00,1000.37,97.36,13437.50,72.0
2026-08-19 17:21:58,ZONE_A,29.60,85.00,1000.39,97.26,12474.17,53.0
2026-08-19 17:22:00,ZONE_A,29.65,85.00,1000.39,97.22,10943.33,49.0
2026-08-19 17:22:02,ZONE_A,29.72,85.00,1000.43,96.89,11982.50,75.0
2026-08-19 17:22:04,ZONE_A,29.80,85.00,1000.41,97.04,12729.17,58.0
2026-08-19 17:22:06,ZONE_A,29.85,85.00,1000.37,97.40,14019.17,53.0
2026-08-19 17:22:08,ZONE_A,29.89,85.00,1000.38,97.30,14091.67,52.0
2026-08-19 17:22:10,ZONE_A,29.89,85.00,1000.32,97.82,12186.67,56.0
2026-08-19 17:22:12,ZONE_A,29.87,85.00,1000.31,97.91,12750.83,55.0
2026-08-19 17:22:14,ZONE_A,29.86,85.00,1000.34,97.64,13827.50,52.0
2026-08-19 17:22:16,ZONE_A,29.87,85.00,1000.36,97.47,14056.67,47.0
2026-08-19 17:22:18,ZONE_A,29.83,85.00,1000.36,97.46,12659.17,64.0
2026-08-19 17:22:20,ZONE_A,29.80,84.00,1000.39,97.23,13437.50,66.0
2026-08-19 17:22:22,ZONE_A,29.75,84.00,1000.34,97.66,12885.00,32.0
2026-08-19 17:22:24,ZONE_A,29.73,84.00,1000.39,97.23,14196.67,60.0
2026-08-19 17:22:26,ZONE_A,29.72,84.00,1000.37,97.37,14414.17,63.0
2026-08-19 17:22:28,ZONE_A,29.67,84.00,1000.40,97.17,14355.00,87.0
2026-08-19 17:22:30,ZONE_A,29.60,84.00,1000.35,97.60,12590.00,32.0
2026-08-19 17:22:32,ZONE_A,29.55,84.00,1000.37,97.41,13919.17,79.0
2026-08-19 17:22:34,ZONE_A,29.60,84.00,1000.37,97.37,13960.83,45.0
2026-08-19 17:22:36,ZONE_A,29.57,84.00,1000.36,97.52,13526.67,42.0
2026-08-19 17:22:38,ZONE_A,29.62,84.00,1000.35,97.57,13831.67,57.0
2026-08-19 17:22:40,ZONE_A,29.62,83.00,1000.39,97.25,15360.00,56.0
2026-08-19 17:22:42,ZONE_A,29.70,83.00,1000.39,97.25,12822.50,50.0
2026-08-19 17:22:44,ZONE_A,29.71,83.00,1000.32,97.85,12140.00,67.0
2026-08-19 17:22:46,ZONE_A,29.74,83.00,1000.40,97.19,12314.17,58.0
2026-08-19 17:22:48,ZONE_A,29.78,83.00,1000.40,97.14,13619.17,50.0
2026-08-19 17:22:50,ZONE_A,29.76,83.00,1000.39,97.20,13864.17,55.0
2026-08-19 17:22:52,ZONE_A,29.77,83.00,1000.34,97.62,12320.00,63.0
2026-08-19 17:22:54,ZONE_A,29.72,83.00,1000.38,97.35,13529.17,87.0
2026-08-19 17:22:56,ZONE_A,29.69,83.00,1000.38,97.32,14940.83,67.0
2026-08-19 17:22:58,ZONE_A,29.67,83.00,1000.40,97.16,14812.50,64.0
2026-08-19 17:23:00,ZONE_A,29.62,83.00,1000.36,97.51,14261.67,43.0
2026-08-19 17:23:02,ZONE_A,29.65,83.00,1000.30,98.02,6455.83,46.0
2026-08-19 17:23:04,ZONE_A,29.62,82.00,1000.30,98.01,7243.33,87.0
2026-08-19 17:23:06,ZONE_A,29.59,82.00,1000.31,97.97,7190.00,59.0
2026-08-19 17:23:08,ZONE_A,29.61,82.00,1000.30,97.97,6288.33,55.0
2026-08-19 17:23:10,ZONE_A,29.63,82.00,1000.30,97.95,12161.67,54.0
2026-08-19 17:23:12,ZONE_A,29.64,83.00,1000.32,97.86,11935.00,61.0
2026-08-19 17:23:14,ZONE_A,29.68,82.00,1000.38,97.33,12110.83,57.0
2026-08-19 17:23:16,ZONE_A,29.71,82.00,1000.38,97.29,11231.67,53.0
2026-08-19 17:23:18,ZONE_A,29.74,82.00,1000.36,97.52,11743.33,60.0
2026-08-19 17:23:20,ZONE_A,29.76,82.00,1000.32,97.84,9653.33,61.0
2026-08-19 17:23:22,ZONE_A,29.77,82.00,1000.33,97.70,7369.17,87.0
2026-08-19 17:23:24,ZONE_A,29.78,82.00,1000.35,97.55,11057.50,53.0
2026-08-19 17:23:26,ZONE_A,29.81,82.00,1000.43,96.91,10994.17,56.0
2026-08-19 17:23:28,ZONE_A,29.80,82.00,1000.33,97.72,5799.17,65.0
2026-08-19 17:23:30,ZONE_A,29.74,82.00,1000.32,97.86,6449.17,56.0
2026-08-19 17:23:32,ZONE_A,29.69,82.00,1000.28,98.16,8146.67,66.0
2026-08-19 17:23:34,ZONE_A,29.66,82.00,1000.31,97.94,8436.67,61.0
2026-08-19 17:23:36,ZONE_A,29.62,82.00,1000.27,98.21,8465.00,70.0
2026-08-19 17:23:38,ZONE_A,29.60,82.00,1000.32,97.84,7958.33,59.0
2026-08-19 17:23:40,ZONE_A,29.52,82.00,1000.39,97.75,7699.17,87.0
2026-08-19 17:23:42,ZONE_A,29.44,82.00,1000.33,97.70,7645.00,53.0
2026-08-19 17:23:44,ZONE_A,29.33,82.00,1000.35,97.57,6343.33,63.0
2026-08-19 17:23:46,ZONE_A,29.30,82.00,1000.37,97.41,5940.00,48.0
2026-08-19 17:23:48,ZONE_A,29.26,81.00,1000.31,97.94,5999.17,67.0
2026-08-19 17:23:50,ZONE_A,29.21,81.00,1000.32,97.80,5757.50,35.0
2026-08-19 17:23:52,ZONE_A,29.18,81.00,1000.30,98.01,6242.50,59.0
2026-08-19 17:23:54,ZONE_A,29.14,81.00,1000.24,98.51,4066.67,40.0
2026-08-19 17:23:56,ZONE_A,29.17,81.00,1000.28,98.17,9206.67,57.0
2026-08-19 17:23:58,ZONE_A,29.19,81.00,1000.35,97.53,8681.67,54.0
2026-08-19 17:24:00,ZONE_A,29.12,81.00,1000.33,97.71,9895.83,64.0
2026-08-19 17:24:02,ZONE_A,29.09,81.00,1000.36,97.51,11328.33,62.0
2026-08-19 17:24:04,ZONE_A,29.09,81.00,1000.36,97.52,11070.00,74.0
2026-08-19 17:24:06,ZONE_A,29.07,81.00,1000.34,97.69,10915.00,68.0
2026-08-19 17:24:08,ZONE_A,29.07,81.00,1000.35,97.53,10992.50,57.0
2026-08-19 17:24:10,ZONE_A,29.10,81.00,1000.35,97.54,11087.50,55.0
2026-08-19 17:24:12,ZONE_A,29.11,81.00,1000.38,97.33,14403.33,65.0
2026-08-19 17:24:14,ZONE_A,29.18,81.00,1000.40,97.16,14305.00,55.0
2026-08-19 17:24:16,ZONE_A,29.26,81.00,1000.46,96.66,14936.67,47.0
2026-08-19 17:24:18,ZONE_A,29.29,81.00,1000.37,97.39,14245.00,55.0
2026-08-19 17:24:20,ZONE_A,29.37,81.00,1000.42,96.99,15174.17,59.0
2026-08-19 17:24:22,ZONE_A,29.40,81.00,1000.43,96.89,15508.33,63.0
2026-08-19 17:24:24,ZONE_A,29.46,81.00,1000.50,96.33,14628.33,55.0
2026-08-19 17:24:26,ZONE_A,29.51,82.00,1000.51,96.12,14965.83,49.0
2026-08-19 17:24:28,ZONE_A,29.54,82.00,1000.55,95.86,14866.67,53.0
2026-08-19 17:24:30,ZONE_A,29.58,82.00,1000.40,97.16,14376.67,56.0
2026-08-19 17:24:32,ZONE_A,29.60,82.00,1000.49,96.43,12945.83,50.0
2026-08-19 17:24:34,ZONE_A,29.58,82.00,1000.41,97.09,13024.17,58.0
2026-08-19 17:24:36,ZONE_A,29.55,82.00,1000.38,97.29,13266.67,55.0
2026-08-19 17:24:38,ZONE_A,29.56,82.00,1000.40,97.13,13385.00,50.0
2026-08-19 17:24:40,ZONE_A,29.54,81.00,1000.39,97.26,12935.00,56.0
2026-08-19 17:24:42,ZONE_A,29.52,81.00,1000.38,97.30,13337.50,87.0
2026-08-19 17:24:44,ZONE_A,29.47,81.00,1000.40,97.18,13046.67,56.0
2026-08-19 17:24:46,ZONE_A,29.45,81.00,1000.38,97.30,11638.33,55.0
2026-08-19 17:24:48,ZONE_A,29.42,81.00,1000.35,97.57,8576.67,53.0
2026-08-19 17:24:50,ZONE_A,29.40,81.00,1000.38,97.36,9964.17,58.0
2026-08-19 17:24:52,ZONE_A,29.37,81.00,1000.37,97.42,10424.17,63.0
2026-08-19 17:24:54,ZONE_A,29.34,81.00,1000.36,97.46,10140.00,51.0
2026-08-19 17:24:56,ZONE_A,29.31,80.00,1000.36,97.49,9690.83,55.0
2026-08-19 17:24:58,ZONE_A,29.25,80.00,1000.38,97.31,11260.83,57.0
2026-08-19 17:25:00,ZONE_A,29.28,80.00,1000.38,97.29,11495.83,55.0
2026-08-19 17:25:02,ZONE_A,29.21,81.00,1000.33,97.71,10725.83,87.0
2026-08-19 17:25:04,ZONE_A,29.18,81.00,1000.42,96.95,9840.00,59.0
2026-08-19 17:25:06,ZONE_A,29.16,81.00,1000.36,97.48,10767.50,48.0
2026-08-19 17:25:08,ZONE_A,29.13,81.00,1000.33,97.75,9831.67,87.0
2026-08-19 17:25:10,ZONE_A,29.14,81.00,1000.41,97.05,8797.50,50.0
2026-08-19 17:25:12,ZONE_A,29.12,81.00,1000.42,97.01,9035.83,87.0
2026-08-19 17:25:14,ZONE_A,29.06,81.00,1000.35,97.53,9859.17,42.0
2026-08-19 17:25:16,ZONE_A,29.04,82.00,1000.36,97.46,11129.17,62.0
2026-08-19 17:25:18,ZONE_A,29.06,82.00,1000.36,97.51,11705.83,58.0
2026-08-19 17:25:20,ZONE_A,29.07,82.00,1000.34,97.65,11513.33,74.0
2026-08-19 17:25:22,ZONE_A,29.04,82.00,1000.32,97.85,11025.83,51.0
2026-08-19 17:25:24,ZONE_A,29.04,83.00,1000.35,97.53,10585.83,58.0
2026-08-19 17:25:26,ZONE_A,29.04,83.00,1000.35,97.56,9950.00,62.0
2026-08-19 17:25:28,ZONE_A,29.04,83.00,1000.35,97.59,10248.33,30.0
2026-08-19 17:25:30,ZONE_A,28.98,83.00,1000.36,97.50,10157.50,72.0
2026-08-19 17:25:32,ZONE_A,28.98,83.00,1000.36,97.49,10532.50,42.0
2026-08-19 17:25:34,ZONE_A,28.99,84.00,1000.32,97.86,9004.17,51.0
2026-08-19 17:25:36,ZONE_A,28.93,84.00,1000.36,97.47,8669.17,37.0
2026-08-19 17:25:38,ZONE_A,28.93,84.00,1000.36,97.50,7849.17,60.0
2026-08-19 17:25:40,ZONE_A,28.96,84.00,1000.27,98.21,7755.00,69.0
2026-08-19 17:25:42,ZONE_A,28.96,84.00,1000.35,97.56,8545.83,56.0
2026-08-19 17:25:44,ZONE_A,28.89,84.00,1000.32,97.81,10598.33,59.0
2026-08-19 17:25:46,ZONE_A,28.93,84.00,1000.37,97.44,9956.67,58.0
2026-08-19 17:25:48,ZONE_A,28.95,84.00,1000.30,97.95,10679.17,56.0
2026-08-19 17:25:50,ZONE_A,28.96,84.00,1000.26,98.36,10026.67,67.0
2026-08-19 17:25:52,ZONE_A,28.99,84.00,1000.31,97.91,10010.00,53.0
2026-08-19 17:25:54,ZONE_A,29.01,84.00,1000.30,97.98,9598.33,53.0
2026-08-19 17:25:56,ZONE_A,29.03,84.00,1000.30,97.99,9430.83,58.0
2026-08-19 17:25:58,ZONE_A,29.04,84.00,1000.28,98.13,9398.33,59.0
2026-08-19 17:26:00,ZONE_A,29.04,84.00,1000.29,98.09,10295.83,54.0
2026-08-19 17:26:02,ZONE_A,29.05,84.00,1000.28,98.13,9302.50,59.0
2026-08-19 17:26:04,ZONE_A,29.07,84.00,1000.30,97.99,10551.67,57.0
2026-08-19 17:26:06,ZONE_A,29.07,84.00,1000.30,97.98,10720.00,67.0
2026-08-19 17:26:08,ZONE_A,29.08,84.00,1000.34,97.63,10729.17,57.0
2026-08-19 17:26:10,ZONE_A,29.10,84.00,1000.35,97.55,10385.00,65.0
2026-08-19 17:26:12,ZONE_A,29.12,84.00,1000.34,97.64,10389.17,87.0
2026-08-19 17:26:14,ZONE_A,29.09,84.00,1000.35,97.57,8395.00,57.0
2026-08-19 17:26:16,ZONE_A,29.10,84.00,1000.32,97.79,9722.50,48.0
2026-08-19 17:26:18,ZONE_A,29.13,84.00,1000.39,97.24,8807.50,72.0
2026-08-19 17:26:20,ZONE_A,29.12,84.00,1000.36,97.48,10608.33,52.0
2026-08-19 17:26:22,ZONE_A,29.12,84.00,1000.33,97.70,10629.17,58.0
2026-08-19 17:26:24,ZONE_A,29.14,85.00,1000.36,97.52,10294.17,59.0
2026-08-19 17:26:26,ZONE_A,29.14,84.00,1000.34,97.63,9402.50,53.0
2026-08-19 17:26:28,ZONE_A,29.14,85.00,1000.32,98.10,8500.83,51.0
2026-08-19 17:26:30,ZONE_A,29.14,85.00,1000.33,97.72,8610.83,57.0
2026-08-19 17:26:32,ZONE_A,29.14,85.00,1000.32,97.82,8665.00,87.0
2026-08-19 17:26:34,ZONE_A,29.14,85.00,1000.30,97.97,8206.67,67.0
2026-08-19 17:26:36,ZONE_A,29.14,85.00,1000.32,97.81,7661.67,47.0
2026-08-19 17:26:38,ZONE_A,29.16,85.00,1000.32,97.83,8275.00,57.0
2026-08-19 17:26:40,ZONE_A,29.18,85.00,1000.33,97.70,9131.67,55.0
2026-08-19 17:26:42,ZONE_A,29.18,85.00,1000.31,97.88,9747.50,58.0
2026-08-19 17:26:44,ZONE_A,29.18,85.00,1000.45,96.75,11092.50,41.0
2026-08-19 17:26:46,ZONE_A,29.18,84.00,1000.38,97.36,9843.33,64.0
2026-08-19 17:26:48,ZONE_A,29.19,84.00,1000.39,97.19,12203.33,58.0
2026-08-19 17:26:50,ZONE_A,29.16,84.00,1000.41,97.09,12456.67,56.0
2026-08-19 17:26:52,ZONE_A,29.19,84.00,1000.39,97.26,12080.00,44.0
2026-08-19 17:26:54,ZONE_A,29.19,84.00,1000.48,96.52,10823.33,55.0
2026-08-19 17:26:56,ZONE_A,29.23,84.00,1000.37,97.37,10021.67,61.0
2026-08-19 17:26:58,ZONE_A,29.25,84.00,1000.41,97.10,9800.83,57.0
2026-08-19 17:27:00,ZONE_A,29.27,84.00,1000.37,97.41,9590.00,44.0
2026-08-19 17:27:02,ZONE_A,29.29,84.00,1000.41,97.07,9452.50,44.0
2026-08-19 17:27:04,ZONE_A,29.29,84.00,1000.37,97.39,9371.67,54.0
2026-08-19 17:27:06,ZONE_A,29.31,84.00,1000.39,97.20,9687.50,65.0
2026-08-19 17:27:08,ZONE_A,29.33,84.00,1000.38,97.29,9038.33,53.0
2026-08-19 17:27:10,ZONE_A,29.34,84.00,1000.44,96.79,10302.50,44.0
2026-08-19 17:27:12,ZONE_A,29.37,84.00,1000.42,97.00,9769.17,60.0
2026-08-19 17:27:14,ZONE_A,29.38,84.00,1000.42,96.98,9271.67,56.0
2026-08-19 17:27:16,ZONE_A,29.41,84.00,1000.43,96.92,9482.50,55.0
2026-08-19 17:27:18,ZONE_A,29.43,84.00,1000.40,97.18,8894.17,55.0
2026-08-19 17:27:20,ZONE_A,29.45,84.00,1000.43,96.88,9612.50,56.0
2026-08-19 17:27:22,ZONE_A,29.46,85.00,1000.42,97.00,9052.50,49.0
2026-08-19 17:27:24,ZONE_A,29.47,85.00,1000.42,97.01,9899.17,65.0
2026-08-19 17:27:26,ZONE_A,29.49,84.00,1000.42,96.98,10076.67,65.0
2026-08-19 17:27:28,ZONE_A,29.51,84.00,1000.39,97.24,9885.83,39.0
2026-08-19 17:27:30,ZONE_A,29.53,84.00,1000.42,96.97,9695.83,62.0
2026-08-19 17:27:32,ZONE_A,29.56,84.00,1000.46,96.64,10468.33,58.0
2026-08-19 17:27:34,ZONE_A,29.57,84.00,1000.41,97.08,10746.67,59.0
2026-08-19 17:27:36,ZONE_A,29.59,84.00,1000.37,97.40,9489.17,52.0
2026-08-19 17:27:38,ZONE_A,29.57,84.00,1000.41,97.09,9437.50,74.0
2026-08-19 17:27:40,ZONE_A,29.58,84.00,1000.39,97.25,9500.83,55.0
2026-08-19 17:27:42,ZONE_A,29.58,84.00,1000.35,97.60,8961.67,38.0
2026-08-19 17:27:44,ZONE_A,29.54,84.00,1000.30,97.95,7749.17,64.0
2026-08-19 17:27:46,ZONE_A,29.54,84.00,1000.34,97.66,7638.33,58.0
2026-08-19 17:27:48,ZONE_A,29.51,84.00,1000.36,97.44,6830.83,30.0
2026-08-19 17:27:50,ZONE_A,29.50,83.00,1000.40,97.12,10436.67,53.0
2026-08-19 17:27:52,ZONE_A,29.48,83.00,1000.44,96.82,9588.33,55.0
2026-08-19 17:27:54,ZONE_A,29.50,83.00,1000.44,96.84,9271.67,51.0
2026-08-19 17:27:56,ZONE_A,29.50,83.00,1000.39,97.26,7537.50,55.0
2026-08-19 17:27:58,ZONE_A,29.51,83.00,1000.45,96.70,10110.00,87.0
2026-08-19 17:28:00,ZONE_A,29.53,83.00,1000.40,97.19,9585.00,57.0
2026-08-19 17:28:02,ZONE_A,29.55,83.00,1000.40,97.16,9716.67,58.0
2026-08-19 17:28:04,ZONE_A,29.58,83.00,1000.41,97.06,8218.33,61.0
2026-08-19 17:28:06,ZONE_A,29.59,83.00,1000.37,97.41,9506.67,56.0
2026-08-19 17:28:08,ZONE_A,29.60,83.00,1000.45,96.69,11026.67,51.0
2026-08-19 17:28:10,ZONE_A,29.61,83.00,1000.42,96.97,10001.67,49.0
2026-08-19 17:28:12,ZONE_A,29.64,83.00,1000.39,97.20,10524.17,72.0
2026-08-19 17:28:14,ZONE_A,29.65,83.00,1000.37,97.57,9794.17,59.0
2026-08-19 17:28:16,ZONE_A,29.66,83.00,1000.45,96.76,12402.50,81.0
2026-08-19 17:28:18,ZONE_A,29.69,83.00,1000.41,97.08,11672.50,55.0
2026-08-19 17:28:20,ZONE_A,29.68,83.00,1000.36,97.46,6400.00,57.0
2026-08-19 17:28:22,ZONE_A,29.65,83.00,1000.35,97.60,6354.17,87.0
2026-08-19 17:28:24,ZONE_A,29.60,83.00,1000.35,97.55,6422.50,62.0
2026-08-19 17:28:26,ZONE_A,29.60,83.00,1000.39,97.26,7445.83,38.0
2026-08-19 17:28:28,ZONE_A,29.59,83.00,1000.41,97.09,7020.83,64.0
2026-08-19 17:28:30,ZONE_A,29.60,83.00,1000.41,97.08,6360.83,55.0
2026-08-19 17:28:32,ZONE_A,29.64,83.00,1000.42,96.98,7602.50,66.0
2026-08-19 17:28:34,ZONE_A,29.66,83.00,1000.38,97.32,7075.00,67.0
2026-08-19 17:28:36,ZONE_A,29.67,83.00,1000.39,97.22,7533.33,58.0
2026-08-19 17:28:38,ZONE_A,29.72,83.00,1000.44,96.79,12660.83,64.0
2026-08-19 17:28:40,ZONE_A,29.68,83.00,1000.45,96.77,11796.67,58.0
2026-08-19 17:28:42,ZONE_A,29.74,83.00,1000.52,96.11,12490.83,56.0
2026-08-19 17:28:44,ZONE_A,29.78,83.00,1000.48,96.45,11283.33,55.0
2026-08-19 17:28:46,ZONE_A,29.79,83.00,1000.46,96.68,10700.00,55.0
2026-08-19 17:28:48,ZONE_A,29.84,83.00,1000.44,96.82,12000.83,55.0
2026-08-19 17:28:50,ZONE_A,29.86,83.00,1000.40,97.19,7645.83,42.0
2026-08-19 17:28:52,ZONE_A,29.83,83.00,1000.40,97.17,7934.17,57.0
2026-08-19 17:28:54,ZONE_A,29.85,83.00,1000.42,97.01,11416.67,55.0
2026-08-19 17:28:56,ZONE_A,29.83,83.00,1000.41,97.05,8575.00,57.0
2026-08-19 17:28:58,ZONE_A,29.82,83.00,1000.38,97.33,6434.17,51.0
2026-08-19 17:29:00,ZONE_A,29.80,83.00,1000.39,97.24,8306.67,50.0
2026-08-19 17:29:02,ZONE_A,29.79,83.00,1000.39,97.27,6695.83,67.0
2026-08-19 17:29:04,ZONE_A,29.80,83.00,1000.34,97.63,7283.33,53.0
2026-08-19 17:29:06,ZONE_A,29.81,82.00,1000.42,97.10,8945.83,58.0
2026-08-19 17:29:08,ZONE_A,29.82,82.00,1000.40,97.17,6476.67,87.0
2026-08-19 17:29:10,ZONE_A,29.83,82.00,1000.38,97.31,6900.00,59.0
2026-08-19 17:29:12,ZONE_A,29.86,82.00,1000.37,97.41,9508.33,48.0
2026-08-19 17:29:14,ZONE_A,29.88,82.00,1000.37,97.37,6440.00,55.0
2026-08-19 17:29:16,ZONE_A,29.88,82.00,1000.43,96.89,10761.67,52.0
2026-08-19 17:29:18,ZONE_A,29.90,82.00,1000.41,97.09,11829.17,54.0
2026-08-19 17:29:20,ZONE_A,29.85,82.00,1000.41,97.06,11966.67,58.0
2026-08-19 17:29:22,ZONE_A,29.76,82.00,1000.40,97.18,10644.17,65.0
2026-08-19 17:29:24,ZONE_A,29.75,82.00,1000.42,96.99,11935.00,60.0
2026-08-19 17:29:26,ZONE_A,29.64,82.00,1000.36,97.46,10624.17,62.0
2026-08-19 17:29:28,ZONE_A,29.73,82.00,1000.41,97.05,9753.33,59.0
2026-08-19 17:29:30,ZONE_A,29.74,82.00,1000.41,97.04,10741.67,73.0
2026-08-19 17:29:32,ZONE_A,29.69,82.00,1000.40,97.11,11296.67,87.0
2026-08-19 17:29:34,ZONE_A,29.70,82.00,1000.42,96.97,11180.83,73.0
2026-08-19 17:29:36,ZONE_A,29.69,82.00,1000.65,95.09,11295.83,87.0
2026-08-19 17:29:38,ZONE_A,29.77,82.00,1000.63,95.19,12302.50,54.0
2026-08-19 17:29:40,ZONE_A,29.80,82.00,1000.44,96.80,11692.50,56.0
2026-08-19 17:29:42,ZONE_A,29.71,82.00,1000.35,97.57,11499.17,87.0
2026-08-19 17:29:44,ZONE_A,29.58,82.00,1000.41,97.09,9084.17,58.0
2026-08-19 17:29:46,ZONE_A,29.56,82.00,1000.39,97.23,9851.67,41.0
2026-08-19 17:29:48,ZONE_A,29.53,81.00,1000.39,97.22,10085.00,60.0
2026-08-19 17:29:50,ZONE_A,29.53,81.00,1000.39,97.24,13224.17,63.0
2026-08-19 17:29:52,ZONE_A,29.46,81.00,1000.40,97.14,11506.67,87.0
2026-08-19 17:29:54,ZONE_A,29.49,81.00,1000.44,96.79,12233.33,50.0
2026-08-19 17:29:56,ZONE_A,29.45,81.00,1000.42,96.96,13338.33,36.0
2026-08-19 17:29:58,ZONE_A,29.41,81.00,1000.47,96.57,15912.50,64.0
2026-08-19 17:30:00,ZONE_A,29.49,81.00,1000.42,96.98,16674.17,50.0
2026-08-19 17:30:02,ZONE_A,29.37,80.00,1000.44,96.96,9485.83,36.0
2026-08-19 17:30:04,ZONE_A,29.32,81.00,1000.42,97.02,10246.67,55.0
2026-08-19 17:30:06,ZONE_A,29.28,80.00,1000.39,97.27,7943.33,53.0
2026-08-19 17:30:08,ZONE_A,29.30,80.00,1000.41,97.05,9662.50,60.0
2026-08-19 17:30:10,ZONE_A,29.35,81.00,1000.39,97.20,8137.50,60.0
2026-08-19 17:30:12,ZONE_A,29.42,81.00,1000.38,97.30,8498.33,51.0
2026-08-19 17:30:14,ZONE_A,29.45,81.00,1000.41,97.10,8088.33,64.0
2026-08-19 17:30:16,ZONE_A,29.51,81.00,1000.41,97.08,8420.00,56.0
2026-08-19 17:30:18,ZONE_A,29.56,81.00,1000.44,96.80,8220.83,55.0
2026-08-19 17:30:20,ZONE_A,29.59,82.00,1000.43,96.85,8275.00,55.0
2026-08-19 17:30:22,ZONE_A,29.62,82.00,1000.41,97.09,8059.17,51.0
2026-08-19 17:30:24,ZONE_A,29.64,82.00,1000.42,96.98,8058.33,51.0
2026-08-19 17:30:26,ZONE_A,29.65,82.00,1000.35,97.54,8266.67,87.0
2026-08-19 17:30:28,ZONE_A,29.64,82.00,1000.40,97.19,8756.67,50.0
2026-08-19 17:30:30,ZONE_A,29.65,82.00,1000.44,96.79,9679.17,53.0
2026-08-19 17:30:32,ZONE_A,29.64,82.00,1000.42,96.96,10542.50,55.0
2026-08-19 17:30:34,ZONE_A,29.66,82.00,1000.43,96.93,9712.50,50.0
2026-08-19 17:30:36,ZONE_A,29.67,82.00,1000.41,97.04,9366.67,55.0
2026-08-19 17:30:38,ZONE_A,29.68,82.00,1000.42,96.95,10335.00,66.0
2026-08-19 17:30:40,ZONE_A,29.69,82.00,1000.44,96.84,9084.17,55.0
2026-08-19 17:30:42,ZONE_A,29.71,82.00,1000.42,96.95,7524.17,62.0
2026-08-19 17:30:44,ZONE_A,29.72,82.00,1000.43,96.89,6647.50,59.0
2026-08-19 17:30:46,ZONE_A,29.77,82.00,1000.40,97.18,6922.50,58.0
2026-08-19 17:30:48,ZONE_A,29.74,82.00,1000.42,96.99,7972.50,57.0
2026-08-19 17:30:50,ZONE_A,29.70,82.00,1000.43,96.93,10186.67,87.0
2026-08-19 17:30:52,ZONE_A,29.68,82.00,1000.44,96.78,9540.00,46.0
2026-08-19 17:30:54,ZONE_A,29.71,82.00,1000.38,97.31,7170.83,77.0
2026-08-19 17:30:56,ZONE_A,29.70,82.00,1000.44,96.83,7595.83,53.0
2026-08-19 17:30:58,ZONE_A,29.74,82.00,1000.46,96.62,8095.00,50.0
2026-08-19 17:31:00,ZONE_A,29.68,82.00,1000.42,97.00,6900.00,53.0
2026-08-19 17:31:02,ZONE_A,29.68,82.00,1000.43,96.90,7365.83,56.0
2026-08-19 17:31:04,ZONE_A,29.68,82.00,1000.45,96.70,6989.17,59.0
2026-08-19 17:31:06,ZONE_A,29.69,82.00,1000.43,96.93,7497.50,68.0
2026-08-19 17:31:08,ZONE_A,29.70,82.00,1000.43,96.90,7262.50,58.0
2026-08-19 17:31:10,ZONE_A,29.72,82.00,1000.44,96.80,6704.17,58.0
2026-08-19 17:31:12,ZONE_A,29.72,82.00,1000.42,96.99,6655.83,64.0
2026-08-19 17:31:14,ZONE_A,29.71,82.00,1000.45,96.71,7302.50,59.0
2026-08-19 17:31:16,ZONE_A,29.71,82.00,1000.42,96.97,7423.33,50.0
2026-08-19 17:31:18,ZONE_A,29.72,82.00,1000.42,97.01,7062.50,54.0
2026-08-19 17:31:20,ZONE_A,29.73,82.00,1000.43,96.90,6621.67,58.0
2026-08-19 17:31:22,ZONE_A,29.69,82.00,1000.41,97.07,7205.83,56.0
2026-08-19 17:31:24,ZONE_A,29.68,82.00,1000.48,96.63,8201.67,53.0
2026-08-19 17:31:26,ZONE_A,29.65,82.00,1000.41,97.05,8655.00,54.0
2026-08-19 17:31:28,ZONE_A,29.57,82.00,1000.45,96.69,8550.00,55.0
2026-08-19 17:31:30,ZONE_A,29.56,82.00,1000.48,96.48,10358.33,55.0
2026-08-19 17:31:32,ZONE_A,29.53,82.00,1000.44,96.80,9695.83,79.0
2026-08-19 17:31:34,ZONE_A,29.50,82.00,1000.46,96.65,11290.83,56.0
2026-08-19 17:31:36,ZONE_A,29.50,82.00,1000.45,96.69,10441.67,55.0
2026-08-19 17:31:38,ZONE_A,29.52,82.00,1000.44,96.81,7885.00,60.0
2026-08-19 17:31:40,ZONE_A,29.57,82.00,1000.42,97.00,7067.50,59.0
2026-08-19 17:31:42,ZONE_A,29.57,82.00,1000.45,96.73,6770.83,57.0
2026-08-19 17:31:44,ZONE_A,29.53,83.00,1000.43,96.88,7675.83,55.0
2026-08-19 17:31:46,ZONE_A,29.55,83.00,1000.44,96.83,7691.67,57.0
2026-08-19 17:31:48,ZONE_A,29.58,83.00,1000.44,96.82,7622.50,44.0
2026-08-19 17:31:50,ZONE_A,29.58,83.00,1000.45,96.76,10125.83,59.0
2026-08-19 17:31:52,ZONE_A,29.60,83.00,1000.42,96.96,9530.83,69.0
2026-08-19 17:31:54,ZONE_A,29.64,83.00,1000.43,96.88,9015.00,54.0
2026-08-19 17:31:56,ZONE_A,29.68,83.00,1000.44,96.81,9447.50,56.0
2026-08-19 17:31:58,ZONE_A,29.70,83.00,1000.44,96.85,10531.67,62.0
2026-08-19 17:32:00,ZONE_A,29.70,83.00,1000.44,96.83,10971.67,66.0
2026-08-19 17:32:02,ZONE_A,29.71,83.00,1000.42,97.00,11321.67,58.0
2026-08-19 17:32:04,ZONE_A,29.74,83.00,1000.42,96.95,10896.67,60.0
2026-08-19 17:32:06,ZONE_A,29.76,83.00,1000.40,97.16,11822.50,58.0
2026-08-19 17:32:08,ZONE_A,29.75,83.00,1000.43,96.86,14303.33,56.0
2026-08-19 17:32:10,ZONE_A,29.79,83.00,1000.47,96.53,12871.67,51.0
2026-08-19 17:32:12,ZONE_A,29.82,83.00,1000.42,97.02,10963.33,55.0
2026-08-19 17:32:14,ZONE_A,29.82,83.00,1000.43,96.90,11140.00,55.0
2026-08-19 17:32:16,ZONE_A,29.79,83.00,1000.47,96.59,14442.50,51.0
2026-08-19 17:32:18,ZONE_A,29.79,83.00,1000.50,96.29,14699.17,42.0
2026-08-19 17:32:20,ZONE_A,29.75,83.00,1000.50,96.69,11240.00,62.0
2026-08-19 17:32:22,ZONE_A,29.74,83.00,1000.50,96.33,13438.33,59.0
2026-08-19 17:32:24,ZONE_A,29.72,83.00,1000.51,96.26,11146.67,52.0
2026-08-19 17:32:26,ZONE_A,29.70,83.00,1000.49,96.40,11634.17,52.0
2026-08-19 17:32:28,ZONE_A,29.71,82.00,1000.49,96.39,9984.17,75.0
2026-08-19 17:32:30,ZONE_A,29.71,82.00,1000.51,96.25,10525.00,44.0
2026-08-19 17:32:32,ZONE_A,29.72,82.00,1000.49,96.37,12083.33,52.0
2026-08-19 17:32:34,ZONE_A,29.74,82.00,1000.51,96.18,12609.17,59.0
2026-08-19 17:32:36,ZONE_A,29.75,82.00,1000.54,95.99,14454.17,63.0
2026-08-19 17:32:38,ZONE_A,29.80,82.00,1000.52,96.13,13750.83,56.0
2026-08-19 17:32:40,ZONE_A,29.85,82.00,1000.59,95.59,13742.50,53.0
2026-08-19 17:32:42,ZONE_A,29.90,82.00,1000.57,95.71,13298.33,55.0
2026-08-19 17:32:44,ZONE_A,29.94,82.00,1000.49,96.40,8315.00,55.0
2026-08-19 17:32:46,ZONE_A,29.87,82.00,1000.48,96.51,6457.50,63.0
2026-08-19 17:32:48,ZONE_A,29.85,82.00,1000.47,96.57,7099.17,56.0
2026-08-19 17:32:50,ZONE_A,29.79,82.00,1000.48,96.49,6644.17,56.0
2026-08-19 17:32:52,ZONE_A,29.75,82.00,1000.45,96.76,6579.17,41.0
2026-08-19 17:32:54,ZONE_A,29.68,82.00,1000.48,96.51,6986.67,53.0
2026-08-19 17:32:56,ZONE_A,29.64,82.00,1000.49,96.41,6472.50,51.0
2026-08-19 17:32:58,ZONE_A,29.63,82.00,1000.48,96.51,7748.33,46.0
2026-08-19 17:33:00,ZONE_A,29.62,82.00,1000.50,96.28,7210.83,50.0
2026-08-19 17:33:02,ZONE_A,29.54,82.00,1000.47,96.57,7345.83,62.0
2026-08-19 17:33:04,ZONE_A,29.55,81.00,1000.43,96.86,7442.50,54.0
2026-08-19 17:33:06,ZONE_A,29.50,81.00,1000.41,97.09,7131.67,65.0
2026-08-19 17:33:08,ZONE_A,29.47,81.00,1000.45,96.74,7385.83,60.0
2026-08-19 17:33:10,ZONE_A,29.44,81.00,1000.44,96.85,7491.67,59.0
2026-08-19 17:33:12,ZONE_A,29.40,81.00,1000.42,96.97,7532.50,59.0
2026-08-19 17:33:14,ZONE_A,29.40,81.00,1000.41,97.05,7462.50,56.0
2026-08-19 17:33:16,ZONE_A,29.37,81.00,1000.43,96.92,7530.00,59.0
2026-08-19 17:33:18,ZONE_A,29.35,81.00,1000.43,96.89,7658.33,70.0
2026-08-19 17:33:20,ZONE_A,29.30,81.00,1000.44,96.80,7574.17,50.0
2026-08-19 17:33:22,ZONE_A,29.30,81.00,1000.42,96.95,7383.33,58.0
2026-08-19 17:33:24,ZONE_A,29.30,81.00,1000.42,97.02,7542.50,57.0
2026-08-19 17:33:26,ZONE_A,29.34,81.00,1000.45,96.76,7991.67,57.0
2026-08-19 17:33:28,ZONE_A,29.37,81.00,1000.47,96.59,8235.83,56.0
2026-08-19 17:33:30,ZONE_A,29.40,81.00,1000.45,96.75,7035.83,55.0
2026-08-19 17:33:32,ZONE_A,29.39,81.00,1000.45,96.72,6139.17,53.0
2026-08-19 17:33:34,ZONE_A,29.41,81.00,1000.44,96.79,6160.00,62.0
2026-08-19 17:33:36,ZONE_A,29.43,81.00,1000.44,96.78,6641.67,54.0
2026-08-19 17:33:38,ZONE_A,29.46,81.00,1000.48,96.49,10740.83,50.0
2026-08-19 17:33:40,ZONE_A,29.52,81.00,1000.43,96.93,12555.83,62.0
2026-08-19 17:33:42,ZONE_A,29.55,81.00,1000.42,96.97,11576.67,59.0
2026-08-19 17:33:44,ZONE_A,29.58,81.00,1000.47,96.57,11731.67,56.0
2026-08-19 17:33:46,ZONE_A,29.58,81.00,1000.40,97.05,9325.00,56.0
2026-08-19 17:33:48,ZONE_A,29.58,82.00,1000.48,96.46,11675.83,58.0
2026-08-19 17:33:50,ZONE_A,29.59,82.00,1000.46,96.65,12449.17,60.0
2026-08-19 17:33:52,ZONE_A,29.63,82.00,1000.48,96.45,16035.83,60.0
2026-08-19 17:33:54,ZONE_A,29.64,82.00,1000.47,96.54,14807.50,59.0
2026-08-19 17:33:56,ZONE_A,29.68,82.00,1000.48,96.49,15359.17,62.0
2026-08-19 17:33:58,ZONE_A,29.67,82.00,1000.50,96.32,16283.33,66.0
2026-08-19 17:34:00,ZONE_A,29.68,82.00,1000.46,96.60,16289.17,53.0
2026-08-19 17:34:02,ZONE_A,29.69,82.00,1000.48,96.48,16455.83,65.0
2026-08-19 17:34:04,ZONE_A,29.70,82.00,1000.46,96.68,16611.67,59.0
2026-08-19 17:34:06,ZONE_A,29.75,82.00,1000.51,96.19,16804.17,62.0
2026-08-19 17:34:08,ZONE_A,29.78,82.00,1000.48,96.51,15897.50,57.0
2026-08-19 17:34:10,ZONE_A,29.81,82.00,1000.48,96.49,16209.17,52.0
2026-08-19 17:34:12,ZONE_A,29.86,82.00,1000.47,96.52,16254.17,66.0
2026-08-19 17:34:14,ZONE_A,29.88,82.00,1000.46,96.61,16836.67,63.0
2026-08-19 17:34:16,ZONE_A,29.86,82.00,1000.49,96.35,14070.83,48.0
2026-08-19 17:34:18,ZONE_A,29.85,82.00,1000.47,96.52,12003.33,66.0
2026-08-19 17:34:20,ZONE_A,29.90,82.00,1000.50,96.27,14316.67,56.0
2026-08-19 17:34:22,ZONE_A,29.89,82.00,1000.49,96.43,16655.00,64.0
2026-08-19 17:34:24,ZONE_A,29.89,82.00,1000.53,96.06,13207.50,54.0
2026-08-19 17:34:26,ZONE_A,29.92,81.00,1000.50,96.29,12434.17,46.0
2026-08-19 17:34:28,ZONE_A,29.95,81.00,1000.51,96.20,13480.83,60.0
2026-08-19 17:34:30,ZONE_A,29.94,81.00,1000.45,96.71,13016.67,49.0
2026-08-19 17:34:32,ZONE_A,29.95,81.00,1000.47,96.57,12948.33,49.0
2026-08-19 17:34:34,ZONE_A,29.96,81.00,1000.46,96.61,12955.83,55.0
2026-08-19 17:34:36,ZONE_A,29.97,81.00,1000.44,96.78,13482.50,57.0
2026-08-19 17:34:38,ZONE_A,30.00,81.00,1000.48,96.52,14040.83,56.0
2026-08-19 17:34:40,ZONE_A,30.02,81.00,1000.49,96.42,16102.50,54.0
2026-08-19 17:34:42,ZONE_A,29.99,81.00,1000.46,96.62,16045.83,51.0
2026-08-19 17:34:44,ZONE_A,30.00,81.00,1000.47,96.53,16264.17,63.0
2026-08-19 17:34:46,ZONE_A,30.00,81.00,1000.52,96.16,15291.67,64.0
2026-08-19 17:34:48,ZONE_A,30.00,81.00,1000.51,96.25,15602.50,62.0
2026-08-19 17:34:50,ZONE_A,30.03,80.00,1000.50,96.34,14350.83,58.0
2026-08-19 17:34:52,ZONE_A,30.06,80.00,1000.49,96.37,15588.33,61.0
2026-08-19 17:34:54,ZONE_A,30.07,80.00,1000.49,96.41,16558.33,53.0
2026-08-19 17:34:56,ZONE_A,30.13,80.00,1000.51,96.26,14338.33,50.0
2026-08-19 17:34:58,ZONE_A,30.16,80.00,1000.51,96.25,15181.67,50.0
2026-08-19 17:35:00,ZONE_A,30.17,80.00,1000.47,96.60,15446.67,62.0
2026-08-19 17:35:02,ZONE_A,30.19,80.00,1000.52,96.17,15534.17,64.0
2026-08-19 17:35:04,ZONE_A,30.20,80.00,1000.50,96.31,15915.00,51.0
2026-08-19 17:35:06,ZONE_A,30.18,80.00,1000.49,96.36,15880.83,64.0
2026-08-19 17:35:08,ZONE_A,30.19,80.00,1000.46,96.61,16160.00,49.0
2026-08-19 17:35:10,ZONE_A,30.20,80.00,1000.44,96.83,16271.67,67.0
2026-08-19 17:35:12,ZONE_A,30.21,80.00,1000.43,96.88,16467.50,54.0
2026-08-19 17:35:14,ZONE_A,30.23,80.00,1000.48,96.50,16553.33,50.0
2026-08-19 17:35:16,ZONE_A,30.25,80.00,1000.45,96.76,16497.50,59.0
2026-08-19 17:35:18,ZONE_A,30.25,80.00,1000.47,96.55,16585.83,57.0
2026-08-19 17:35:20,ZONE_A,30.26,80.00,1000.48,96.49,16626.67,58.0
2026-08-19 17:35:22,ZONE_A,30.27,80.00,1000.51,96.19,16543.33,56.0
2026-08-19 17:35:24,ZONE_A,30.28,80.00,1000.51,96.22,16063.33,61.0
2026-08-19 17:35:26,ZONE_A,30.29,80.00,1000.47,96.52,13985.83,71.0
2026-08-19 17:35:28,ZONE_A,30.29,80.00,1000.49,96.43,17088.33,60.0
2026-08-19 17:35:30,ZONE_A,30.24,80.00,1000.45,96.74,15007.50,58.0
2026-08-19 17:35:32,ZONE_A,30.21,80.00,1000.43,96.88,8074.17,59.0
2026-08-19 17:35:34,ZONE_A,30.16,80.00,1000.40,97.16,6764.17,63.0
2026-08-19 17:35:36,ZONE_A,30.10,80.00,1000.41,97.06,5254.17,56.0
2026-08-19 17:35:38,ZONE_A,30.06,80.00,1000.42,96.98,4836.67,53.0
2026-08-19 17:35:40,ZONE_A,30.01,80.00,1000.46,96.75,4894.17,59.0
2026-08-19 17:35:42,ZONE_A,29.97,80.00,1000.42,97.01,2448.33,45.0
2026-08-19 17:35:44,ZONE_A,29.95,80.00,1000.44,96.81,2155.83,71.0
2026-08-19 17:35:46,ZONE_A,29.92,80.00,1000.44,96.81,2377.50,60.0
2026-08-19 17:35:48,ZONE_A,29.85,80.00,1000.44,96.84,2157.50,54.0
2026-08-19 17:35:50,ZONE_A,29.80,80.00,1000.46,96.69,2046.67,54.0
2026-08-19 17:35:52,ZONE_A,29.80,80.00,1000.50,96.35,2194.17,61.0
2026-08-19 17:35:54,ZONE_A,29.80,80.00,1000.48,96.51,2234.17,55.0
2026-08-19 17:35:56,ZONE_A,29.82,80.00,1000.48,96.46,2255.00,61.0
2026-08-19 17:35:58,ZONE_A,29.79,80.00,1000.45,96.75,3505.00,58.0
2026-08-19 17:36:00,ZONE_A,29.80,80.00,1000.46,96.65,3687.50,58.0
2026-08-19 17:36:02,ZONE_A,29.79,80.00,1000.48,96.63,3687.50,57.0
2026-08-19 17:36:04,ZONE_A,29.77,80.00,1000.46,96.61,3570.00,58.0
2026-08-19 17:36:06,ZONE_A,29.77,80.00,1000.44,96.78,2788.33,56.0
2026-08-19 17:36:08,ZONE_A,29.74,80.00,1000.47,96.55,3060.83,65.0
2026-08-19 17:36:10,ZONE_A,29.73,80.00,1000.49,96.39,3006.67,63.0
2026-08-19 17:36:12,ZONE_A,29.74,80.00,1000.49,96.35,2980.83,45.0
2026-08-19 17:36:14,ZONE_A,29.72,80.00,1000.48,96.49,2991.67,65.0
2026-08-19 17:36:16,ZONE_A,29.72,80.00,1000.48,96.50,2978.33,57.0
2026-08-19 17:36:18,ZONE_A,29.69,80.00,1000.48,96.52,3014.17,56.0
2026-08-19 17:36:20,ZONE_A,29.66,80.00,1000.46,96.69,3018.33,57.0
2026-08-19 17:36:22,ZONE_A,29.64,80.00,1000.47,96.59,3004.17,54.0
2026-08-19 17:36:24,ZONE_A,29.64,80.00,1000.47,96.55,2913.33,62.0
2026-08-19 17:36:26,ZONE_A,29.65,80.00,1000.48,96.51,2881.67,45.0
2026-08-19 17:36:28,ZONE_A,29.67,80.00,1000.49,96.43,3665.83,52.0
2026-08-19 17:36:30,ZONE_A,29.70,80.00,1000.47,96.58,3934.17,53.0
2026-08-19 17:36:32,ZONE_A,29.72,81.00,1000.43,96.44,4684.17,48.0
2026-08-19 17:36:34,ZONE_A,29.74,81.00,1000.45,96.71,4166.67,52.0
2026-08-19 17:36:36,ZONE_A,29.75,81.00,1000.49,96.35,2961.67,63.0
2026-08-19 17:36:38,ZONE_A,29.72,81.00,1000.49,96.43,3067.50,57.0
2026-08-19 17:36:40,ZONE_A,29.72,81.00,1000.49,96.36,4476.67,58.0
2026-08-19 17:36:42,ZONE_A,29.72,81.00,1000.50,96.33,5736.67,56.0
2026-08-19 17:36:44,ZONE_A,29.69,81.00,1000.49,96.41,5785.83,50.0
2026-08-19 17:36:46,ZONE_A,29.68,81.00,1000.53,96.06,5866.67,62.0
2026-08-19 17:36:48,ZONE_A,29.61,81.00,1000.54,95.97,5970.00,57.0
2026-08-19 17:36:50,ZONE_A,29.57,81.00,1000.55,95.90,5943.33,59.0
2026-08-19 17:36:52,ZONE_A,29.49,81.00,1000.52,96.15,5914.17,52.0
2026-08-19 17:36:54,ZONE_A,29.45,81.00,1000.48,96.51,5005.83,56.0
2026-08-19 17:36:56,ZONE_A,29.44,81.00,1000.51,96.18,5200.00,65.0
2026-08-19 17:36:58,ZONE_A,29.42,81.00,1000.53,96.01,5060.83,55.0
2026-08-19 17:37:00,ZONE_A,29.44,81.00,1000.51,96.26,5062.50,60.0
2026-08-19 17:37:02,ZONE_A,29.45,81.00,1000.51,96.40,5236.67,40.0
2026-08-19 17:37:04,ZONE_A,29.45,81.00,1000.52,96.13,4660.83,58.0
2026-08-19 17:37:06,ZONE_A,29.44,81.00,1000.51,96.25,3576.67,85.0
2026-08-19 17:37:08,ZONE_A,29.42,81.00,1000.52,96.17,3904.17,53.0
2026-08-19 17:37:10,ZONE_A,29.40,81.00,1000.50,96.28,4592.50,44.0
2026-08-19 17:37:12,ZONE_A,29.44,81.00,1000.53,96.05,9296.67,54.0
2026-08-19 17:37:14,ZONE_A,29.43,81.00,1000.47,96.60,7175.00,59.0
2026-08-19 17:37:16,ZONE_A,29.43,81.00,1000.51,96.25,7561.67,44.0
2026-08-19 17:37:18,ZONE_A,29.40,81.00,1000.49,96.38,7766.67,64.0
2026-08-19 17:37:20,ZONE_A,29.39,81.00,1000.55,95.93,8080.83,60.0
2026-08-19 17:37:22,ZONE_A,29.37,82.00,1000.53,96.08,7553.33,58.0
2026-08-19 17:37:24,ZONE_A,29.33,82.00,1000.53,96.04,7819.17,53.0
2026-08-19 17:37:26,ZONE_A,29.31,82.00,1000.51,96.18,8265.83,62.0
2026-08-19 17:37:28,ZONE_A,29.30,82.00,1000.49,96.40,8903.33,53.0
2026-08-19 17:37:30,ZONE_A,29.27,82.00,1000.48,96.51,9254.17,56.0
2026-08-19 17:37:32,ZONE_A,29.26,83.00,1000.51,96.23,8991.67,58.0
2026-08-19 17:37:34,ZONE_A,29.30,83.00,1000.50,96.31,9132.50,57.0
2026-08-19 17:37:36,ZONE_A,29.30,83.00,1000.52,96.17,8034.17,51.0
2026-08-19 17:37:38,ZONE_A,29.30,83.00,1000.53,96.07,7823.33,56.0
2026-08-19 17:37:40,ZONE_A,29.27,84.00,1000.49,96.39,6700.00,54.0
2026-08-19 17:37:42,ZONE_A,29.26,84.00,1000.50,96.35,6427.50,60.0
2026-08-19 17:37:44,ZONE_A,29.27,84.00,1000.50,96.28,6904.17,62.0
2026-08-19 17:37:46,ZONE_A,29.27,84.00,1000.54,95.97,7397.50,56.0
2026-08-19 17:37:48,ZONE_A,29.24,84.00,1000.50,96.29,9080.00,57.0
2026-08-19 17:37:50,ZONE_A,29.26,84.00,1000.54,96.00,8745.00,53.0
2026-08-19 17:37:52,ZONE_A,29.28,84.00,1000.48,96.51,8219.17,54.0
2026-08-19 17:37:54,ZONE_A,29.30,84.00,1000.53,96.08,8461.67,52.0
2026-08-19 17:37:56,ZONE_A,29.29,84.00,1000.56,95.83,8016.67,54.0
2026-08-19 17:37:58,ZONE_A,29.31,84.00,1000.50,96.31,7611.67,64.0
2026-08-19 17:38:00,ZONE_A,29.30,84.00,1000.47,96.52,6319.17,55.0
2026-08-19 17:38:02,ZONE_A,29.26,85.00,1000.49,96.21,6276.67,63.0
2026-08-19 17:38:04,ZONE_A,29.25,85.00,1000.49,96.39,6123.33,56.0
2026-08-19 17:38:06,ZONE_A,29.26,85.00,1000.50,96.30,5955.83,60.0
2026-08-19 17:38:08,ZONE_A,29.27,85.00,1000.50,96.31,5845.83,51.0
2026-08-19 17:38:10,ZONE_A,29.29,85.00,1000.49,96.38,5885.83,61.0
2026-08-19 17:38:12,ZONE_A,29.31,85.00,1000.50,96.30,6838.33,54.0
2026-08-19 17:38:14,ZONE_A,29.32,85.00,1000.50,96.32,7170.83,62.0
2026-08-19 17:38:16,ZONE_A,29.31,85.00,1000.51,96.23,7482.50,59.0
2026-08-19 17:38:18,ZONE_A,29.27,85.00,1000.50,96.30,7695.83,54.0
2026-08-19 17:38:20,ZONE_A,29.21,85.00,1000.50,96.27,9433.33,59.0
2026-08-19 17:38:22,ZONE_A,29.15,85.00,1000.48,96.47,8710.83,61.0
2026-08-19 17:38:24,ZONE_A,29.14,85.00,1000.46,96.67,8761.67,62.0
2026-08-19 17:38:26,ZONE_A,29.15,85.00,1000.47,96.56,8885.83,64.0
2026-08-19 17:38:28,ZONE_A,29.16,85.00,1000.49,96.35,8932.50,63.0
2026-08-19 17:38:30,ZONE_A,29.20,85.00,1000.52,96.12,9185.00,56.0
2026-08-19 17:38:32,ZONE_A,29.23,85.00,1000.50,96.19,9328.33,50.0
2026-08-19 17:38:34,ZONE_A,29.27,85.00,1000.53,96.09,9393.33,48.0
2026-08-19 17:38:36,ZONE_A,29.29,85.00,1000.51,96.27,9553.33,59.0
2026-08-19 17:38:38,ZONE_A,29.29,85.00,1000.50,96.27,8504.17,58.0
2026-08-19 17:38:40,ZONE_A,29.28,85.00,1000.52,96.12,6450.00,56.0
2026-08-19 17:38:42,ZONE_A,29.29,85.00,1000.49,96.41,6613.33,58.0
2026-08-19 17:38:44,ZONE_A,29.27,85.00,1000.49,96.41,6581.67,55.0
2026-08-19 17:38:46,ZONE_A,29.14,85.00,1000.46,96.65,6856.67,46.0
2026-08-19 17:38:48,ZONE_A,29.11,85.00,1000.48,96.46,6581.67,65.0
2026-08-19 17:38:50,ZONE_A,29.09,85.00,1000.45,96.70,6717.50,56.0
2026-08-19 17:38:52,ZONE_A,29.10,85.00,1000.46,96.66,6635.00,59.0
2026-08-19 17:38:54,ZONE_A,29.09,85.00,1000.50,96.27,6838.33,59.0
2026-08-19 17:38:56,ZONE_A,29.02,85.00,1000.44,96.85,6800.83,38.0
2026-08-19 17:38:58,ZONE_A,28.97,85.00,1000.51,96.24,6760.00,60.0
2026-08-19 17:39:00,ZONE_A,28.96,85.00,1000.52,96.18,6742.50,51.0
2026-08-19 17:39:02,ZONE_A,28.93,85.00,1000.53,96.24,6857.50,59.0
2026-08-19 17:39:04,ZONE_A,28.92,85.00,1000.52,96.16,6860.00,62.0
2026-08-19 17:39:06,ZONE_A,28.93,85.00,1000.54,95.95,6450.00,55.0
2026-08-19 17:39:08,ZONE_A,28.93,85.00,1000.50,96.27,6493.33,51.0
2026-08-19 17:39:10,ZONE_A,28.93,85.00,1000.55,95.88,8373.33,72.0
2026-08-19 17:39:12,ZONE_A,29.02,85.00,1000.60,95.45,10166.67,58.0
2026-08-19 17:39:14,ZONE_A,29.07,85.00,1000.63,95.26,10440.00,53.0
2026-08-19 17:39:16,ZONE_A,29.12,85.00,1000.56,95.80,9017.50,51.0
2026-08-19 17:39:18,ZONE_A,29.16,85.00,1000.58,95.65,8933.33,54.0
2026-08-19 17:39:20,ZONE_A,29.19,85.00,1000.54,95.93,6935.83,58.0
2026-08-19 17:39:22,ZONE_A,29.22,85.00,1000.61,95.36,10123.33,57.0
2026-08-19 17:39:24,ZONE_A,29.27,85.00,1000.53,96.09,8507.50,45.0
2026-08-19 17:39:26,ZONE_A,29.28,85.00,1000.51,96.20,6915.83,38.0
2026-08-19 17:39:28,ZONE_A,29.29,85.00,1000.55,95.91,8498.33,58.0
2026-08-19 17:39:30,ZONE_A,29.29,85.00,1000.54,95.94,6850.83,66.0
2026-08-19 17:39:32,ZONE_A,29.23,85.00,1000.50,96.33,8515.00,30.0
2026-08-19 17:39:34,ZONE_A,29.19,85.00,1000.53,96.05,8745.00,62.0
2026-08-19 17:39:36,ZONE_A,29.15,85.00,1000.53,96.06,13139.17,53.0
2026-08-19 17:39:38,ZONE_A,29.08,84.00,1000.53,96.04,10300.83,56.0
2026-08-19 17:39:40,ZONE_A,29.06,84.00,1000.51,96.32,12122.50,52.0
2026-08-19 17:39:42,ZONE_A,29.04,84.00,1000.53,96.01,11311.67,55.0
2026-08-19 17:39:44,ZONE_A,29.02,84.00,1000.59,95.58,9910.83,59.0
2026-08-19 17:39:46,ZONE_A,29.02,84.00,1000.57,95.72,9489.17,59.0
2026-08-19 17:39:48,ZONE_A,29.01,84.00,1000.54,95.94,9248.33,49.0
2026-08-19 17:39:50,ZONE_A,29.02,84.00,1000.58,95.60,8699.17,66.0
2026-08-19 17:39:52,ZONE_A,29.03,84.00,1000.57,95.73,7037.50,57.0
2026-08-19 17:39:54,ZONE_A,29.04,84.00,1000.53,96.08,7238.33,64.0
2026-08-19 17:39:56,ZONE_A,29.04,84.00,1000.48,96.46,8053.33,54.0
2026-08-19 17:39:58,ZONE_A,29.07,84.00,1000.53,96.09,8171.67,51.0
2026-08-19 17:40:00,ZONE_A,29.07,84.00,1000.51,96.25,8178.33,48.0
2026-08-19 17:40:02,ZONE_A,29.10,84.00,1000.54,96.01,8168.33,51.0
2026-08-19 17:40:04,ZONE_A,29.12,84.00,1000.50,96.31,8021.67,67.0
2026-08-19 17:40:06,ZONE_A,29.13,84.00,1000.54,95.96,8089.17,56.0
2026-08-19 17:40:08,ZONE_A,29.15,85.00,1000.53,96.09,8206.67,58.0
2026-08-19 17:40:10,ZONE_A,29.16,85.00,1000.54,95.97,8115.83,59.0
2026-08-19 17:40:12,ZONE_A,29.18,84.00,1000.54,95.96,8136.67,51.0
2026-08-19 17:40:14,ZONE_A,29.17,84.00,1000.52,96.10,8064.17,60.0
2026-08-19 17:40:16,ZONE_A,29.15,85.00,1000.52,96.13,8485.00,57.0
2026-08-19 17:40:18,ZONE_A,29.17,85.00,1000.54,95.99,7105.83,49.0
2026-08-19 17:40:20,ZONE_A,29.16,85.00,1000.56,95.84,9330.83,57.0
2026-08-19 17:40:22,ZONE_A,29.13,85.00,1000.55,95.86,9419.17,63.0
2026-08-19 17:40:24,ZONE_A,29.12,85.00,1000.55,95.87,10981.67,50.0
2026-08-19 17:40:26,ZONE_A,29.09,85.00,1000.55,95.88,11560.83,62.0
2026-08-19 17:40:28,ZONE_A,29.08,85.00,1000.60,95.50,10243.33,54.0
2026-08-19 17:40:30,ZONE_A,29.09,85.00,1000.53,96.10,8279.17,64.0
2026-08-19 17:40:32,ZONE_A,29.09,85.00,1000.52,96.16,7005.83,61.0
2026-08-19 17:40:34,ZONE_A,29.08,85.00,1000.52,96.18,6147.50,56.0
2026-08-19 17:40:36,ZONE_A,29.09,85.00,1000.55,95.93,6092.50,51.0
2026-08-19 17:40:38,ZONE_A,29.09,85.00,1000.53,96.08,6159.17,54.0
2026-08-19 17:40:40,ZONE_A,29.06,85.00,1000.55,95.85,6080.00,57.0
2026-08-19 17:40:42,ZONE_A,29.06,85.00,1000.52,96.16,6144.17,66.0
2026-08-19 17:40:44,ZONE_A,29.04,85.00,1000.57,95.68,6315.83,58.0
2026-08-19 17:40:46,ZONE_A,29.05,85.00,1000.59,95.57,6150.00,56.0
2026-08-19 17:40:48,ZONE_A,29.01,85.00,1000.56,95.79,6224.17,46.0
2026-08-19 17:40:50,ZONE_A,28.99,85.00,1000.59,95.56,6351.67,51.0
2026-08-19 17:40:52,ZONE_A,28.96,85.00,1000.52,96.10,6474.17,58.0
2026-08-19 17:40:54,ZONE_A,28.97,85.00,1000.58,95.61,6813.33,60.0
2026-08-19 17:40:56,ZONE_A,28.99,85.00,1000.59,95.54,9758.33,59.0
2026-08-19 17:40:58,ZONE_A,29.00,85.00,1000.61,95.37,8942.50,56.0
2026-08-19 17:41:00,ZONE_A,28.98,85.00,1000.57,95.73,7644.17,63.0
2026-08-19 17:41:02,ZONE_A,29.01,85.00,1000.58,95.62,9885.00,57.0
2026-08-19 17:41:04,ZONE_A,29.02,85.00,1000.64,95.15,12630.00,62.0
2026-08-19 17:41:06,ZONE_A,29.00,85.00,1000.62,95.33,11240.83,66.0
2026-08-19 17:41:08,ZONE_A,28.99,85.00,1000.61,95.39,11850.83,57.0
2026-08-19 17:41:10,ZONE_A,29.02,85.00,1000.63,95.21,12486.67,58.0
2026-08-19 17:41:12,ZONE_A,29.02,85.00,1000.64,95.10,12400.83,61.0
2026-08-19 17:41:14,ZONE_A,29.05,85.00,1000.63,95.24,12061.67,58.0
2026-08-19 17:41:16,ZONE_A,29.07,85.00,1000.58,95.62,11995.00,64.0
2026-08-19 17:41:18,ZONE_A,29.09,85.00,1000.54,96.00,8287.50,63.0
2026-08-19 17:41:20,ZONE_A,29.11,86.00,1000.54,95.96,8798.33,58.0
2026-08-19 17:41:22,ZONE_A,29.11,86.00,1000.56,95.83,9024.17,61.0
2026-08-19 17:41:24,ZONE_A,29.09,86.00,1000.56,95.80,9733.33,65.0
2026-08-19 17:41:26,ZONE_A,29.04,86.00,1000.59,95.51,9110.00,65.0
2026-08-19 17:41:28,ZONE_A,29.01,86.00,1000.62,95.32,9225.83,48.0
2026-08-19 17:41:30,ZONE_A,29.00,86.00,1000.60,95.51,9705.83,58.0
2026-08-19 17:41:32,ZONE_A,29.02,86.00,1000.57,95.71,9813.33,65.0
2026-08-19 17:41:34,ZONE_A,29.02,86.00,1000.62,95.27,9493.33,65.0
2026-08-19 17:41:36,ZONE_A,29.01,86.00,1000.62,95.27,9241.67,59.0
2026-08-19 17:41:38,ZONE_A,28.97,86.00,1000.56,95.84,9400.00,64.0
2026-08-19 17:41:40,ZONE_A,28.95,86.00,1000.60,95.45,8543.33,68.0
2026-08-19 17:41:42,ZONE_A,28.90,86.00,1000.64,95.09,10268.33,57.0
2026-08-19 17:41:44,ZONE_A,28.89,86.00,1000.62,95.28,10179.17,60.0
2026-08-19 17:41:46,ZONE_A,28.85,85.00,1000.55,95.86,11358.33,56.0
2026-08-19 17:41:48,ZONE_A,28.79,85.00,1000.63,95.19,10660.00,73.0
2026-08-19 17:41:50,ZONE_A,28.75,85.00,1000.59,95.57,12002.50,87.0
2026-08-19 17:41:52,ZONE_A,28.74,85.00,1000.59,95.55,8401.67,68.0
2026-08-19 17:41:54,ZONE_A,28.75,85.00,1000.58,95.64,6255.00,55.0
2026-08-19 17:41:56,ZONE_A,28.74,86.00,1000.60,95.49,4726.67,62.0
2026-08-19 17:41:58,ZONE_A,28.75,86.00,1000.63,95.28,4634.17,68.0
2026-08-19 17:42:00,ZONE_A,28.74,86.00,1000.60,95.51,4864.17,53.0
2026-08-19 17:42:02,ZONE_A,28.74,86.00,1000.57,95.68,6521.67,68.0
2026-08-19 17:42:04,ZONE_A,28.76,86.00,1000.56,95.81,6455.83,61.0
2026-08-19 17:42:06,ZONE_A,28.77,86.00,1000.58,95.65,6350.00,56.0
2026-08-19 17:42:08,ZONE_A,28.74,86.00,1000.58,95.67,6380.83,60.0
2026-08-19 17:42:10,ZONE_A,28.74,86.00,1000.55,95.89,6249.17,54.0
2026-08-19 17:42:12,ZONE_A,28.74,86.00,1000.56,95.82,6218.33,61.0
2026-08-19 17:42:14,ZONE_A,28.75,86.00,1000.60,95.42,6170.00,54.0
2026-08-19 17:42:16,ZONE_A,28.76,86.00,1000.61,95.41,6276.67,71.0
2026-08-19 17:42:18,ZONE_A,28.74,86.00,1000.56,95.77,6290.00,55.0
2026-08-19 17:42:20,ZONE_A,28.73,86.00,1000.57,95.75,6304.17,55.0
2026-08-19 17:42:22,ZONE_A,28.74,86.00,1000.58,95.64,6328.33,58.0
2026-08-19 17:42:24,ZONE_A,28.76,86.00,1000.59,95.57,6340.00,45.0
2026-08-19 17:42:26,ZONE_A,28.77,86.00,1000.59,95.57,6330.00,54.0
2026-08-19 17:42:28,ZONE_A,28.77,86.00,1000.58,95.65,6600.83,53.0
2026-08-19 17:42:30,ZONE_A,28.77,86.00,1000.56,95.79,6915.83,55.0
2026-08-19 17:42:32,ZONE_A,28.75,86.00,1000.58,95.67,6467.50,59.0
2026-08-19 17:42:34,ZONE_A,28.75,86.00,1000.57,95.75,6485.00,52.0
2026-08-19 17:42:36,ZONE_A,28.76,86.00,1000.62,95.28,6015.83,61.0
2026-08-19 17:42:38,ZONE_A,28.78,86.00,1000.58,95.66,6224.17,58.0
2026-08-19 17:42:40,ZONE_A,28.78,86.00,1000.56,95.78,9194.17,54.0
2026-08-19 17:42:42,ZONE_A,28.78,86.00,1000.60,95.45,8317.50,50.0
2026-08-19 17:42:44,ZONE_A,28.77,86.00,1000.61,95.41,8710.83,43.0
2026-08-19 17:42:46,ZONE_A,28.77,86.00,1000.62,95.33,9000.83,53.0
2026-08-19 17:42:48,ZONE_A,28.74,86.00,1000.63,95.22,9975.00,51.0
2026-08-19 17:42:50,ZONE_A,28.74,86.00,1000.66,94.95,9328.33,66.0
2026-08-19 17:42:52,ZONE_A,28.72,86.00,1000.61,95.39,9075.83,59.0
2026-08-19 17:42:54,ZONE_A,28.71,86.00,1000.63,95.21,8344.17,54.0
2026-08-19 17:42:56,ZONE_A,28.70,86.00,1000.63,95.21,8870.00,56.0
2026-08-19 17:42:58,ZONE_A,28.68,86.00,1000.60,95.45,8655.00,57.0
2026-08-19 17:43:00,ZONE_A,28.70,86.00,1000.64,95.11,8810.00,57.0
2026-08-19 17:43:02,ZONE_A,28.69,86.00,1000.67,94.84,8919.17,59.0
2026-08-19 17:43:04,ZONE_A,28.68,86.00,1000.63,95.22,9273.33,56.0
2026-08-19 17:43:06,ZONE_A,28.67,86.00,1000.66,94.97,8712.50,44.0
2026-08-19 17:43:08,ZONE_A,28.68,86.00,1000.66,94.98,8569.17,63.0
2026-08-19 17:43:10,ZONE_A,28.69,86.00,1000.67,94.86,7528.33,55.0
2026-08-19 17:43:12,ZONE_A,28.68,86.00,1000.68,94.79,7953.33,30.0
2026-08-19 17:43:14,ZONE_A,28.67,86.00,1000.64,95.12,7395.00,50.0
2026-08-19 17:43:16,ZONE_A,28.66,86.00,1000.66,94.99,7651.67,53.0
2026-08-19 17:43:18,ZONE_A,28.65,86.00,1000.66,94.99,6070.83,48.0
2026-08-19 17:43:20,ZONE_A,28.62,86.00,1000.65,95.04,8273.33,48.0
2026-08-19 17:43:22,ZONE_A,28.61,86.00,1000.65,95.09,10304.17,44.0
2026-08-19 17:43:24,ZONE_A,28.62,86.00,1000.64,95.09,9763.33,61.0
2026-08-19 17:43:26,ZONE_A,28.64,87.00,1000.62,95.29,5382.50,36.0
2026-08-19 17:43:28,ZONE_A,28.66,86.00,1000.64,95.17,7086.67,57.0
2026-08-19 17:43:30,ZONE_A,28.67,86.00,1000.62,95.31,8073.33,58.0
2026-08-19 17:43:32,ZONE_A,28.70,86.00,1000.67,94.85,7546.67,59.0
2026-08-19 17:43:34,ZONE_A,28.70,87.00,1000.67,94.84,7973.33,50.0
2026-08-19 17:43:36,ZONE_A,28.72,86.00,1000.68,94.79,8338.33,55.0
2026-08-19 17:43:38,ZONE_A,28.73,86.00,1000.68,94.77,7492.50,51.0
2026-08-19 17:43:40,ZONE_A,28.72,87.00,1000.64,95.15,7015.83,57.0
2026-08-19 17:43:42,ZONE_A,28.74,87.00,1000.65,95.07,6480.00,51.0
2026-08-19 17:43:44,ZONE_A,28.75,86.00,1000.68,94.83,6997.50,56.0
2026-08-19 17:43:46,ZONE_A,28.75,86.00,1000.65,95.00,6433.33,61.0
2026-08-19 17:43:48,ZONE_A,28.74,87.00,1000.67,94.86,6308.33,57.0
2026-08-19 17:43:50,ZONE_A,28.70,87.00,1000.67,94.85,6322.50,54.0
2026-08-19 17:43:52,ZONE_A,28.70,87.00,1000.66,94.95,6411.67,71.0
2026-08-19 17:43:54,ZONE_A,28.68,87.00,1000.65,95.07,6480.00,43.0
2026-08-19 17:43:56,ZONE_A,28.66,87.00,1000.65,95.06,6539.17,58.0
2026-08-19 17:43:58,ZONE_A,28.64,87.00,1000.59,95.54,6589.17,56.0
2026-08-19 17:44:00,ZONE_A,28.64,87.00,1000.63,95.24,7497.50,58.0
2026-08-19 17:44:02,ZONE_A,28.65,87.00,1000.64,95.09,7652.50,62.0
2026-08-19 17:44:04,ZONE_A,28.67,86.00,1000.61,95.36,7877.50,54.0
2026-08-19 17:44:06,ZONE_A,28.71,86.00,1000.68,94.80,7590.83,53.0
2026-08-19 17:44:08,ZONE_A,28.72,86.00,1000.64,95.13,7438.33,66.0
2026-08-19 17:44:10,ZONE_A,28.76,86.00,1000.66,94.96,7520.00,53.0
2026-08-19 17:44:12,ZONE_A,28.77,87.00,1000.68,94.79,7607.50,56.0
2026-08-19 17:44:14,ZONE_A,28.79,87.00,1000.67,94.87,7625.00,47.0
2026-08-19 17:44:16,ZONE_A,28.82,87.00,1000.70,94.67,7579.17,44.0
2026-08-19 17:44:18,ZONE_A,28.84,87.00,1000.69,94.74,7664.17,71.0
2026-08-19 17:44:20,ZONE_A,28.86,87.00,1000.67,94.84,7626.67,50.0
2026-08-19 17:44:22,ZONE_A,28.87,87.00,1000.68,94.78,7623.33,64.0
2026-08-19 17:44:24,ZONE_A,28.89,87.00,1000.71,94.53,7538.33,53.0
2026-08-19 17:44:26,ZONE_A,28.90,87.00,1000.69,94.70,7330.83,54.0
2026-08-19 17:44:28,ZONE_A,28.91,87.00,1000.67,94.84,6148.33,56.0
2026-08-19 17:44:30,ZONE_A,28.91,87.00,1000.69,94.73,6254.17,57.0
2026-08-19 17:44:32,ZONE_A,28.90,87.00,1000.67,94.84,6301.67,51.0
2026-08-19 17:44:34,ZONE_A,28.91,87.00,1000.67,94.85,6198.33,49.0
2026-08-19 17:44:36,ZONE_A,28.93,87.00,1000.69,94.72,6200.00,56.0
2026-08-19 17:44:38,ZONE_A,28.95,87.00,1000.69,94.72,6381.67,59.0
2026-08-19 17:44:40,ZONE_A,28.97,87.00,1000.71,94.53,6129.17,65.0
2026-08-19 17:44:42,ZONE_A,28.97,87.00,1000.70,94.59,6220.83,56.0
2026-08-19 17:44:44,ZONE_A,28.97,87.00,1000.69,94.75,5982.50,49.0
2026-08-19 17:44:46,ZONE_A,28.96,87.00,1000.71,94.53,5891.67,62.0
2026-08-19 17:44:48,ZONE_A,28.95,87.00,1000.68,94.77,6072.50,62.0
2026-08-19 17:44:50,ZONE_A,28.95,86.00,1000.71,94.55,6350.83,67.0
2026-08-19 17:44:52,ZONE_A,28.96,86.00,1000.73,94.38,6620.00,54.0
2026-08-19 17:44:54,ZONE_A,28.95,86.00,1000.72,94.49,6539.17,57.0
2026-08-19 17:44:56,ZONE_A,28.97,86.00,1000.72,94.49,6533.33,58.0
2026-08-19 17:44:58,ZONE_A,28.98,86.00,1000.71,94.57,6612.50,54.0
2026-08-19 17:45:00,ZONE_A,28.98,86.00,1000.72,94.47,6701.67,62.0
2026-08-19 17:45:02,ZONE_A,28.98,86.00,1000.73,94.37,6447.50,55.0
2026-08-19 17:45:04,ZONE_A,28.98,86.00,1000.72,94.47,6440.00,53.0
2026-08-19 17:45:06,ZONE_A,28.98,86.00,1000.73,94.38,6491.67,48.0
2026-08-19 17:45:08,ZONE_A,28.97,86.00,1000.68,94.77,6733.33,50.0
2026-08-19 17:45:10,ZONE_A,28.98,86.00,1000.68,94.82,6720.00,54.0
2026-08-19 17:45:12,ZONE_A,28.98,86.00,1000.70,94.59,6612.50,64.0
2026-08-19 17:45:14,ZONE_A,28.98,86.00,1000.71,94.52,6610.83,63.0
2026-08-19 17:45:16,ZONE_A,28.97,86.00,1000.69,94.72,6587.50,65.0
2026-08-19 17:45:18,ZONE_A,28.98,86.00,1000.70,94.63,6620.83,49.0
2026-08-19 17:45:20,ZONE_A,28.96,86.00,1000.70,94.65,6710.83,43.0
2026-08-19 17:45:22,ZONE_A,28.97,86.00,1000.73,94.36,6652.50,52.0
2026-08-19 17:45:24,ZONE_A,28.96,86.00,1000.68,94.78,6682.50,54.0
2026-08-19 17:45:26,ZONE_A,28.93,86.00,1000.70,94.65,6645.00,56.0
2026-08-19 17:45:28,ZONE_A,28.91,86.00,1000.74,94.31,6846.67,55.0
2026-08-19 17:45:30,ZONE_A,28.91,86.00,1000.71,94.52,6755.00,50.0
2026-08-19 17:45:32,ZONE_A,28.88,86.00,1000.76,94.16,7635.00,37.0
2026-08-19 17:45:34,ZONE_A,28.87,86.00,1000.69,94.71,6285.00,48.0
2026-08-19 17:45:36,ZONE_A,28.87,86.00,1000.72,94.47,6915.00,61.0
2026-08-19 17:45:38,ZONE_A,28.84,86.00,1000.67,94.87,6751.67,57.0
2026-08-19 17:45:40,ZONE_A,28.82,85.00,1000.67,94.92,6310.00,53.0
2026-08-19 17:45:42,ZONE_A,28.79,85.00,1000.66,94.93,5856.67,57.0
2026-08-19 17:45:44,ZONE_A,28.81,85.00,1000.69,94.77,7565.83,55.0
2026-08-19 17:45:46,ZONE_A,28.81,85.00,1000.68,94.81,7088.33,58.0
2026-08-19 17:45:48,ZONE_A,28.83,85.00,1000.71,94.53,7338.33,57.0
2026-08-19 17:45:50,ZONE_A,28.84,85.00,1000.69,94.68,7336.67,45.0
2026-08-19 17:45:52,ZONE_A,28.82,85.00,1000.75,94.19,7696.67,53.0
2026-08-19 17:45:54,ZONE_A,28.80,85.00,1000.74,94.26,7940.00,53.0
2026-08-19 17:45:56,ZONE_A,28.79,85.00,1000.69,94.69,8614.17,30.0
2026-08-19 17:45:58,ZONE_A,28.79,85.00,1000.72,94.42,8750.00,52.0
2026-08-19 17:46:00,ZONE_A,28.78,85.00,1000.77,94.07,8784.17,54.0
2026-08-19 17:46:02,ZONE_A,28.78,85.00,1000.75,94.22,8167.50,55.0
2026-08-19 17:46:04,ZONE_A,28.77,86.00,1000.72,94.48,6945.00,57.0
2026-08-19 17:46:06,ZONE_A,28.79,86.00,1000.73,94.36,7170.83,55.0
2026-08-19 17:46:08,ZONE_A,28.79,86.00,1000.74,94.31,7911.67,58.0
2026-08-19 17:46:10,ZONE_A,28.79,86.00,1000.73,94.40,7163.33,60.0
2026-08-19 17:46:12,ZONE_A,28.80,86.00,1000.76,94.11,6825.83,60.0
2026-08-19 17:46:14,ZONE_A,28.79,86.00,1000.73,94.34,6819.17,54.0
2026-08-19 17:46:16,ZONE_A,28.79,86.00,1000.74,94.28,6925.83,55.0
2026-08-19 17:46:18,ZONE_A,28.78,86.00,1000.71,94.51,7096.67,61.0
2026-08-19 17:46:20,ZONE_A,28.77,86.00,1000.72,94.44,7069.17,57.0
2026-08-19 17:46:22,ZONE_A,28.77,86.00,1000.71,94.56,7378.33,75.0
2026-08-19 17:46:24,ZONE_A,28.76,86.00,1000.71,94.56,7520.00,54.0
2026-08-19 17:46:26,ZONE_A,28.77,86.00,1000.76,94.15,7658.33,50.0
2026-08-19 17:46:28,ZONE_A,28.78,86.00,1000.73,94.39,7173.33,57.0
2026-08-19 17:46:30,ZONE_A,28.79,86.00,1000.72,94.46,7365.00,47.0
2026-08-19 17:46:32,ZONE_A,28.78,86.00,1000.75,94.22,7537.50,59.0
2026-08-19 17:46:34,ZONE_A,28.79,86.00,1000.74,94.27,8796.67,51.0
2026-08-19 17:46:36,ZONE_A,28.82,86.00,1000.78,93.95,8486.67,54.0
2026-08-19 17:46:38,ZONE_A,28.80,86.00,1000.76,94.13,5252.50,60.0
2026-08-19 17:46:40,ZONE_A,28.82,87.00,1000.75,94.17,4185.00,52.0
2026-08-19 17:46:42,ZONE_A,28.80,87.00,1000.75,94.22,5137.50,45.0
2026-08-19 17:46:44,ZONE_A,28.79,87.00,1000.74,94.26,4077.50,53.0
2026-08-19 17:46:46,ZONE_A,28.79,87.00,1000.80,93.78,10011.67,58.0
2026-08-19 17:46:48,ZONE_A,28.75,87.00,1000.79,93.88,10089.17,55.0
2026-08-19 17:46:50,ZONE_A,28.75,87.00,1000.74,94.29,10012.50,67.0
2026-08-19 17:46:52,ZONE_A,28.77,87.00,1000.78,93.97,10267.50,67.0
2026-08-19 17:46:54,ZONE_A,28.77,87.00,1000.73,94.33,10225.00,58.0
2026-08-19 17:46:56,ZONE_A,28.79,87.00,1000.77,94.00,10725.83,64.0
2026-08-19 17:46:58,ZONE_A,28.79,87.00,1000.77,94.01,10711.67,44.0
2026-08-19 17:47:00,ZONE_A,28.77,87.00,1000.78,93.94,10760.00,45.0
2026-08-19 17:47:02,ZONE_A,28.77,87.00,1000.80,93.74,10770.83,61.0
2026-08-19 17:47:04,ZONE_A,28.70,87.00,1000.77,94.04,10630.83,60.0
2026-08-19 17:47:06,ZONE_A,28.69,87.00,1000.76,94.08,7620.00,64.0
2026-08-19 17:47:08,ZONE_A,28.65,87.00,1000.79,93.89,7415.00,60.0
2026-08-19 17:47:10,ZONE_A,28.67,87.00,1000.74,94.26,7430.00,64.0
2026-08-19 17:47:12,ZONE_A,28.68,87.00,1000.73,94.37,5737.50,57.0
2026-08-19 17:47:14,ZONE_A,28.69,87.00,1000.72,94.47,3876.67,57.0
2026-08-19 17:47:16,ZONE_A,28.71,87.00,1000.78,93.96,6477.50,45.0
2026-08-19 17:47:18,ZONE_A,28.74,87.00,1000.76,94.15,6964.17,54.0
2026-08-19 17:47:20,ZONE_A,28.74,87.00,1000.76,94.08,7497.50,58.0
2026-08-19 17:47:22,ZONE_A,28.76,87.00,1000.73,94.39,7032.50,46.0
2026-08-19 17:47:24,ZONE_A,28.77,87.00,1000.72,94.47,7072.50,53.0
2026-08-19 17:47:26,ZONE_A,28.76,87.00,1000.72,94.46,7339.17,66.0
2026-08-19 17:47:28,ZONE_A,28.78,87.00,1000.72,94.42,8006.67,57.0
2026-08-19 17:47:30,ZONE_A,28.75,87.00,1000.69,94.71,8106.67,58.0
2026-08-19 17:47:32,ZONE_A,28.74,87.00,1000.68,94.83,9646.67,67.0
2026-08-19 17:47:34,ZONE_A,28.76,87.00,1000.68,94.82,8558.33,59.0
2026-08-19 17:47:36,ZONE_A,28.78,87.00,1000.70,94.59,6766.67,65.0
2026-08-19 17:47:38,ZONE_A,28.78,87.00,1000.70,94.62,6857.50,61.0
2026-08-19 17:47:40,ZONE_A,28.80,87.00,1000.73,94.43,7011.67,59.0
2026-08-19 17:47:42,ZONE_A,28.81,87.00,1000.71,94.52,7100.00,55.0
2026-08-19 17:47:44,ZONE_A,28.80,87.00,1000.64,95.14,7031.67,65.0
2026-08-19 17:47:46,ZONE_A,28.80,87.00,1000.67,94.90,7085.00,52.0
2026-08-19 17:47:48,ZONE_A,28.77,87.00,1000.66,94.96,7241.67,57.0
2026-08-19 17:47:50,ZONE_A,28.77,87.00,1000.68,94.80,7276.67,55.0
2026-08-19 17:47:52,ZONE_A,28.78,87.00,1000.70,94.59,7168.33,59.0
2026-08-19 17:47:54,ZONE_A,28.78,87.00,1000.68,94.82,6930.83,56.0
2026-08-19 17:47:56,ZONE_A,28.78,86.00,1000.69,94.71,6664.17,51.0
2026-08-19 17:47:58,ZONE_A,28.79,87.00,1000.68,94.82,7151.67,56.0
2026-08-19 17:48:00,ZONE_A,28.78,86.00,1000.71,94.54,6820.83,59.0
2026-08-19 17:48:02,ZONE_A,28.78,86.00,1000.69,94.71,6904.17,36.0
2026-08-19 17:48:04,ZONE_A,28.76,86.00,1000.71,94.52,6922.50,55.0
2026-08-19 17:48:06,ZONE_A,28.76,87.00,1000.70,94.64,6074.17,42.0
2026-08-19 17:48:08,ZONE_A,28.73,87.00,1000.63,95.21,5752.50,48.0
2026-08-19 17:48:10,ZONE_A,28.74,87.00,1000.64,95.13,5094.17,58.0
2026-08-19 17:48:12,ZONE_A,28.75,87.00,1000.61,95.38,2599.17,59.0
2026-08-19 17:48:14,ZONE_A,28.75,87.00,1000.58,95.66,1110.83,59.0
2026-08-19 17:48:16,ZONE_A,28.75,87.00,1000.60,95.48,1715.83,51.0
2026-08-19 17:48:18,ZONE_A,28.77,87.00,1000.56,95.82,4729.17,62.0
2026-08-19 17:48:20,ZONE_A,28.79,87.00,1000.55,95.84,6027.50,55.0
2026-08-19 17:48:22,ZONE_A,28.81,87.00,1000.53,96.08,8109.17,67.0
2026-08-19 17:48:24,ZONE_A,28.82,87.00,1000.55,95.88,8066.67,56.0
2026-08-19 17:48:26,ZONE_A,28.84,87.00,1000.52,96.11,7497.50,65.0
2026-08-19 17:48:28,ZONE_A,28.87,87.00,1000.55,95.85,6574.17,38.0
2026-08-19 17:48:30,ZONE_A,28.87,87.00,1000.52,96.12,5810.00,55.0
2026-08-19 17:48:32,ZONE_A,28.88,87.00,1000.53,96.02,6630.00,45.0
2026-08-19 17:48:34,ZONE_A,28.89,87.00,1000.53,96.03,7440.00,63.0
2026-08-19 17:48:36,ZONE_A,28.90,87.00,1000.54,96.01,7635.83,55.0
2026-08-19 17:48:38,ZONE_A,28.93,87.00,1000.55,96.20,7707.50,67.0
2026-08-19 17:48:40,ZONE_A,28.95,87.00,1000.55,95.87,7796.67,51.0
2026-08-19 17:48:42,ZONE_A,28.96,87.00,1000.55,95.92,8013.33,49.0
2026-08-19 17:48:44,ZONE_A,28.98,87.00,1000.54,95.95,7930.00,52.0
2026-08-19 17:48:46,ZONE_A,28.99,87.00,1000.57,95.70,7973.33,58.0
2026-08-19 17:48:48,ZONE_A,29.01,87.00,1000.54,95.97,7968.33,59.0
2026-08-19 17:48:50,ZONE_A,29.04,87.00,1000.56,95.78,7876.67,62.0
2026-08-19 17:48:52,ZONE_A,29.04,87.00,1000.53,96.03,8366.67,60.0
2026-08-19 17:48:54,ZONE_A,29.05,87.00,1000.54,95.98,8454.17,37.0
2026-08-19 17:48:56,ZONE_A,29.05,87.00,1000.54,96.00,7552.50,58.0
2026-08-19 17:48:58,ZONE_A,29.06,87.00,1000.53,96.06,7247.50,52.0
2026-08-19 17:49:00,ZONE_A,29.07,87.00,1000.52,96.11,7005.00,52.0
2026-08-19 17:49:02,ZONE_A,29.04,87.00,1000.52,96.18,7170.83,63.0
2026-08-19 17:49:04,ZONE_A,29.03,87.00,1000.52,96.13,7434.17,50.0
2026-08-19 17:49:06,ZONE_A,29.04,87.00,1000.52,96.16,7792.50,60.0
2026-08-19 17:49:08,ZONE_A,29.05,87.00,1000.52,96.15,7992.50,44.0
2026-08-19 17:49:10,ZONE_A,29.09,87.00,1000.52,96.12,8230.00,55.0
2026-08-19 17:49:12,ZONE_A,29.10,87.00,1000.52,96.18,8173.33,57.0
2026-08-19 17:49:14,ZONE_A,29.11,87.00,1000.53,96.04,8005.83,62.0
2026-08-19 17:49:16,ZONE_A,29.11,87.00,1000.53,96.09,8393.33,58.0
2026-08-19 17:49:18,ZONE_A,29.12,87.00,1000.54,95.98,7876.67,54.0
2026-08-19 17:49:20,ZONE_A,29.12,87.00,1000.50,96.12,8111.67,51.0
2026-08-19 17:49:22,ZONE_A,29.15,87.00,1000.50,96.31,8186.67,61.0
2026-08-19 17:49:24,ZONE_A,29.14,86.00,1000.56,95.84,7929.17,59.0
2026-08-19 17:49:26,ZONE_A,29.13,86.00,1000.54,96.01,7475.83,63.0
2026-08-19 17:49:28,ZONE_A,29.13,86.00,1000.58,95.62,7365.00,60.0
2026-08-19 17:49:30,ZONE_A,29.14,86.00,1000.54,95.97,7660.83,67.0
2026-08-19 17:49:32,ZONE_A,29.14,86.00,1000.53,96.04,7577.50,57.0
2026-08-19 17:49:34,ZONE_A,29.19,86.00,1000.52,96.10,7191.67,62.0
2026-08-19 17:49:36,ZONE_A,29.21,86.00,1000.51,96.20,7327.50,52.0
2026-08-19 17:49:38,ZONE_A,29.22,86.00,1000.49,96.40,7125.83,67.0
2026-08-19 17:49:40,ZONE_A,29.24,86.00,1000.53,96.08,6870.83,57.0
2026-08-19 17:49:42,ZONE_A,29.26,86.00,1000.54,96.00,7010.00,58.0
2026-08-19 17:49:44,ZONE_A,29.28,86.00,1000.52,96.14,7001.67,45.0
2026-08-19 17:49:46,ZONE_A,29.29,86.00,1000.53,96.06,7090.83,57.0
2026-08-19 17:49:48,ZONE_A,29.32,86.00,1000.51,96.19,7099.17,58.0
2026-08-19 17:49:50,ZONE_A,29.34,86.00,1000.52,96.18,7012.50,59.0
2026-08-19 17:49:52,ZONE_A,29.35,86.00,1000.54,95.98,7049.17,58.0
2026-08-19 17:49:54,ZONE_A,29.37,86.00,1000.54,96.11,6693.33,56.0
2026-08-19 17:49:56,ZONE_A,29.38,86.00,1000.53,96.04,6452.50,57.0
2026-08-19 17:49:58,ZONE_A,29.38,86.00,1000.52,96.13,7100.83,67.0
2026-08-19 17:50:00,ZONE_A,29.37,86.00,1000.54,95.94,7028.33,61.0
2026-08-19 17:50:02,ZONE_A,29.36,86.00,1000.53,96.06,6906.67,63.0
2026-08-19 17:50:04,ZONE_A,29.38,86.00,1000.51,96.18,7194.17,61.0
2026-08-19 17:50:06,ZONE_A,29.39,86.00,1000.53,96.04,7264.17,55.0
2026-08-19 17:50:08,ZONE_A,29.38,86.00,1000.53,96.02,5968.33,55.0
2026-08-19 17:50:10,ZONE_A,29.40,86.00,1000.52,96.11,4288.33,58.0
2026-08-19 17:50:12,ZONE_A,29.42,86.00,1000.56,95.77,6237.50,52.0
2026-08-19 17:50:14,ZONE_A,29.43,86.00,1000.57,95.71,6388.33,60.0
2026-08-19 17:50:16,ZONE_A,29.41,86.00,1000.57,95.75,5999.17,52.0
2026-08-19 17:50:18,ZONE_A,29.39,86.00,1000.57,95.74,5840.00,51.0
2026-08-19 17:50:20,ZONE_A,29.35,86.00,1000.56,95.81,5747.50,59.0
2026-08-19 17:50:22,ZONE_A,29.33,86.00,1000.59,95.55,5993.33,54.0
2026-08-19 17:50:24,ZONE_A,29.32,86.00,1000.56,95.84,5546.67,60.0
2026-08-19 17:50:26,ZONE_A,29.27,86.00,1000.54,95.99,6019.17,59.0
2026-08-19 17:50:28,ZONE_A,29.27,86.00,1000.54,96.00,5982.50,58.0
2026-08-19 17:50:30,ZONE_A,29.26,86.00,1000.53,96.08,6241.67,51.0
2026-08-19 17:50:32,ZONE_A,29.27,86.00,1000.49,96.42,5303.33,58.0
2026-08-19 17:50:34,ZONE_A,29.27,86.00,1000.50,96.28,5618.33,70.0
2026-08-19 17:50:36,ZONE_A,29.28,86.00,1000.54,95.97,5821.67,53.0
2026-08-19 17:50:38,ZONE_A,29.29,85.00,1000.50,96.31,5850.00,65.0
2026-08-19 17:50:40,ZONE_A,29.27,85.00,1000.51,96.21,5965.00,45.0
2026-08-19 17:50:42,ZONE_A,29.26,85.00,1000.52,96.12,5918.33,55.0
2026-08-19 17:50:44,ZONE_A,29.19,85.00,1000.50,96.30,5905.83,51.0
2026-08-19 17:50:46,ZONE_A,29.11,85.00,1000.48,96.47,5985.83,57.0
2026-08-19 17:50:48,ZONE_A,29.10,85.00,1000.46,96.61,5985.83,55.0
2026-08-19 17:50:50,ZONE_A,29.06,85.00,1000.53,96.05,5982.50,62.0
2026-08-19 17:50:52,ZONE_A,29.05,85.00,1000.49,96.39,5970.00,54.0
2026-08-19 17:50:54,ZONE_A,29.06,85.00,1000.49,96.39,5870.83,68.0
2026-08-19 17:50:56,ZONE_A,29.05,85.00,1000.48,96.49,5869.17,66.0
2026-08-19 17:50:58,ZONE_A,28.98,85.00,1000.54,96.12,5830.00,59.0
2026-08-19 17:51:00,ZONE_A,28.95,85.00,1000.51,96.20,5818.33,66.0
2026-08-19 17:51:02,ZONE_A,28.91,85.00,1000.48,96.44,5813.33,62.0
2026-08-19 17:51:04,ZONE_A,28.91,85.00,1000.51,96.19,4195.00,57.0
2026-08-19 17:51:06,ZONE_A,28.93,85.00,1000.51,96.25,4145.00,71.0
2026-08-19 17:51:08,ZONE_A,28.93,85.00,1000.50,96.34,4188.33,57.0
2026-08-19 17:51:10,ZONE_A,28.95,85.00,1000.49,96.37,4626.67,57.0
2026-08-19 17:51:12,ZONE_A,28.98,85.00,1000.50,96.31,4643.33,50.0
2026-08-19 17:51:14,ZONE_A,29.03,85.00,1000.46,96.61,4569.17,57.0
2026-08-19 17:51:16,ZONE_A,29.04,85.00,1000.37,97.36,4598.33,52.0
2026-08-19 17:51:18,ZONE_A,29.03,85.00,1000.46,96.62,4643.33,62.0
2026-08-19 17:51:20,ZONE_A,29.04,85.00,1000.41,97.02,4645.83,56.0
2026-08-19 17:51:22,ZONE_A,29.09,85.00,1000.45,96.71,4615.83,60.0
2026-08-19 17:51:24,ZONE_A,29.13,85.00,1000.47,96.60,4876.67,41.0
2026-08-19 17:51:26,ZONE_A,29.18,85.00,1000.43,96.88,4904.17,49.0
2026-08-19 17:51:28,ZONE_A,29.16,85.00,1000.47,96.58,4521.67,59.0
2026-08-19 17:51:30,ZONE_A,29.16,86.00,1000.49,96.37,4630.00,35.0
2026-08-19 17:51:32,ZONE_A,29.16,86.00,1000.50,96.30,5046.67,58.0
2026-08-19 17:51:34,ZONE_A,29.14,86.00,1000.46,96.64,5511.67,62.0
2026-08-19 17:51:36,ZONE_A,29.11,86.00,1000.51,96.25,5760.00,60.0
2026-08-19 17:51:38,ZONE_A,29.09,86.00,1000.49,96.42,5775.83,52.0
2026-08-19 17:51:40,ZONE_A,29.10,86.00,1000.50,96.51,5771.67,45.0
2026-08-19 17:51:42,ZONE_A,29.09,86.00,1000.47,96.60,5736.67,64.0
2026-08-19 17:51:44,ZONE_A,29.08,86.00,1000.50,96.32,6369.17,56.0
2026-08-19 17:51:46,ZONE_A,29.08,86.00,1000.44,96.78,5315.83,62.0
2026-08-19 17:51:48,ZONE_A,29.09,86.00,1000.48,96.50,4537.50,61.0
2026-08-19 17:51:50,ZONE_A,29.10,86.00,1000.51,96.20,5038.33,68.0
2026-08-19 17:51:52,ZONE_A,29.09,86.00,1000.50,96.32,4552.50,55.0
2026-08-19 17:51:54,ZONE_A,29.09,86.00,1000.47,96.53,5063.33,54.0
2026-08-19 17:51:56,ZONE_A,29.09,86.00,1000.48,96.47,5148.33,45.0
2026-08-19 17:51:58,ZONE_A,29.10,86.00,1000.45,96.70,5313.33,57.0
2026-08-19 17:52:00,ZONE_A,29.10,86.00,1000.50,96.32,4719.17,57.0
2026-08-19 17:52:02,ZONE_A,29.11,86.00,1000.48,96.45,5235.00,41.0
2026-08-19 17:52:04,ZONE_A,29.11,86.00,1000.44,96.82,4957.50,56.0
2026-08-19 17:52:06,ZONE_A,29.13,86.00,1000.44,96.77,5293.33,73.0
2026-08-19 17:52:08,ZONE_A,29.13,86.00,1000.43,96.88,4876.67,53.0
2026-08-19 17:52:10,ZONE_A,29.13,86.00,1000.43,96.92,5125.00,62.0
2026-08-19 17:52:12,ZONE_A,29.13,86.00,1000.43,96.91,5340.83,62.0
2026-08-19 17:52:14,ZONE_A,29.14,87.00,1000.45,96.76,5297.50,60.0
2026-08-19 17:52:16,ZONE_A,29.13,87.00,1000.46,96.63,6039.17,61.0
2026-08-19 17:52:18,ZONE_A,29.12,87.00,1000.42,96.93,6032.50,53.0
2026-08-19 17:52:20,ZONE_A,29.06,87.00,1000.38,97.33,6144.17,59.0
2026-08-19 17:52:22,ZONE_A,29.03,87.00,1000.41,97.09,5968.33,56.0
2026-08-19 17:52:24,ZONE_A,28.99,86.00,1000.44,96.82,5521.67,58.0
2026-08-19 17:52:26,ZONE_A,28.99,86.00,1000.42,97.01,5750.00,40.0
2026-08-19 17:52:28,ZONE_A,29.00,86.00,1000.45,96.70,6278.33,59.0
2026-08-19 17:52:30,ZONE_A,29.02,86.00,1000.42,96.96,6301.67,70.0
2026-08-19 17:52:32,ZONE_A,29.05,86.00,1000.43,96.86,6260.00,55.0
2026-08-19 17:52:34,ZONE_A,29.08,86.00,1000.47,96.60,6554.17,53.0
2026-08-19 17:52:36,ZONE_A,29.08,86.00,1000.47,96.56,6447.50,56.0
2026-08-19 17:52:38,ZONE_A,29.10,86.00,1000.50,96.32,5860.00,52.0
2026-08-19 17:52:40,ZONE_A,29.09,86.00,1000.46,96.64,5737.50,49.0
2026-08-19 17:52:42,ZONE_A,29.09,86.00,1000.44,96.84,5862.50,62.0
2026-08-19 17:52:44,ZONE_A,29.10,86.00,1000.46,96.65,6603.33,57.0
2026-08-19 17:52:46,ZONE_A,29.12,86.00,1000.47,96.57,6595.83,49.0
2026-08-19 17:52:48,ZONE_A,29.14,86.00,1000.47,96.55,6456.67,57.0
2026-08-19 17:52:50,ZONE_A,29.15,86.00,1000.46,96.62,6712.50,58.0
2026-08-19 17:52:52,ZONE_A,29.15,86.00,1000.43,96.87,5230.83,54.0
2026-08-19 17:52:54,ZONE_A,29.15,86.00,1000.44,96.81,5780.83,66.0
2026-08-19 17:52:56,ZONE_A,29.17,86.00,1000.48,96.51,5785.83,57.0
2026-08-19 17:52:58,ZONE_A,29.17,86.00,1000.45,96.73,5189.17,63.0
2026-08-19 17:53:00,ZONE_A,29.15,86.00,1000.44,96.61,5905.83,56.0
2026-08-19 17:53:02,ZONE_A,29.13,86.00,1000.44,96.83,5563.33,49.0
2026-08-19 17:53:04,ZONE_A,29.12,86.00,1000.44,96.81,5365.83,58.0
2026-08-19 17:53:06,ZONE_A,29.11,86.00,1000.43,96.90,6628.33,59.0
2026-08-19 17:53:08,ZONE_A,29.10,86.00,1000.46,96.63,5907.50,56.0
2026-08-19 17:53:10,ZONE_A,29.09,86.00,1000.45,96.70,5559.17,56.0
2026-08-19 17:53:12,ZONE_A,29.09,86.00,1000.46,96.65,5475.83,59.0
2026-08-19 17:53:14,ZONE_A,29.09,86.00,1000.48,96.50,5602.50,59.0
2026-08-19 17:53:16,ZONE_A,29.08,86.00,1000.46,96.69,5673.33,42.0
2026-08-19 17:53:18,ZONE_A,29.07,86.00,1000.46,96.63,5620.00,51.0
2026-08-19 17:53:20,ZONE_A,29.06,86.00,1000.46,96.66,5876.67,61.0
2026-08-19 17:53:22,ZONE_A,29.06,86.00,1000.46,96.69,5667.50,54.0
2026-08-19 17:53:24,ZONE_A,29.08,86.00,1000.45,96.69,5660.83,46.0
2026-08-19 17:53:26,ZONE_A,29.11,86.00,1000.47,96.57,5665.00,61.0
2026-08-19 17:53:28,ZONE_A,29.13,86.00,1000.43,96.86,5605.00,63.0
2026-08-19 17:53:30,ZONE_A,29.16,86.00,1000.46,96.65,5160.83,57.0
2026-08-19 17:53:32,ZONE_A,29.16,86.00,1000.45,96.71,5311.67,55.0
2026-08-19 17:53:34,ZONE_A,29.18,86.00,1000.46,96.93,5423.33,62.0
2026-08-19 17:53:36,ZONE_A,29.18,87.00,1000.46,96.62,6398.33,56.0
2026-08-19 17:53:38,ZONE_A,29.19,87.00,1000.44,96.80,5983.33,59.0
2026-08-19 17:53:40,ZONE_A,29.16,87.00,1000.47,96.52,5465.00,64.0
2026-08-19 17:53:42,ZONE_A,29.15,87.00,1000.46,96.68,5086.67,65.0
2026-08-19 17:53:44,ZONE_A,29.12,87.00,1000.43,96.93,4724.17,58.0
2026-08-19 17:53:46,ZONE_A,29.13,87.00,1000.44,96.80,4769.17,67.0
2026-08-19 17:53:48,ZONE_A,29.13,87.00,1000.45,96.71,5199.17,53.0
2026-08-19 17:53:50,ZONE_A,29.10,87.00,1000.44,96.85,5292.50,58.0
2026-08-19 17:53:52,ZONE_A,29.08,87.00,1000.43,96.86,4605.00,58.0
2026-08-19 17:53:54,ZONE_A,29.08,87.00,1000.45,96.72,4043.33,60.0
2026-08-19 17:53:56,ZONE_A,29.09,87.00,1000.43,96.88,4408.33,59.0
2026-08-19 17:53:58,ZONE_A,29.10,87.00,1000.43,96.88,4303.33,57.0
2026-08-19 17:54:00,ZONE_A,29.11,87.00,1000.44,96.78,4310.00,59.0
2026-08-19 17:54:02,ZONE_A,29.13,87.00,1000.44,96.85,4054.17,58.0
2026-08-19 17:54:04,ZONE_A,29.15,87.00,1000.44,96.78,6139.17,56.0
2026-08-19 17:54:06,ZONE_A,29.16,87.00,1000.42,96.94,6365.83,57.0
2026-08-19 17:54:08,ZONE_A,29.17,87.00,1000.43,96.87,6453.33,65.0
2026-08-19 17:54:10,ZONE_A,29.18,86.00,1000.44,96.81,6280.00,57.0
2026-08-19 17:54:12,ZONE_A,29.19,86.00,1000.47,96.58,6340.83,63.0
2026-08-19 17:54:14,ZONE_A,29.18,87.00,1000.48,96.44,6394.17,48.0
2026-08-19 17:54:16,ZONE_A,29.19,87.00,1000.48,96.50,6352.50,51.0
2026-08-19 17:54:18,ZONE_A,29.20,87.00,1000.49,96.43,6142.50,52.0
2026-08-19 17:54:20,ZONE_A,29.20,87.00,1000.44,96.77,5535.00,57.0
2026-08-19 17:54:22,ZONE_A,29.19,87.00,1000.46,96.62,5020.00,61.0
2026-08-19 17:54:24,ZONE_A,29.20,87.00,1000.44,96.79,3525.00,54.0
2026-08-19 17:54:26,ZONE_A,29.19,87.00,1000.43,96.92,4278.33,52.0
2026-08-19 17:54:28,ZONE_A,29.18,87.00,1000.45,96.77,4283.33,58.0
2026-08-19 17:54:30,ZONE_A,29.17,87.00,1000.43,96.86,4216.67,56.0
2026-08-19 17:54:32,ZONE_A,29.16,86.00,1000.46,96.65,4297.50,56.0
2026-08-19 17:54:34,ZONE_A,29.15,86.00,1000.43,96.87,4068.33,50.0
2026-08-19 17:54:36,ZONE_A,29.15,86.00,1000.46,96.64,4038.33,53.0
2026-08-19 17:54:38,ZONE_A,29.14,86.00,1000.45,96.75,3555.83,48.0
2026-08-19 17:54:40,ZONE_A,29.15,86.00,1000.43,96.92,3833.33,52.0
2026-08-19 17:54:42,ZONE_A,29.14,86.00,1000.47,96.60,4060.83,56.0
2026-08-19 17:54:44,ZONE_A,29.14,86.00,1000.45,96.72,6053.33,55.0
2026-08-19 17:54:46,ZONE_A,29.13,86.00,1000.43,96.88,6129.17,65.0
2026-08-19 17:54:48,ZONE_A,29.12,86.00,1000.43,96.91,5453.33,63.0
2026-08-19 17:54:50,ZONE_A,29.10,86.00,1000.47,96.60,4180.00,61.0
2026-08-19 17:54:52,ZONE_A,29.06,87.00,1000.46,96.62,4607.50,64.0
2026-08-19 17:54:54,ZONE_A,29.02,87.00,1000.46,96.61,4240.83,55.0
2026-08-19 17:54:56,ZONE_A,28.98,86.00,1000.43,96.93,4626.67,57.0
2026-08-19 17:54:58,ZONE_A,28.92,86.00,1000.44,96.79,4683.33,59.0
2026-08-19 17:55:00,ZONE_A,28.88,86.00,1000.45,96.72,5270.83,57.0
2026-08-19 17:55:02,ZONE_A,28.88,86.00,1000.42,96.95,4801.67,62.0
2026-08-19 17:55:04,ZONE_A,28.87,86.00,1000.46,96.65,5425.00,50.0
2026-08-19 17:55:06,ZONE_A,28.87,86.00,1000.45,96.73,5639.17,52.0
2026-08-19 17:55:08,ZONE_A,28.88,86.00,1000.46,96.64,5338.33,53.0
2026-08-19 17:55:10,ZONE_A,28.90,86.00,1000.49,96.36,5402.50,58.0
2026-08-19 17:55:12,ZONE_A,28.91,86.00,1000.45,96.75,6174.17,58.0
2026-08-19 17:55:14,ZONE_A,28.93,86.00,1000.46,96.61,5783.33,62.0
2026-08-19 17:55:16,ZONE_A,28.94,86.00,1000.43,96.87,5497.50,68.0
2026-08-19 17:55:18,ZONE_A,28.96,86.00,1000.42,96.97,5831.67,61.0
2026-08-19 17:55:20,ZONE_A,28.95,86.00,1000.48,96.48,6384.17,60.0
2026-08-19 17:55:22,ZONE_A,28.94,86.00,1000.46,96.67,6054.17,59.0
2026-08-19 17:55:24,ZONE_A,28.95,86.00,1000.42,96.96,5005.00,56.0
2026-08-19 17:55:26,ZONE_A,28.94,86.00,1000.48,96.50,4739.17,54.0
2026-08-19 17:55:28,ZONE_A,28.95,86.00,1000.45,96.74,5037.50,62.0
2026-08-19 17:55:30,ZONE_A,28.95,86.00,1000.47,96.53,4215.00,57.0
2026-08-19 17:55:32,ZONE_A,28.96,86.00,1000.45,96.73,3876.67,67.0
2026-08-19 17:55:34,ZONE_A,28.97,86.00,1000.47,96.53,3812.50,66.0
2026-08-19 17:55:36,ZONE_A,28.97,86.00,1000.46,96.61,5048.33,57.0
2026-08-19 17:55:38,ZONE_A,28.95,86.00,1000.46,96.64,5809.17,56.0
2026-08-19 17:55:40,ZONE_A,28.94,86.00,1000.49,96.38,5295.00,46.0
2026-08-19 17:55:42,ZONE_A,28.92,86.00,1000.47,96.58,5863.33,59.0
2026-08-19 17:55:44,ZONE_A,28.88,86.00,1000.45,96.73,4824.17,56.0
2026-08-19 17:55:46,ZONE_A,28.88,87.00,1000.43,96.87,6239.17,62.0
2026-08-19 17:55:48,ZONE_A,28.89,87.00,1000.46,96.66,5240.00,58.0
2026-08-19 17:55:50,ZONE_A,28.89,87.00,1000.44,96.79,6364.17,56.0
2026-08-19 17:55:52,ZONE_A,28.88,86.00,1000.47,96.60,6774.17,69.0
2026-08-19 17:55:54,ZONE_A,28.86,86.00,1000.50,96.33,6492.50,70.0
2026-08-19 17:55:56,ZONE_A,28.86,86.00,1000.48,96.51,4856.67,49.0
2026-08-19 17:55:58,ZONE_A,28.84,86.00,1000.44,96.81,5747.50,65.0
2026-08-19 17:56:00,ZONE_A,28.85,86.00,1000.43,96.92,6701.67,54.0
2026-08-19 17:56:02,ZONE_A,28.87,86.00,1000.44,96.84,6152.50,55.0
2026-08-19 17:56:04,ZONE_A,28.88,86.00,1000.42,97.02,6965.83,63.0
2026-08-19 17:56:06,ZONE_A,28.90,87.00,1000.40,97.17,6520.00,62.0
2026-08-19 17:56:08,ZONE_A,28.92,87.00,1000.40,97.18,6433.33,58.0
2026-08-19 17:56:10,ZONE_A,28.92,87.00,1000.44,96.80,6054.17,50.0
2026-08-19 17:56:12,ZONE_A,28.92,87.00,1000.45,96.70,4281.67,55.0
2026-08-19 17:56:14,ZONE_A,28.94,87.00,1000.44,96.84,3925.83,61.0
2026-08-19 17:56:16,ZONE_A,28.95,87.00,1000.41,97.03,4425.00,59.0
2026-08-19 17:56:18,ZONE_A,28.95,87.00,1000.44,96.83,4344.17,60.0
2026-08-19 17:56:20,ZONE_A,28.88,87.00,1000.45,96.72,4922.50,45.0
2026-08-19 17:56:22,ZONE_A,28.81,87.00,1000.50,96.33,4570.00,30.0
2026-08-19 17:56:24,ZONE_A,28.75,87.00,1000.42,97.01,4792.50,55.0
2026-08-19 17:56:26,ZONE_A,28.71,87.00,1000.41,97.06,4713.33,47.0
2026-08-19 17:56:28,ZONE_A,28.70,86.00,1000.42,96.95,4555.00,62.0
2026-08-19 17:56:30,ZONE_A,28.70,86.00,1000.42,96.98,4431.67,53.0
2026-08-19 17:56:32,ZONE_A,28.71,86.00,1000.41,97.07,4539.17,52.0
2026-08-19 17:56:34,ZONE_A,28.71,86.00,1000.41,97.10,4513.33,54.0
2026-08-19 17:56:36,ZONE_A,28.71,86.00,1000.39,97.25,4500.00,63.0
2026-08-19 17:56:38,ZONE_A,28.69,86.00,1000.40,97.12,4472.50,69.0
2026-08-19 17:56:40,ZONE_A,28.69,86.00,1000.38,97.28,4403.33,64.0
2026-08-19 17:56:42,ZONE_A,28.69,86.00,1000.40,97.11,4532.50,64.0
2026-08-19 17:56:44,ZONE_A,28.71,86.00,1000.41,96.93,4406.67,56.0
2026-08-19 17:56:46,ZONE_A,28.72,86.00,1000.42,96.96,4515.83,54.0
2026-08-19 17:56:48,ZONE_A,28.73,86.00,1000.42,96.98,4720.83,46.0
2026-08-19 17:56:50,ZONE_A,28.75,86.00,1000.44,96.84,4658.33,48.0
2026-08-19 17:56:52,ZONE_A,28.73,86.00,1000.44,96.84,4769.17,60.0
2026-08-19 17:56:54,ZONE_A,28.74,86.00,1000.43,96.87,4338.33,61.0
2026-08-19 17:56:56,ZONE_A,28.73,86.00,1000.44,96.81,4572.50,51.0
2026-08-19 17:56:58,ZONE_A,28.74,86.00,1000.44,96.82,4733.33,58.0
2026-08-19 17:57:00,ZONE_A,28.73,86.00,1000.42,97.01,4618.33,63.0
2026-08-19 17:57:02,ZONE_A,28.75,86.00,1000.42,97.00,3868.33,63.0
2026-08-19 17:57:04,ZONE_A,28.74,86.00,1000.45,96.71,3919.17,48.0
2026-08-19 17:57:06,ZONE_A,28.73,86.00,1000.42,97.01,4035.00,68.0
2026-08-19 17:57:08,ZONE_A,28.71,86.00,1000.39,97.28,3960.00,43.0
2026-08-19 17:57:10,ZONE_A,28.70,86.00,1000.39,97.25,3890.83,63.0
2026-08-19 17:57:12,ZONE_A,28.69,86.00,1000.39,97.22,3860.00,64.0
2026-08-19 17:57:14,ZONE_A,28.68,86.00,1000.39,97.23,3710.83,50.0
2026-08-19 17:57:16,ZONE_A,28.69,86.00,1000.42,96.95,3614.17,64.0
2026-08-19 17:57:18,ZONE_A,28.67,86.00,1000.41,97.05,3612.50,53.0
2026-08-19 17:57:20,ZONE_A,28.70,86.00,1000.42,96.94,3584.17,55.0
2026-08-19 17:57:22,ZONE_A,28.72,86.00,1000.43,96.92,4701.67,66.0
2026-08-19 17:57:24,ZONE_A,28.72,86.00,1000.42,97.02,4755.83,61.0
2026-08-19 17:57:26,ZONE_A,28.72,86.00,1000.40,97.15,4944.17,67.0
2026-08-19 17:57:28,ZONE_A,28.71,86.00,1000.40,97.16,4834.17,58.0
2026-08-19 17:57:30,ZONE_A,28.70,86.00,1000.39,97.25,4529.17,57.0
2026-08-19 17:57:32,ZONE_A,28.73,86.00,1000.42,96.97,4635.83,58.0
2026-08-19 17:57:34,ZONE_A,28.73,86.00,1000.42,97.02,5106.67,63.0
2026-08-19 17:57:36,ZONE_A,28.72,86.00,1000.38,97.31,4608.33,60.0
2026-08-19 17:57:38,ZONE_A,28.73,86.00,1000.38,97.32,4601.67,52.0
2026-08-19 17:57:40,ZONE_A,28.71,85.00,1000.38,97.33,4514.17,61.0
2026-08-19 17:57:42,ZONE_A,28.69,85.00,1000.36,97.24,4497.50,63.0
2026-08-19 17:57:44,ZONE_A,28.71,85.00,1000.38,97.28,4368.33,55.0
2026-08-19 17:57:46,ZONE_A,28.69,85.00,1000.39,97.25,4288.33,52.0
2026-08-19 17:57:48,ZONE_A,28.66,85.00,1000.44,96.83,6763.33,56.0
2026-08-19 17:57:50,ZONE_A,28.65,85.00,1000.44,96.80,6763.33,56.0
2026-08-19 17:57:52,ZONE_A,28.68,85.00,1000.44,96.82,6781.67,58.0
2026-08-19 17:57:54,ZONE_A,28.69,85.00,1000.43,96.94,6826.67,60.0
2026-08-19 17:57:56,ZONE_A,28.68,85.00,1000.39,97.26,5145.00,53.0
2026-08-19 17:57:58,ZONE_A,28.70,85.00,1000.43,96.91,4929.17,56.0
2026-08-19 17:58:00,ZONE_A,28.70,85.00,1000.39,97.24,4915.83,59.0
2026-08-19 17:58:02,ZONE_A,28.71,85.00,1000.41,97.03,4565.83,59.0
2026-08-19 17:58:04,ZONE_A,28.72,85.00,1000.41,97.09,4614.17,56.0
2026-08-19 17:58:06,ZONE_A,28.72,85.00,1000.41,97.07,5385.83,58.0
2026-08-19 17:58:08,ZONE_A,28.75,85.00,1000.42,96.96,6415.83,50.0
2026-08-19 17:58:10,ZONE_A,28.77,85.00,1000.42,96.96,6366.67,54.0
2026-08-19 17:58:12,ZONE_A,177.20,85.00,-140.16,3333.78,54612.50,46.0
2026-08-19 17:58:14,ZONE_A,177.20,85.00,-140.16,3333.78,54612.50,56.0
2026-08-19 17:58:16,ZONE_A,177.20,85.00,-140.16,3333.78,38986.66,64.0
2026-08-19 17:58:18,ZONE_A,177.20,85.00,-140.16,3333.78,54612.50,56.0
2026-08-19 17:58:20,ZONE_A,177.20,85.00,-140.16,3333.78,54612.50,65.0
2026-08-19 17:58:22,ZONE_A,177.20,85.00,-140.16,3333.78,54612.50,58.0
2026-08-19 17:58:24,ZONE_A,177.20,85.00,-140.16,3333.78,54612.50,44.0
2026-08-19 17:58:26,ZONE_A,177.20,85.00,-140.16,3333.78,54612.50,62.0
2026-08-19 17:58:28,ZONE_A,177.20,85.00,-140.16,3333.78,54612.50,52.0
2026-08-19 17:58:30,ZONE_A,177.20,85.00,-140.16,3333.78,53280.00,47.0
2026-08-19 17:58:32,ZONE_A,177.20,85.00,-140.16,3333.78,53228.33,62.0
2026-08-19 17:58:34,ZONE_A,177.20,85.00,-140.16,3333.78,54612.50,59.0
2026-08-19 17:58:36,ZONE_A,177.20,85.00,-140.16,3333.78,54612.50,53.0
2026-08-19 17:58:38,ZONE_A,177.20,85.00,-140.16,3333.78,35946.66,57.0
2026-08-19 17:58:40,ZONE_A,177.20,85.00,-140.16,3333.78,45493.33,57.0
2026-08-19 17:58:42,ZONE_A,178.43,85.00,-140.16,3333.78,51733.33,49.0
2026-08-19 17:58:44,ZONE_A,177.20,85.00,-140.16,3333.78,45120.00,60.0
2026-08-19 17:58:46,ZONE_A,177.20,85.00,-140.16,3333.78,54612.50,54.0
2026-08-19 17:58:48,ZONE_A,177.20,85.00,-140.16,3333.78,54612.50,57.0
2026-08-19 17:58:50,ZONE_A,177.20,85.00,-140.16,3333.78,23733.33,46.0
2026-08-19 17:58:52,ZONE_A,177.20,85.00,-140.16,3333.78,54612.50,57.0
2026-08-19 17:58:54,ZONE_A,177.20,85.00,-140.16,3333.78,54612.50,63.0
2026-08-19 17:58:56,ZONE_A,177.20,85.00,-140.16,3333.78,28586.67,58.0
2026-08-19 17:58:58,ZONE_A,177.20,85.00,-140.16,3333.78,45600.00,64.0
2026-08-19 17:59:00,ZONE_A,177.20,85.00,-140.16,3333.78,54612.50,57.0
2026-08-19 17:59:02,ZONE_A,177.20,85.00,-140.16,3333.78,54612.50,45.0
2026-08-19 17:59:04,ZONE_A,177.20,85.00,-140.16,3333.78,24800.00,53.0
2026-08-19 17:59:06,ZONE_A,177.20,85.00,-140.16,3333.78,49706.66,58.0
2026-08-19 17:59:08,ZONE_A,177.20,85.00,-140.16,3333.78,49066.66,54.0
2026-08-19 17:59:10,ZONE_A,177.20,85.00,-140.16,3333.78,54612.50,54.0
2026-08-19 17:59:12,ZONE_A,177.20,85.00,-140.16,3333.78,44106.66,52.0
2026-08-19 17:59:14,ZONE_A,177.20,85.00,-140.16,3333.78,49333.33,58.0
2026-08-19 17:59:16,ZONE_A,177.20,85.00,671.05,3333.78,54612.50,45.0
2026-08-19 17:59:18,ZONE_A,177.20,85.00,671.05,3333.78,54612.50,50.0
2026-08-19 17:59:20,ZONE_A,177.20,85.00,-140.16,3333.78,54612.50,58.0
2026-08-19 17:59:22,ZONE_A,177.20,85.00,-140.16,3333.78,54612.50,53.0
2026-08-19 17:59:24,ZONE_A,177.20,85.00,-140.16,3333.78,28106.67,67.0
2026-08-19 17:59:26,ZONE_A,177.20,85.00,-140.16,3333.78,43893.33,55.0
2026-08-19 17:59:28,ZONE_A,177.20,85.00,-140.16,3333.78,54612.50,46.0
2026-08-19 17:59:30,ZONE_A,177.20,85.00,671.05,3333.78,41537.50,58.0
2026-08-19 17:59:32,ZONE_A,177.20,85.00,-140.16,3333.78,54612.50,54.0
2026-08-19 17:59:34,ZONE_A,177.20,85.00,-140.16,3333.78,54612.50,59.0
2026-08-19 17:59:36,ZONE_A,177.20,85.00,-140.16,3333.78,54612.50,56.0
2026-08-19 17:59:38,ZONE_A,177.20,85.00,-140.16,3333.78,54346.66,63.0
2026-08-19 17:59:40,ZONE_A,177.20,85.00,-140.16,3333.78,39946.66,86.0
2026-08-19 17:59:42,ZONE_A,177.20,85.00,-140.16,3333.78,54612.50,58.0
2026-08-19 17:59:44,ZONE_A,177.20,85.00,-140.16,3333.78,54612.50,55.0
2026-08-19 17:59:46,ZONE_A,177.20,85.00,-140.16,3333.78,54612.50,52.0
2026-08-19 17:59:48,ZONE_A,177.20,85.00,-140.16,3333.78,54612.50,61.0
2026-08-19 17:59:50,ZONE_A,177.20,85.00,-140.16,3333.78,54612.50,46.0
2026-08-19 17:59:52,ZONE_A,177.20,85.00,-140.16,3333.78,22506.67,62.0
2026-08-19 17:59:54,ZONE_A,177.20,85.00,-140.16,3333.78,42986.66,56.0
2026-08-19 17:59:56,ZONE_A,177.20,85.00,-140.16,3333.78,39893.33,48.0
2026-08-19 17:59:58,ZONE_A,177.20,85.00,-140.16,3333.78,54612.50,65.0
2026-08-19 18:00:00,ZONE_A,177.20,85.00,-140.16,3333.78,54612.50,61.0
2026-08-19 18:00:02,ZONE_A,177.20,85.00,-140.16,3333.78,35808.33,61.0
2026-08-19 18:00:04,ZONE_A,177.20,85.00,-140.16,3333.78,32085.83,60.0
2026-08-19 18:00:06,ZONE_A,177.20,85.00,-140.16,3333.78,35882.50,59.0
2026-08-19 18:00:08,ZONE_A,177.20,85.00,-140.16,3333.78,29504.17,68.0
2026-08-19 18:00:10,ZONE_A,177.20,85.00,-140.16,3333.78,44812.50,59.0
2026-08-19 18:00:12,ZONE_A,177.20,85.00,-140.16,3333.78,43620.83,56.0
2026-08-19 18:00:14,ZONE_A,177.20,85.00,-140.16,3333.78,39179.16,64.0
2026-08-19 18:00:16,ZONE_A,177.20,85.00,-140.16,3333.78,54612.50,55.0
2026-08-19 18:00:18,ZONE_A,177.20,85.00,-140.16,3333.78,24960.00,48.0
2026-08-19 18:00:20,ZONE_A,177.20,85.00,-140.16,3333.78,27733.33,54.0
2026-08-19 18:00:22,ZONE_A,177.20,85.00,-140.16,3333.78,28640.00,48.0
2026-08-19 18:00:24,ZONE_A,178.43,85.00,-140.16,3333.78,32748.33,50.0
2026-08-19 18:00:26,ZONE_A,177.20,85.00,-140.16,3333.78,54612.50,69.0
2026-08-19 18:00:28,ZONE_A,177.20,85.00,-140.16,3333.78,54612.50,48.0
2026-08-19 18:00:30,ZONE_A,177.20,85.00,-140.16,3333.78,17706.67,54.0
2026-08-19 18:00:32,ZONE_A,177.20,85.00,-140.16,3333.78,54612.50,67.0
2026-08-19 18:00:34,ZONE_A,177.20,86.00,-140.16,3333.78,39729.16,47.0
2026-08-19 18:00:36,ZONE_A,177.20,86.00,-140.16,3333.78,47433.33,56.0
2026-08-19 18:00:38,ZONE_A,177.20,86.00,-140.16,3333.78,53990.00,58.0
2026-08-19 18:00:40,ZONE_A,177.20,86.00,-140.16,3333.78,53290.00,57.0
2026-08-19 18:00:42,ZONE_A,177.20,86.00,-140.16,3333.78,54612.50,52.0
2026-08-19 18:00:44,ZONE_A,177.20,86.00,-140.16,3333.78,54612.50,73.0
2026-08-19 18:00:46,ZONE_A,177.20,86.00,-140.16,3333.78,46720.00,55.0
2026-08-19 18:00:48,ZONE_A,177.20,86.00,-140.16,3333.78,54188.33,73.0
2026-08-19 18:00:50,ZONE_A,177.20,86.00,-140.16,3333.78,54612.50,57.0
2026-08-19 18:00:52,ZONE_A,177.20,86.00,-140.16,3333.78,54612.50,56.0
2026-08-19 18:00:54,ZONE_A,177.20,86.00,-140.16,3333.78,53358.33,56.0
2026-08-19 18:00:56,ZONE_A,177.20,86.00,-140.16,3333.78,54612.50,57.0
2026-08-19 18:00:58,ZONE_A,177.20,86.00,-140.16,3333.78,54612.50,55.0
2026-08-19 18:01:00,ZONE_A,177.20,86.00,-140.16,3333.78,51413.33,56.0
2026-08-19 18:01:02,ZONE_A,177.20,86.00,-140.16,3333.78,32160.00,59.0
2026-08-19 18:01:04,ZONE_A,177.20,86.00,-140.16,3333.78,54612.50,55.0
2026-08-19 18:01:06,ZONE_A,177.20,86.00,-140.16,3333.78,37493.33,61.0
2026-08-19 18:01:08,ZONE_A,177.20,86.00,-140.16,3333.78,37973.33,56.0
2026-08-19 18:01:10,ZONE_A,177.20,86.00,-140.16,3333.78,54612.50,62.0
2026-08-19 18:01:12,ZONE_A,177.20,86.00,-140.16,3333.78,54612.50,57.0
2026-08-19 18:01:14,ZONE_A,177.20,86.00,-140.16,3333.78,45386.66,59.0
2026-08-19 18:01:16,ZONE_A,177.20,86.00,-140.16,3333.78,38346.66,70.0
2026-08-19 18:01:18,ZONE_A,177.20,86.00,-140.16,3333.78,36266.66,61.0
2026-08-19 18:01:20,ZONE_A,177.20,86.00,-140.16,3333.78,54612.50,56.0
2026-08-19 18:01:22,ZONE_A,177.20,86.00,-140.16,3333.78,54612.50,66.0
2026-08-19 18:01:24,ZONE_A,177.20,86.00,-140.16,3333.78,43146.66,52.0
2026-08-19 18:01:26,ZONE_A,177.20,86.00,-140.16,3333.78,34666.66,56.0
2026-08-19 18:01:28,ZONE_A,177.20,86.00,-140.16,3333.78,54612.50,53.0
2026-08-19 18:01:30,ZONE_A,178.43,86.00,-140.16,3333.78,37600.00,54.0
2026-08-19 18:01:32,ZONE_A,177.20,86.00,-140.16,3333.78,47413.33,57.0
2026-08-19 18:01:34,ZONE_A,177.20,86.00,-140.16,3333.78,37706.66,53.0
2026-08-19 18:01:36,ZONE_A,177.20,86.00,-140.16,3333.78,54612.50,66.0
2026-08-19 18:01:38,ZONE_A,177.20,86.00,-140.16,3333.78,54612.50,59.0
2026-08-19 18:01:40,ZONE_A,177.20,86.00,-140.16,3333.78,50773.33,56.0
2026-08-19 18:01:42,ZONE_A,177.20,86.00,-140.16,3333.78,40961.66,49.0
2026-08-19 18:01:44,ZONE_A,177.20,86.00,-140.16,3333.78,31200.00,47.0
2026-08-19 18:01:46,ZONE_A,177.20,86.00,-140.16,3333.78,37900.83,53.0
2026-08-19 18:01:48,ZONE_A,177.20,86.00,-140.16,3333.78,54612.50,57.0
2026-08-19 18:01:50,ZONE_A,177.20,86.00,-140.16,3333.78,34560.00,59.0
2026-08-19 18:01:52,ZONE_A,177.20,86.00,-140.16,3333.78,54612.50,51.0
2026-08-19 18:01:54,ZONE_A,177.20,87.00,-140.16,3333.78,42346.66,54.0
2026-08-19 18:01:56,ZONE_A,177.20,87.00,-140.16,3333.78,54612.50,59.0
2026-08-19 18:01:58,ZONE_A,177.20,87.00,-140.16,3333.78,45280.00,57.0
2026-08-19 18:02:00,ZONE_A,177.20,87.00,-140.16,3333.78,36213.33,49.0
2026-08-19 18:02:02,ZONE_A,177.20,87.00,-140.16,3333.78,54612.50,68.0
2026-08-19 18:02:04,ZONE_A,177.20,87.00,-140.16,3333.78,54612.50,62.0
2026-08-19 18:02:06,ZONE_A,177.20,87.00,-140.16,3333.78,51573.33,57.0
2026-08-19 18:02:08,ZONE_A,177.20,87.00,-140.16,3333.78,37813.33,61.0
2026-08-19 18:02:10,ZONE_A,177.20,87.00,-140.16,3333.78,37284.16,51.0
2026-08-19 18:02:12,ZONE_A,177.20,87.00,-140.16,3333.78,52875.83,56.0
2026-08-19 18:02:14,ZONE_A,177.20,87.00,-140.16,3333.78,38506.66,57.0
2026-08-19 18:02:16,ZONE_A,177.20,87.00,-140.16,3333.78,54612.50,55.0
2026-08-19 18:02:18,ZONE_A,177.20,87.00,-140.16,3333.78,8000.00,57.0
2026-08-19 18:02:20,ZONE_A,177.20,87.00,-140.16,3333.78,44213.33,54.0
2026-08-19 18:02:22,ZONE_A,177.20,87.00,-140.16,3333.78,37066.66,38.0
2026-08-19 18:02:24,ZONE_A,177.20,87.00,-140.16,3333.78,32266.67,58.0
2026-08-19 18:02:26,ZONE_A,177.20,87.00,-140.16,3333.78,37910.00,64.0
2026-08-19 18:02:28,ZONE_A,177.20,87.00,-140.16,3333.78,37405.00,55.0
2026-08-19 18:02:30,ZONE_A,177.20,87.00,-140.16,3333.78,38901.66,48.0
2026-08-19 18:02:32,ZONE_A,177.20,87.00,-140.16,3333.78,40350.00,55.0
2026-08-19 18:02:34,ZONE_A,177.20,87.00,-140.16,3333.78,47843.33,58.0
2026-08-19 18:02:36,ZONE_A,177.20,87.00,-140.16,3333.78,31830.00,57.0
2026-08-19 18:02:38,ZONE_A,177.20,87.00,-140.16,3333.78,54612.50,50.0
2026-08-19 18:02:40,ZONE_A,177.20,87.00,-140.16,3333.78,25761.67,58.0
2026-08-19 18:02:42,ZONE_A,16.59,87.00,-140.16,3333.78,54612.50,58.0
2026-08-19 18:02:44,ZONE_A,177.20,87.00,-140.16,3333.78,31786.67,63.0
2026-08-19 18:02:46,ZONE_A,177.20,87.00,-140.16,3333.78,35413.33,67.0
2026-08-19 18:02:48,ZONE_A,177.20,87.00,-140.16,3333.78,54612.50,30.0
2026-08-19 18:02:50,ZONE_A,177.20,87.00,-140.16,3333.78,20320.00,53.0
2026-08-19 18:02:52,ZONE_A,177.20,87.00,-140.16,3333.78,54612.50,57.0
2026-08-19 18:02:54,ZONE_A,177.20,87.00,-140.16,3333.78,25920.00,54.0
2026-08-19 18:02:56,ZONE_A,177.20,87.00,-140.16,3333.78,36640.00,58.0
2026-08-19 18:02:58,ZONE_A,177.20,87.00,-140.16,3333.78,39306.66,56.0
2026-08-19 18:03:00,ZONE_A,177.20,87.00,-140.16,3333.78,54612.50,67.0
2026-08-19 18:03:02,ZONE_A,177.20,87.00,-140.16,3333.78,13013.33,70.0
2026-08-19 18:03:04,ZONE_A,177.20,87.00,-140.16,3333.78,32213.33,54.0
2026-08-19 18:03:06,ZONE_A,177.20,87.00,-140.16,3333.78,31200.00,63.0
2026-08-19 18:03:08,ZONE_A,177.20,87.00,-140.16,3333.78,31893.33,62.0
2026-08-19 18:03:10,ZONE_A,177.20,87.00,-140.16,3333.78,41813.33,62.0
2026-08-19 18:03:12,ZONE_A,177.20,87.00,-140.16,3333.78,54612.50,61.0
2026-08-19 18:03:14,ZONE_A,177.20,87.00,-140.16,3333.78,44000.00,39.0
2026-08-19 18:03:16,ZONE_A,177.20,87.00,-140.16,3333.78,32266.67,54.0
2026-08-19 18:03:18,ZONE_A,177.20,87.00,-140.16,3333.78,30825.83,64.0
2026-08-19 18:03:20,ZONE_A,177.20,87.00,-140.16,3333.78,54612.50,58.0
2026-08-19 18:03:22,ZONE_A,177.20,87.00,-140.16,3333.78,41066.66,55.0
2026-08-19 18:03:24,ZONE_A,177.20,87.00,-140.16,3333.78,48161.66,51.0
2026-08-19 18:03:26,ZONE_A,177.20,87.00,-140.16,3333.78,30613.33,59.0
2026-08-19 18:03:28,ZONE_A,177.20,87.00,-140.16,3333.78,54612.50,56.0
2026-08-19 18:03:30,ZONE_A,177.20,87.00,-140.16,3333.78,46773.33,57.0
2026-08-19 18:03:32,ZONE_A,177.20,87.00,-140.16,3333.78,32533.33,54.0
2026-08-19 18:03:34,ZONE_A,177.20,87.00,-140.16,3333.78,54612.50,60.0
2026-08-19 18:03:36,ZONE_A,177.20,87.00,-140.16,3333.78,54612.50,53.0
2026-08-19 18:03:38,ZONE_A,177.20,87.00,-140.16,3333.78,54612.50,55.0
2026-08-19 18:03:40,ZONE_A,177.20,87.00,-140.16,3333.78,19680.00,52.0
2026-08-19 18:03:42,ZONE_A,-18.79,87.00,-140.16,3333.78,54612.50,57.0
2026-08-19 18:03:44,ZONE_A,177.20,87.00,-140.16,3333.78,20800.00,64.0
2026-08-19 18:03:46,ZONE_A,-12.28,88.00,-140.16,3333.78,34026.66,62.0
2026-08-19 18:03:48,ZONE_A,64.70,87.00,-140.16,3333.78,37866.66,55.0
2026-08-19 18:03:50,ZONE_A,177.20,88.00,-140.16,3333.78,34548.33,52.0
2026-08-19 18:03:52,ZONE_A,177.20,88.00,-140.16,3333.78,39720.00,65.0
2026-08-19 18:03:54,ZONE_A,177.20,88.00,-140.16,3333.78,37864.16,57.0
2026-08-19 18:03:56,ZONE_A,177.20,88.00,-140.16,3333.78,54612.50,58.0
2026-08-19 18:03:58,ZONE_A,177.20,88.00,-140.16,3333.78,53386.66,61.0
2026-08-19 18:04:00,ZONE_A,177.20,88.00,-140.16,3333.78,54612.50,53.0
2026-08-19 18:04:02,ZONE_A,184.66,88.00,-140.16,3333.78,20906.67,65.0
2026-08-19 18:04:04,ZONE_A,177.20,88.00,-140.16,3333.78,54612.50,48.0
2026-08-19 18:04:06,ZONE_A,177.20,88.00,-140.16,3333.78,42455.00,61.0
2026-08-19 18:04:08,ZONE_A,177.20,88.00,-140.16,3333.78,47788.33,54.0
2026-08-19 18:04:10,ZONE_A,177.20,88.00,-140.16,3333.78,36995.00,63.0
2026-08-19 18:04:12,ZONE_A,177.20,88.00,-140.16,3333.78,41330.00,62.0
2026-08-19 18:04:14,ZONE_A,177.20,88.00,-140.16,3333.78,54612.50,48.0
2026-08-19 18:04:16,ZONE_A,177.20,88.00,-140.16,3333.78,54612.50,57.0
2026-08-19 18:04:18,ZONE_A,184.66,88.00,-140.16,3333.78,54612.50,49.0
2026-08-19 18:04:20,ZONE_A,177.20,88.00,-140.16,3333.78,54612.50,47.0
2026-08-19 18:04:22,ZONE_A,177.20,89.00,-140.16,3333.78,36535.00,61.0
2026-08-19 18:04:24,ZONE_A,177.20,89.00,-140.16,3333.78,54612.50,65.0
2026-08-19 18:04:26,ZONE_A,177.20,89.00,-140.16,3333.78,54612.50,62.0
2026-08-19 18:04:28,ZONE_A,177.20,89.00,-140.16,3333.78,11893.33,53.0
2026-08-19 18:04:30,ZONE_A,177.20,89.00,-140.16,3333.78,54612.50,61.0
2026-08-19 18:04:32,ZONE_A,177.20,89.00,-140.16,3333.78,48266.66,53.0
2026-08-19 18:04:34,ZONE_A,177.20,89.00,-140.16,3333.78,39893.33,60.0
2026-08-19 18:04:36,ZONE_A,98.87,89.00,-140.16,3333.78,28215.00,62.0
2026-08-19 18:04:38,ZONE_A,177.20,89.00,-140.16,3333.78,54612.50,52.0
2026-08-19 18:04:40,ZONE_A,177.20,89.00,-140.16,3333.78,53333.33,57.0
2026-08-19 18:04:42,ZONE_A,177.20,89.00,-140.16,3333.78,42095.00,50.0
2026-08-19 18:04:44,ZONE_A,177.20,89.00,-140.16,3333.78,28800.00,56.0
2026-08-19 18:04:46,ZONE_A,177.20,89.00,-140.16,3333.78,34020.83,67.0
2026-08-19 18:04:48,ZONE_A,177.20,89.00,-140.16,3333.78,36501.66,55.0
2026-08-19 18:04:50,ZONE_A,177.20,89.00,-140.16,3333.78,36029.16,51.0
2026-08-19 18:04:52,ZONE_A,177.20,89.00,-140.16,3333.78,39679.16,59.0
2026-08-19 18:04:54,ZONE_A,177.20,89.00,-140.16,3333.78,34565.00,59.0
2026-08-19 18:04:56,ZONE_A,177.20,89.00,-140.16,3333.78,33882.50,58.0
2026-08-19 18:04:58,ZONE_A,177.20,89.00,-140.16,3333.78,32270.00,48.0
2026-08-19 18:05:00,ZONE_A,177.20,89.00,-140.16,3333.78,22988.33,59.0
2026-08-19 18:05:02,ZONE_A,177.20,89.00,-140.16,3333.78,14986.67,57.0
2026-08-19 18:05:04,ZONE_A,177.20,89.00,-140.16,3333.78,32160.00,65.0
2026-08-19 18:05:06,ZONE_A,177.20,89.00,-140.16,3333.78,34720.00,53.0
2026-08-19 18:05:08,ZONE_A,177.20,89.00,-140.16,3333.78,29228.33,49.0
2026-08-19 18:05:10,ZONE_A,177.20,89.00,-140.16,3333.78,35769.16,49.0
2026-08-19 18:05:12,ZONE_A,177.20,89.00,-140.16,3333.78,36495.83,63.0
2026-08-19 18:05:14,ZONE_A,177.20,89.00,-140.16,3333.78,48414.16,55.0
2026-08-19 18:05:16,ZONE_A,177.20,89.00,-140.16,3333.78,32825.83,56.0
2026-08-19 18:05:18,ZONE_A,177.20,89.00,-140.16,3333.78,36626.66,62.0
2026-08-19 18:05:20,ZONE_A,177.20,89.00,-140.16,3333.78,54473.33,52.0
2026-08-19 18:05:22,ZONE_A,177.20,89.00,-140.16,3333.78,54612.50,56.0
2026-08-19 18:05:24,ZONE_A,177.20,89.00,-140.16,3333.78,42080.00,57.0
2026-08-19 18:05:26,ZONE_A,177.20,89.00,-140.16,3333.78,27360.00,58.0
2026-08-19 18:05:28,ZONE_A,177.20,89.00,-140.16,3333.78,54612.50,52.0
2026-08-19 18:05:30,ZONE_A,177.20,89.00,-140.16,3333.78,13066.67,64.0
2026-08-19 18:05:32,ZONE_A,177.20,89.00,-140.16,3333.78,25226.67,68.0
2026-08-19 18:05:34,ZONE_A,177.20,89.00,-140.16,3333.78,27360.00,58.0
2026-08-19 18:05:36,ZONE_A,177.20,89.00,-140.16,3333.78,27200.00,52.0
2026-08-19 18:05:38,ZONE_A,177.20,89.00,-140.16,3333.78,31253.33,51.0
2026-08-19 18:05:40,ZONE_A,48.56,89.00,-140.16,3333.78,54612.50,44.0
2026-08-19 18:05:42,ZONE_A,177.20,89.00,-140.16,3333.78,54612.50,64.0
2026-08-19 18:05:44,ZONE_A,184.66,89.00,-140.16,3333.78,30217.50,52.0
2026-08-19 18:05:46,ZONE_A,177.20,89.00,-140.16,3333.78,36345.83,49.0
2026-08-19 18:05:48,ZONE_A,78.21,89.00,-140.16,3333.78,40469.16,66.0
2026-08-19 18:05:50,ZONE_A,177.20,89.00,-140.16,3333.78,54612.50,56.0
2026-08-19 18:05:52,ZONE_A,177.20,89.00,-140.16,3333.78,54612.50,61.0
2026-08-19 18:05:54,ZONE_A,177.20,89.00,-140.16,3333.78,45121.66,59.0
2026-08-19 18:05:56,ZONE_A,177.20,89.00,-140.16,3333.78,41600.00,65.0
2026-08-19 18:05:58,ZONE_A,108.81,89.00,-140.16,3333.78,38240.00,57.0
2026-08-19 18:06:00,ZONE_A,177.20,89.00,-140.16,3333.78,27425.00,63.0
2026-08-19 18:06:02,ZONE_A,26.27,89.00,-140.16,3333.78,54612.50,63.0
2026-08-19 18:06:04,ZONE_A,177.20,89.00,-140.16,3333.78,31575.00,62.0
2026-08-19 18:06:06,ZONE_A,177.20,89.00,-140.16,3333.78,54612.50,50.0
2026-08-19 18:06:08,ZONE_A,177.20,89.00,-140.16,3333.78,27677.50,45.0
2026-08-19 18:06:10,ZONE_A,177.20,89.00,-140.16,3333.78,26919.17,61.0
2026-08-19 18:06:12,ZONE_A,177.20,89.00,-140.16,3333.78,22501.67,55.0
2026-08-19 18:06:14,ZONE_A,177.20,89.00,-140.16,3333.78,16849.17,49.0
2026-08-19 18:06:16,ZONE_A,177.20,89.00,-140.16,3333.78,38654.16,61.0
2026-08-19 18:06:18,ZONE_A,177.20,89.00,-140.16,3333.78,24533.33,56.0
2026-08-19 18:06:20,ZONE_A,178.43,89.00,-140.16,3333.78,8960.00,65.0
2026-08-19 18:06:22,ZONE_A,178.43,89.00,-140.16,3333.78,11698.33,56.0
2026-08-19 18:06:24,ZONE_A,178.43,89.00,-140.16,3333.78,0.00,52.0
2026-08-19 18:06:26,ZONE_A,177.20,89.00,-140.16,3333.78,10720.00,54.0
2026-08-19 18:06:28,ZONE_A,177.20,89.00,-140.16,3333.78,12533.33,55.0
2026-08-19 18:06:30,ZONE_A,177.20,89.00,-140.16,3333.78,12426.67,52.0
2026-08-19 18:06:32,ZONE_A,177.20,89.00,-140.16,3333.78,12426.67,54.0
2026-08-19 18:06:34,ZONE_A,177.20,89.00,-140.16,3333.78,12106.67,57.0
